run_id,config,category,extractor,n_train,n_test,n_anomalous,patches_per_image,extract_seconds,n_cpu,gpu,method,k,vocab_seed,score_peak_gpu_mb,score_seconds,score_peak_rss_mb,bank_size,image_auroc,image_auroc_by_type,pixel_auroc,aupro,pixel_dprime,image_auroc_top1,image_auroc_top3,image_auroc_top10,image_auroc_top30,vocab_peak_gpu_mb,vocab_seconds,vocab_peak_rss_mb,empty_words,pixel_metrics_binned
p0_anomaly_3cad|Aluminum_Camera_Cover|dinov2_s|patch_knn|0|0,p0_anomaly_3cad,Aluminum_Camera_Cover,dinov2_s,784,1446,1077,1024,61.97553402799997,2,Tesla T4,patch_knn,0,0,4266.21875,355.036189961,7947.52734375,802816.0,0.9662265703436979,"{""bright shadow"": 0.9629473880945706, ""bruise"": 0.991641071966275, ""bump"": 0.9754290876242097, ""deformation"": 0.8703929539295393, ""discoloration"": 0.9862491217504767, ""overwashing"": 0.9951580849141825, ""scratche"": 0.9672086720867209, ""uneven"": 0.8822831978319783, ""watermark"": 0.9961117002474373, ""whitening"": 0.9528756398675098}",0.9303641443462497,0.8618096631157945,2.088078022003174,0.9662265703436979,0.9671701730944886,0.9661460495756305,0.9569339704539107,,,,,
p0_anomaly_3cad|Aluminum_Camera_Cover|dinov2_s|coreset_knn|64|0,p0_anomaly_3cad,Aluminum_Camera_Cover,dinov2_s,784,1446,1077,1024,61.97553402799997,2,Tesla T4,coreset_knn,64,0,23.25048828125,4.593817050999974,9527.40625,64.0,0.7009345441643833,"{""bright shadow"": 0.7537146061115784, ""bruise"": 0.7389099668774466, ""bump"": 0.8563685636856369, ""deformation"": 0.3949864498644986, ""discoloration"": 0.7729097661346983, ""overwashing"": 0.7916169828364952, ""scratche"": 0.7036092633653609, ""uneven"": 0.6008807588075882, ""watermark"": 0.5683692706492283, ""whitening"": 0.7651058917996587}",0.7404795523081931,0.5212208933091784,0.8181622624397278,0.7009345441643833,0.7249989305835491,0.7478932495917345,0.7723992420982705,1577.3125,10.340426879000006,9527.40625,,
p0_anomaly_3cad|Aluminum_Camera_Cover|dinov2_s|coreset_knn|256|0,p0_anomaly_3cad,Aluminum_Camera_Cover,dinov2_s,784,1446,1077,1024,61.97553402799997,2,Tesla T4,coreset_knn,256,0,29.5322265625,3.4755929739999374,9532.25,256.0,0.851576319848621,"{""bright shadow"": 0.8999158957106812, ""bruise"": 0.9324661246612467, ""bump"": 0.8327009936766034, ""deformation"": 0.6245257452574526, ""discoloration"": 0.9170932450065241, ""overwashing"": 0.9330803974706414, ""scratche"": 0.8084175084175085, ""uneven"": 0.6506436314363144, ""watermark"": 0.9582744197007187, ""whitening"": 0.8442738131085015}",0.8348467413994095,0.6900065718548574,1.2826389074325562,0.851576319848621,0.8599051867956005,0.8629196830501267,0.8558728577072214,1577.3125,10.340426879000006,9527.40625,,
p0_anomaly_3cad|Aluminum_Camera_Cover|dinov2_s|coreset_knn|1024|0,p0_anomaly_3cad,Aluminum_Camera_Cover,dinov2_s,784,1446,1077,1024,61.97553402799997,2,Tesla T4,coreset_knn,1024,0,64.66015625,3.5296663069999568,9532.25,1024.0,0.9352059444457026,"{""bright shadow"": 0.9414073451079339, ""bruise"": 0.9598434206564288, ""bump"": 0.8166214995483287, ""deformation"": 0.8223577235772357, ""discoloration"": 0.9657231757502761, ""overwashing"": 0.9852574525745257, ""scratche"": 0.9480085406914674, ""uneven"": 0.7807588075880759, ""watermark"": 0.99216448686226, ""whitening"": 0.9155625815517414}",0.8788171741800944,0.7827726539357054,1.754393219947815,0.9352059444457026,0.9404121153560654,0.9415997966850604,0.9379637807520137,1577.3125,10.340426879000006,9527.40625,,
p0_anomaly_3cad|Aluminum_Camera_Cover|dinov2_s|coreset_knn|64|1,p0_anomaly_3cad,Aluminum_Camera_Cover,dinov2_s,784,1446,1077,1024,61.97553402799997,2,Tesla T4,coreset_knn,64,1,23.25048828125,3.252690778999977,9532.2578125,64.0,0.7815446399589344,"{""bright shadow"": 0.7867489019717784, ""bruise"": 0.8604155374887084, ""bump"": 0.6570912375790425, ""deformation"": 0.42615176151761525, ""discoloration"": 0.8232460102378801, ""overwashing"": 0.8519241192411924, ""scratche"": 0.772209903917221, ""uneven"": 0.6777439024390245, ""watermark"": 0.8087074349004361, ""whitening"": 0.7758958145137006}",0.7933059825070957,0.6336591790974083,0.9878384470939636,0.7815446399589344,0.7866589668682202,0.798883025970464,0.8029480666208706,1577.3125,11.49812424400011,9532.2578125,,
p0_anomaly_3cad|Aluminum_Camera_Cover|dinov2_s|coreset_knn|256|1,p0_anomaly_3cad,Aluminum_Camera_Cover,dinov2_s,784,1446,1077,1024,61.97553402799997,2,Tesla T4,coreset_knn,256,1,29.5322265625,4.043952336000075,9532.2578125,256.0,0.8386791574508131,"{""bright shadow"": 0.831557798336604, ""bruise"": 0.9399578440228846, ""bump"": 0.7680216802168022, ""deformation"": 0.6570460704607047, ""discoloration"": 0.8851249623607347, ""overwashing"": 0.9589882565492321, ""scratche"": 0.7698037283403136, ""uneven"": 0.7406165311653117, ""watermark"": 0.878667373630258, ""whitening"": 0.8508481381110108}",0.842176223745415,0.6965561040165429,1.2639037370681763,0.8386791574508131,0.8467689783675924,0.8583513875992985,0.8607758176003302,1577.3125,11.49812424400011,9532.2578125,,
p0_anomaly_3cad|Aluminum_Camera_Cover|dinov2_s|coreset_knn|1024|1,p0_anomaly_3cad,Aluminum_Camera_Cover,dinov2_s,784,1446,1077,1024,61.97553402799997,2,Tesla T4,coreset_knn,1024,1,64.66015625,3.5735229289998642,9532.33203125,1024.0,0.9296323975310319,"{""bright shadow"": 0.9502850200915802, ""bruise"": 0.9791629027401385, ""bump"": 0.8390243902439025, ""deformation"": 0.7785907859078591, ""discoloration"": 0.9678811602930844, ""overwashing"": 0.9915808491418248, ""scratche"": 0.924439517122444, ""uneven"": 0.7425813008130081, ""watermark"": 0.9887769529869213, ""whitening"": 0.9257753688647998}",0.8901316226401863,0.7782639952761752,1.8191006183624268,0.9296323975310319,0.9363382677466515,0.9412450020507634,0.9385639121015165,1577.3125,11.49812424400011,9532.2578125,,
p0_anomaly_3cad|Aluminum_Camera_Cover|dinov2_s|coreset_knn|64|2,p0_anomaly_3cad,Aluminum_Camera_Cover,dinov2_s,784,1446,1077,1024,61.97553402799997,2,Tesla T4,coreset_knn,64,2,23.25048828125,2.9949541189998854,9532.33203125,64.0,0.6563059084629844,"{""bright shadow"": 0.7444631342865152, ""bruise"": 0.7715266485998193, ""bump"": 0.3132791327913279, ""deformation"": 0.3888888888888889, ""discoloration"": 0.6901033825153066, ""overwashing"": 0.696513098464318, ""scratche"": 0.6749445676274944, ""uneven"": 0.3854674796747967, ""watermark"": 0.7055791210086013, ""whitening"": 0.5724806785104888}",0.763298229949465,0.5982970083782446,0.8877286911010742,0.6563059084629844,0.65539375913722,0.663686140111169,0.669084805982693,1577.3125,12.592468402999884,9532.33203125,,
p0_anomaly_3cad|Aluminum_Camera_Cover|dinov2_s|coreset_knn|256|2,p0_anomaly_3cad,Aluminum_Camera_Cover,dinov2_s,784,1446,1077,1024,61.97553402799997,2,Tesla T4,coreset_knn,256,2,29.5322265625,4.565342612999984,9532.33203125,256.0,0.8232418164478765,"{""bright shadow"": 0.799037473133352, ""bruise"": 0.9132670882264378, ""bump"": 0.6390243902439025, ""deformation"": 0.5673441734417345, ""discoloration"": 0.8214895111914081, ""overwashing"": 0.9350677506775068, ""scratche"": 0.8032848813336618, ""uneven"": 0.6132113821138212, ""watermark"": 0.8695946742076117, ""whitening"": 0.869341563786008}",0.8247218120575628,0.6804018318867439,1.2260239124298096,0.8232418164478765,0.833164742975192,0.8464041186372866,0.8519801818259594,1577.3125,12.592468402999884,9532.33203125,,
p0_anomaly_3cad|Aluminum_Camera_Cover|dinov2_s|coreset_knn|1024|2,p0_anomaly_3cad,Aluminum_Camera_Cover,dinov2_s,784,1446,1077,1024,61.97553402799997,2,Tesla T4,coreset_knn,1024,2,64.66015625,3.8604848200000106,9532.33203125,1024.0,0.9146316300674613,"{""bright shadow"": 0.9443977198392675, ""bruise"": 0.9725383920505871, ""bump"": 0.8803974706413731, ""deformation"": 0.7317073170731707, ""discoloration"": 0.9809796246110608, ""overwashing"": 0.9803071364046975, ""scratche"": 0.8803235608113656, ""uneven"": 0.7679878048780487, ""watermark"": 0.9934016731471663, ""whitening"": 0.9180844123256048}",0.890713408363422,0.7834500562240433,1.8185871839523315,0.9146316300674613,0.9214796697641999,0.9230686967965316,0.9186400545528204,1577.3125,12.592468402999884,9532.33203125,,
p0_anomaly_3cad|Aluminum_Camera_Cover|dinov2_s|codebook_dist|64|0,p0_anomaly_3cad,Aluminum_Camera_Cover,dinov2_s,784,1446,1077,1024,61.97553402799997,2,Tesla T4,codebook_dist,64,0,9.125,7.487768779999897,9532.33203125,,0.8184961236798998,"{""bright shadow"": 0.665778899168302, ""bruise"": 0.943884372177055, ""bump"": 0.9138211382113821, ""deformation"": 0.6451219512195122, ""discoloration"": 0.7584061025795443, ""overwashing"": 0.8218608852755195, ""scratche"": 0.8598505378993183, ""uneven"": 0.7253048780487804, ""watermark"": 0.6673736302580418, ""whitening"": 0.7893706714844926}",0.8741555046448599,0.8090776551827343,1.544411540031433,0.8184961236798998,0.82767297496559,0.8435179523568681,0.8466783925035166,9.125,5.946950219999962,9532.33203125,0.0,
p0_anomaly_3cad|Aluminum_Camera_Cover|dinov2_s|codebook_dist|64|1,p0_anomaly_3cad,Aluminum_Camera_Cover,dinov2_s,784,1446,1077,1024,61.97553402799997,2,Tesla T4,codebook_dist,64,1,9.125,6.067771123000057,9593.04296875,,0.7988767352854587,"{""bright shadow"": 0.628913185683581, ""bruise"": 0.9285395965070762, ""bump"": 0.8607046070460704, ""deformation"": 0.5677506775067751, ""discoloration"": 0.6781090033122553, ""overwashing"": 0.7882565492321589, ""scratche"": 0.883846596041718, ""uneven"": 0.6464769647696478, ""watermark"": 0.6137327677624603, ""whitening"": 0.7757703502960954}",0.871916204879368,0.8156686014261633,1.5288729667663574,0.7988767352854587,0.8224768691512356,0.8456467201626519,0.8540208800416694,9.125,8.405889058999946,9593.04296875,0.0,
p0_anomaly_3cad|Aluminum_Camera_Cover|dinov2_s|codebook_dist|64|2,p0_anomaly_3cad,Aluminum_Camera_Cover,dinov2_s,784,1446,1077,1024,61.97553402799997,2,Tesla T4,codebook_dist,64,2,9.125,7.197382257000072,9593.04296875,,0.8043949241720829,"{""bright shadow"": 0.647883375385478, ""bruise"": 0.9450767841011743, ""bump"": 0.9020776874435411, ""deformation"": 0.6168699186991871, ""discoloration"": 0.6974806785104888, ""overwashing"": 0.8031436314363144, ""scratche"": 0.8560482877556048, ""uneven"": 0.6988482384823848, ""watermark"": 0.6290208554259455, ""whitening"": 0.7753186791127171}",0.8627554463754155,0.7911857132938426,1.4754873514175415,0.8043949241720829,0.8114744610770155,0.8287826518005199,0.8334931167324673,9.125,5.732544779000136,9593.04296875,0.0,
p0_anomaly_3cad|Aluminum_Camera_Cover|dinov2_s|codebook_dist|256|0,p0_anomaly_3cad,Aluminum_Camera_Cover,dinov2_s,784,1446,1077,1024,61.97553402799997,2,Tesla T4,codebook_dist,256,0,9.125,10.052338924999958,9593.04296875,,0.8723368385030182,"{""bright shadow"": 0.7624053826745164, ""bruise"": 0.9686720867208671, ""bump"": 0.9443541102077687, ""deformation"": 0.6182926829268293, ""discoloration"": 0.8260062230251932, ""overwashing"": 0.9095212285456188, ""scratche"": 0.9231009279789768, ""uneven"": 0.7041666666666667, ""watermark"": 0.8158654412631083, ""whitening"": 0.8296697781792632}",0.9029911152421499,0.8486198798240662,1.8268744945526123,0.8723368385030182,0.8836802017045241,0.9020615832899277,0.9058183803750759,9.125,25.06897287400011,9593.04296875,0.0,
p0_anomaly_3cad|Aluminum_Camera_Cover|dinov2_s|codebook_dist|256|1,p0_anomaly_3cad,Aluminum_Camera_Cover,dinov2_s,784,1446,1077,1024,61.97553402799997,2,Tesla T4,codebook_dist,256,1,9.125,8.66108853500009,9593.17578125,,0.8778877389516699,"{""bright shadow"": 0.801186804971498, ""bruise"": 0.9614935260463716, ""bump"": 0.9168925022583558, ""deformation"": 0.6517615176151761, ""discoloration"": 0.855515407005922, ""overwashing"": 0.9218789521228546, ""scratche"": 0.9198406832553174, ""uneven"": 0.7213075880758809, ""watermark"": 0.8355720513726875, ""whitening"": 0.827712536384623}",0.9037378080920899,0.8514031331992433,1.8738092184066772,0.8778877389516699,0.8941906782113318,0.910825765639272,0.9126777433048239,9.125,24.13801340400005,9593.17578125,0.0,
p0_anomaly_3cad|Aluminum_Camera_Cover|dinov2_s|codebook_dist|256|2,p0_anomaly_3cad,Aluminum_Camera_Cover,dinov2_s,784,1446,1077,1024,61.97553402799997,2,Tesla T4,codebook_dist,256,2,9.125,9.577336396999954,9593.32421875,,0.8745939362829097,"{""bright shadow"": 0.7884309877581533, ""bruise"": 0.9676362541403192, ""bump"": 0.9261065943992773, ""deformation"": 0.6148373983739837, ""discoloration"": 0.8571213489912677, ""overwashing"": 0.9176513098464318, ""scratche"": 0.9223454052722345, ""uneven"": 0.6964430894308943, ""watermark"": 0.8238187816660775, ""whitening"": 0.8242246311352003}",0.9034562094038798,0.8525210511217037,1.8384373188018799,0.8745939362829097,0.8897066779395743,0.905891352321137,0.9095651123642157,9.125,23.598631780999995,9593.32421875,0.0,
p0_anomaly_3cad|Aluminum_Camera_Cover|dinov2_s|codebook_dist|1024|0,p0_anomaly_3cad,Aluminum_Camera_Cover,dinov2_s,784,1446,1077,1024,61.97553402799997,2,Tesla T4,codebook_dist,1024,0,9.125,24.71369546599999,9593.32421875,,0.9196276920986479,"{""bright shadow"": 0.8681898887954397, ""bruise"": 0.9733574224631135, ""bump"": 0.9752484191508581, ""deformation"": 0.7331300813008129, ""discoloration"": 0.9045468232460102, ""overwashing"": 0.9596747967479674, ""scratche"": 0.9458240946045824, ""uneven"": 0.7771002710027101, ""watermark"": 0.9438847649346059, ""whitening"": 0.8812606644584964}",0.9159781901301628,0.8664229280853342,2.0131683349609375,0.9196276920986479,0.9319750486269951,0.9452760730021414,0.9413469111478487,9.125,86.85236771199993,9593.32421875,0.0,
p0_anomaly_3cad|Aluminum_Camera_Cover|dinov2_s|codebook_dist|1024|1,p0_anomaly_3cad,Aluminum_Camera_Cover,dinov2_s,784,1446,1077,1024,61.97553402799997,2,Tesla T4,codebook_dist,1024,1,9.125,23.657947469999726,9594.0859375,,0.9012312128692318,"{""bright shadow"": 0.868423511821325, ""bruise"": 0.9818247515808491, ""bump"": 0.9669376693766938, ""deformation"": 0.7579945799457994, ""discoloration"": 0.9306935661949212, ""overwashing"": 0.9669376693766938, ""scratche"": 0.8806684733514001, ""uneven"": 0.7809281842818429, ""watermark"": 0.9040296924708378, ""whitening"": 0.8840710629328515}",0.9157921877508783,0.8526919902171232,2.0303144454956055,0.9012312128692318,0.9155790072292551,0.9307722696539872,0.9318039419948518,9.125,90.96166247099995,9594.0859375,0.0,
p0_anomaly_3cad|Aluminum_Camera_Cover|dinov2_s|codebook_dist|1024|2,p0_anomaly_3cad,Aluminum_Camera_Cover,dinov2_s,784,1446,1077,1024,61.97553402799997,2,Tesla T4,codebook_dist,1024,2,9.125,22.929756075000114,9594.0859375,,0.9186060848537919,"{""bright shadow"": 0.8512288571161574, ""bruise"": 0.9709725986148751, ""bump"": 0.8025293586269197, ""deformation"": 0.7223577235772358, ""discoloration"": 0.9126267188597812, ""overwashing"": 0.9606865401987353, ""scratche"": 0.956426049108976, ""uneven"": 0.7771002710027101, ""watermark"": 0.9476257806056322, ""whitening"": 0.8728043761919102}",0.9151022920711498,0.8664396508444369,2.01389741897583,0.9186060848537919,0.9303684076766487,0.9412500345987675,0.9372139310993852,9.125,90.69987054100011,9594.0859375,0.0,
p0_anomaly_3cad|Aluminum_Ipad|dinov2_s|patch_knn|0|0,p0_anomaly_3cad,Aluminum_Ipad,dinov2_s,2096,2047,1134,1024,86.64790550200001,2,Tesla T4,patch_knn,0,0,6306.125,1259.2250181559998,5718.73828125,2146304.0,0.9625157677366513,"{""Multiple-defects"": 0.9427163198247535, ""bruise"": 0.9642218509072786, ""scratche"": 0.9413590189635548, ""uneven"": 0.9942664908241501}",0.9790065602349007,0.81479702519578,2.699517862219625,0.9625157677366513,0.9634777686986522,0.9631653115588857,0.9629426798101496,,,,,True
p0_anomaly_3cad|Aluminum_Ipad|dinov2_s|coreset_knn|64|0,p0_anomaly_3cad,Aluminum_Ipad,dinov2_s,2096,2047,1134,1024,86.64790550200001,2,Tesla T4,coreset_knn,64,0,23.25048828125,4.65507336099995,5718.73828125,64.0,0.7868366201699535,"{""Multiple-defects"": 0.6823658269441402, ""bruise"": 0.7944065578838246, ""scratche"": 0.7272566200631402, ""uneven"": 0.8580257952030758}",0.8877439112938093,0.46497764933306596,1.6006256331788684,0.7868366201699535,0.7895168939345647,0.7887746271280409,0.7915741851484824,3162.3125,26.561494160999928,5718.73828125,,True
p0_anomaly_3cad|Aluminum_Ipad|dinov2_s|coreset_knn|256|0,p0_anomaly_3cad,Aluminum_Ipad,dinov2_s,2096,2047,1134,1024,86.64790550200001,2,Tesla T4,coreset_knn,256,0,30.5322265625,4.032068750000008,5747.05859375,256.0,0.8646341015818928,"{""Multiple-defects"": 0.831434830230011, ""bruise"": 0.8719882849247022, ""scratche"": 0.7830036724437859, ""uneven"": 0.9762612602543755}",0.9203243168676529,0.5717193954276903,2.1872812711729677,0.8646341015818928,0.8728255977251962,0.8804868343020954,0.8855750080649679,3162.3125,26.561494160999928,5718.73828125,,True
p0_anomaly_3cad|Aluminum_Ipad|dinov2_s|coreset_knn|1024|0,p0_anomaly_3cad,Aluminum_Ipad,dinov2_s,2096,2047,1134,1024,86.64790550200001,2,Tesla T4,coreset_knn,1024,0,64.66015625,5.960313329999963,5755.0703125,1024.0,0.9269816157366358,"{""Multiple-defects"": 0.8813800657174151, ""bruise"": 0.9303744506892866, ""scratche"": 0.8849998926186029, ""uneven"": 0.9905670921161455}",0.9602184290885475,0.734046619037492,2.903777272267864,0.9269816157366358,0.9348022199427821,0.937480561978554,0.9396827328554235,3162.3125,26.561494160999928,5718.73828125,,True
p0_anomaly_3cad|Aluminum_Ipad|dinov2_s|coreset_knn|64|1,p0_anomaly_3cad,Aluminum_Ipad,dinov2_s,2096,2047,1134,1024,86.64790550200001,2,Tesla T4,coreset_knn,64,1,23.25048828125,3.952294056000028,5755.0703125,64.0,0.7545458408912223,"{""Multiple-defects"": 0.8083242059145673, ""bruise"": 0.7430691578523783, ""scratche"": 0.7284861370616156, ""uneven"": 0.8995685897579185}",0.9189456694320314,0.4136001564288037,1.9175900903754646,0.7545458408912223,0.7551234278141908,0.7635703950964996,0.7781216255111839,3162.3125,26.51932837100003,5755.0703125,,True
p0_anomaly_3cad|Aluminum_Ipad|dinov2_s|coreset_knn|256|1,p0_anomaly_3cad,Aluminum_Ipad,dinov2_s,2096,2047,1134,1024,86.64790550200001,2,Tesla T4,coreset_knn,256,1,30.5322265625,5.5746343880000495,5755.0703125,256.0,0.8717766689654239,"{""Multiple-defects"": 0.768565169769989, ""bruise"": 0.8796966232547976, ""scratche"": 0.7939512058930911, ""uneven"": 0.9778818427699667}",0.9400866289569224,0.6156115956962842,2.44298093479928,0.8717766689654239,0.8765123022151136,0.8776887250782832,0.8767837101170435,3162.3125,26.51932837100003,5755.0703125,,True
p0_anomaly_3cad|Aluminum_Ipad|dinov2_s|coreset_knn|1024|1,p0_anomaly_3cad,Aluminum_Ipad,dinov2_s,2096,2047,1134,1024,86.64790550200001,2,Tesla T4,coreset_knn,1024,1,64.66015625,4.758340356999952,5755.0703125,1024.0,0.9344361573277236,"{""Multiple-defects"": 0.8353778751369113, ""bruise"": 0.942972953526115, ""scratche"": 0.8777731245838971, ""uneven"": 0.9908912086192636}",0.955075310313539,0.6687047343697837,2.9016920759116123,0.9344361573277236,0.9360559119595265,0.9363818912011684,0.9369251899372382,3162.3125,26.51932837100003,5755.0703125,,True
p0_anomaly_3cad|Aluminum_Ipad|dinov2_s|coreset_knn|64|2,p0_anomaly_3cad,Aluminum_Ipad,dinov2_s,2096,2047,1134,1024,86.64790550200001,2,Tesla T4,coreset_knn,64,2,23.25048828125,4.599100784000029,5755.0703125,64.0,0.8343590813470332,"{""Multiple-defects"": 0.8164293537787514, ""bruise"": 0.8388963951359518, ""scratche"": 0.7703675665227756, ""uneven"": 0.9313375952790753}",0.9069354209871822,0.5201456457053246,1.8342611214058295,0.8343590813470332,0.8371200047906875,0.8443383925311636,0.8510926824179836,3162.3125,26.571460637999962,5755.0703125,,True
p0_anomaly_3cad|Aluminum_Ipad|dinov2_s|coreset_knn|256|2,p0_anomaly_3cad,Aluminum_Ipad,dinov2_s,2096,2047,1134,1024,86.64790550200001,2,Tesla T4,coreset_knn,256,2,30.5322265625,4.179603394000196,5755.0703125,256.0,0.8849814843790748,"{""Multiple-defects"": 0.7474260679079956, ""bruise"": 0.8983465381099713, ""scratche"": 0.7981498185254386, ""uneven"": 0.9676665847061716}",0.9130278206619176,0.5992816411755048,2.176094962806229,0.8849814843790748,0.8898083918164239,0.8928334791788607,0.89361920988427,3162.3125,26.571460637999962,5755.0703125,,True
p0_anomaly_3cad|Aluminum_Ipad|dinov2_s|coreset_knn|1024|2,p0_anomaly_3cad,Aluminum_Ipad,dinov2_s,2096,2047,1134,1024,86.64790550200001,2,Tesla T4,coreset_knn,1024,2,64.66015625,4.764103615000067,5755.0703125,1024.0,0.9340836168145406,"{""Multiple-defects"": 0.9215772179627602, ""bruise"": 0.9437697705220349, ""scratche"": 0.8687638253548955, ""uneven"": 0.9900865055770391}",0.9492424712248912,0.6998068019342824,2.882646742389436,0.9340836168145406,0.9368136325967651,0.9385642618574346,0.9379229278827672,3162.3125,26.571460637999962,5755.0703125,,True
p0_anomaly_3cad|Aluminum_Ipad|dinov2_s|codebook_dist|64|0,p0_anomaly_3cad,Aluminum_Ipad,dinov2_s,2096,2047,1134,1024,86.64790550200001,2,Tesla T4,codebook_dist,64,0,9.125,10.8775272150001,5957.34765625,,0.9089387854448097,"{""Multiple-defects"": 0.8583789704271632, ""bruise"": 0.9329387889980626, ""scratche"": 0.7795782058716149, ""uneven"": 0.9820730044482195}",0.9728199995374379,0.8691366413180504,3.1213520210114325,0.9089387854448097,0.9068356156709569,0.8984808884407277,0.8903676273154184,9.125,8.681975933999865,5957.34765625,0.0,True
p0_anomaly_3cad|Aluminum_Ipad|dinov2_s|codebook_dist|64|1,p0_anomaly_3cad,Aluminum_Ipad,dinov2_s,2096,2047,1134,1024,86.64790550200001,2,Tesla T4,codebook_dist,64,1,9.125,11.347966594000127,6033.59375,,0.9386695410791795,"{""Multiple-defects"": 0.9020810514786418, ""bruise"": 0.9667975152101439, ""scratche"": 0.8232341129222773, ""uneven"": 0.9467666584706171}",0.9704374154574771,0.90236542772618,2.8677834156459667,0.9386695410791795,0.9365600931865992,0.929097824680154,0.9188953988150775,9.125,5.2535893749998195,6033.59375,0.0,True
p0_anomaly_3cad|Aluminum_Ipad|dinov2_s|codebook_dist|64|2,p0_anomaly_3cad,Aluminum_Ipad,dinov2_s,2096,2047,1134,1024,86.64790550200001,2,Tesla T4,codebook_dist,64,2,9.125,11.43277798300005,6088.66015625,,0.9272056962820014,"{""Multiple-defects"": 0.904381161007667, ""bruise"": 0.9519897772909821, ""scratche"": 0.8148744711466185, ""uneven"": 0.9554842747613832}",0.9723619037761294,0.8939440306318596,2.9788357512380865,0.9272056962820014,0.9231722464654192,0.9221213859768076,0.9184752477925169,9.125,7.07520647299998,6088.66015625,0.0,True
p0_anomaly_3cad|Aluminum_Ipad|dinov2_s|codebook_dist|256|0,p0_anomaly_3cad,Aluminum_Ipad,dinov2_s,2096,2047,1134,1024,86.64790550200001,2,Tesla T4,codebook_dist,256,0,9.125,16.352438966999898,6088.66015625,,0.9292494653940437,"{""Multiple-defects"": 0.9086527929901423, ""bruise"": 0.9377656611848856, ""scratche"": 0.8698805918862618, ""uneven"": 0.9835035876343966}",0.9834319714288718,0.8840907292442968,3.3917132283867955,0.9292494653940437,0.9312439754206823,0.9312314191832265,0.9280527593780606,9.125,19.545409798000037,6088.66015625,0.0,True
p0_anomaly_3cad|Aluminum_Ipad|dinov2_s|codebook_dist|256|1,p0_anomaly_3cad,Aluminum_Ipad,dinov2_s,2096,2047,1134,1024,86.64790550200001,2,Tesla T4,codebook_dist,256,1,9.125,15.660603336999884,6088.94140625,,0.9345675148888001,"{""Multiple-defects"": 0.9301204819277108, ""bruise"": 0.9423919966528357, ""scratche"": 0.8788576766960893, ""uneven"": 0.9853588752039699}",0.9817543623617784,0.8733549899183268,3.295175829854822,0.9345675148888001,0.9364707507277789,0.9361824401985044,0.9321364341444662,9.125,19.989361272000224,6088.94140625,0.0,True
p0_anomaly_3cad|Aluminum_Ipad|dinov2_s|codebook_dist|256|2,p0_anomaly_3cad,Aluminum_Ipad,dinov2_s,2096,2047,1134,1024,86.64790550200001,2,Tesla T4,codebook_dist,256,2,9.125,15.676124789999903,6088.94140625,,0.9287674990486238,"{""Multiple-defects"": 0.9173055859802848, ""bruise"": 0.9394645602982601, ""scratche"": 0.8589384275068187, ""uneven"": 0.985571227395668}",0.9820356035405822,0.8827926684306842,3.3664779274047527,0.9287674990486238,0.9292542947161421,0.9284217195863783,0.9252305035437566,9.125,21.02204547400015,6088.94140625,0.0,True
p0_anomaly_3cad|Aluminum_Ipad|dinov2_s|codebook_dist|1024|0,p0_anomaly_3cad,Aluminum_Ipad,dinov2_s,2096,2047,1134,1024,86.64790550200001,2,Tesla T4,codebook_dist,1024,0,9.125,38.069753951000166,6367.6171875,,0.9318515041406608,"{""Multiple-defects"": 0.9255202628696605, ""bruise"": 0.9384585455291637, ""scratche"": 0.8787288190193931, ""uneven"": 0.9876612200192235}",0.9827109969437028,0.8699732251741676,3.339022416064892,0.9318515041406608,0.9390887262373206,0.9410088647036439,0.9399000523498515,9.125,81.0971861590001,6088.94140625,0.0,True
p0_anomaly_3cad|Aluminum_Ipad|dinov2_s|codebook_dist|1024|1,p0_anomaly_3cad,Aluminum_Ipad,dinov2_s,2096,2047,1134,1024,86.64790550200001,2,Tesla T4,codebook_dist,1024,1,9.125,37.42902728499985,6367.6171875,,0.9385478421623,"{""Multiple-defects"": 0.904052573932092, ""bruise"": 0.9518485354823407, ""scratche"": 0.8629867061830209, ""uneven"": 0.9877953371929276}",0.9826843351201097,0.8882493422900103,3.42835339970072,0.9385478421623,0.9434785800247647,0.9439460584038898,0.9396759718044857,9.125,82.17059762000008,6367.6171875,0.0,True
p0_anomaly_3cad|Aluminum_Ipad|dinov2_s|codebook_dist|1024|2,p0_anomaly_3cad,Aluminum_Ipad,dinov2_s,2096,2047,1134,1024,86.64790550200001,2,Tesla T4,codebook_dist,1024,2,9.125,36.16638147799995,6367.6171875,,0.9274133571322325,"{""Multiple-defects"": 0.9105147864184009, ""bruise"": 0.9369688441889654, ""scratche"": 0.8616766531366107, ""uneven"": 0.9858282853119341}",0.9819827484930185,0.8718201877339271,3.2885402158123185,0.9274133571322325,0.9355980922245982,0.9393248800879322,0.9378427611359337,9.125,84.9133215339998,6367.6171875,0.0,True
p0_anomaly_3cad|Aluminum_Middle_Frame|dinov2_s|patch_knn|0|0,p0_anomaly_3cad,Aluminum_Middle_Frame,dinov2_s,1548,1479,748,1024,61.379706136000095,2,Tesla T4,patch_knn,0,0,5415.203125,676.848582436,6367.6171875,1585152.0,0.9090323854949268,"{""Multiple-defects"": 0.925158877209995, ""abrasion"": 0.9368389443128358, ""bruise"": 0.8897258692060334, ""bump"": 0.9162076703386374, ""discoloration"": 0.9050957592339262, ""scratche"": 0.8566728428197891}",0.9707873238048764,0.8103729217913227,2.745910406112671,0.9090323854949268,0.9104113477252609,0.90653415949143,0.8987541789505257,,,,,
p0_anomaly_3cad|Aluminum_Middle_Frame|dinov2_s|coreset_knn|64|0,p0_anomaly_3cad,Aluminum_Middle_Frame,dinov2_s,1548,1479,748,1024,61.379706136000095,2,Tesla T4,coreset_knn,64,0,23.25048828125,4.341896147999705,9054.12109375,64.0,0.5756399189448196,"{""Multiple-defects"": 0.640894214618435, ""abrasion"": 0.6347802876113576, ""bruise"": 0.508181285199069, ""bump"": 0.5784493724050208, ""discoloration"": 0.5454856361149111, ""scratche"": 0.5353339451765398}",0.8837542070880834,0.5188702821459618,1.2859514951705933,0.5756399189448196,0.575898702970804,0.5741183054492783,0.5714106747039072,2337.359375,19.325489371999993,9054.12109375,,
p0_anomaly_3cad|Aluminum_Middle_Frame|dinov2_s|coreset_knn|256|0,p0_anomaly_3cad,Aluminum_Middle_Frame,dinov2_s,1548,1479,748,1024,61.379706136000095,2,Tesla T4,coreset_knn,256,0,30.5322265625,3.390565608999623,9054.12109375,256.0,0.7195750455386731,"{""Multiple-defects"": 0.7447574849780948, ""abrasion"": 0.815021187147576, ""bruise"": 0.639259509300549, ""bump"": 0.7280761753905969, ""discoloration"": 0.7086183310533516, ""scratche"": 0.6762887669050546}",0.9035482880342467,0.5723198758316184,1.440466284751892,0.7195750455386731,0.7282475109183084,0.7338237122980021,0.733313459695531,2337.359375,19.325489371999993,9054.12109375,,
p0_anomaly_3cad|Aluminum_Middle_Frame|dinov2_s|coreset_knn|1024|0,p0_anomaly_3cad,Aluminum_Middle_Frame,dinov2_s,1548,1479,748,1024,61.379706136000095,2,Tesla T4,coreset_knn,1024,0,64.66015625,3.4196244529998694,9054.12109375,1024.0,0.8167150705575104,"{""Multiple-defects"": 0.8535559057299693, ""abrasion"": 0.8518567949017384, ""bruise"": 0.7639597065041661, ""bump"": 0.8224764201886383, ""discoloration"": 0.8243844049247605, ""scratche"": 0.7782472423764913}",0.9441297771249245,0.6766475888750636,2.0983781814575195,0.8167150705575104,0.8247958989590116,0.8322311389423324,0.8309161868951037,2337.359375,19.325489371999993,9054.12109375,,
p0_anomaly_3cad|Aluminum_Middle_Frame|dinov2_s|coreset_knn|64|1,p0_anomaly_3cad,Aluminum_Middle_Frame,dinov2_s,1548,1479,748,1024,61.379706136000095,2,Tesla T4,coreset_knn,64,1,23.25048828125,3.8240032520002387,9055.23046875,64.0,0.6154816857721822,"{""Multiple-defects"": 0.6440631006597517, ""abrasion"": 0.6806913349571253, ""bruise"": 0.5817862028532342, ""bump"": 0.6104036167710658, ""discoloration"": 0.5558310533515732, ""scratche"": 0.6272922474848049}",0.8734382813201588,0.4013221506717906,1.2716567516326904,0.6154816857721822,0.6161556215571665,0.6169100272866266,0.6179287036291945,2337.359375,19.39718981299984,9055.23046875,,
p0_anomaly_3cad|Aluminum_Middle_Frame|dinov2_s|coreset_knn|256|1,p0_anomaly_3cad,Aluminum_Middle_Frame,dinov2_s,1548,1479,748,1024,61.379706136000095,2,Tesla T4,coreset_knn,256,1,30.5322265625,4.115060818999609,9055.23046875,256.0,0.7335914467764472,"{""Multiple-defects"": 0.7642037091551369, ""abrasion"": 0.7366120583230455, ""bruise"": 0.6574875193206248, ""bump"": 0.7470180238558092, ""discoloration"": 0.7372606019151846, ""scratche"": 0.6973454085785036}",0.8880978775287598,0.4767915786361506,1.4828882217407227,0.7335914467764472,0.7412863852169397,0.7533413315581177,0.7516148854766381,2337.359375,19.39718981299984,9055.23046875,,
p0_anomaly_3cad|Aluminum_Middle_Frame|dinov2_s|coreset_knn|1024|1,p0_anomaly_3cad,Aluminum_Middle_Frame,dinov2_s,1548,1479,748,1024,61.379706136000095,2,Tesla T4,coreset_knn,1024,1,64.66015625,4.141488275000029,9055.23046875,1024.0,0.8218889222148256,"{""Multiple-defects"": 0.8266290325373599, ""abrasion"": 0.8762804043909111, ""bruise"": 0.7889032991632171, ""bump"": 0.8269163846689225, ""discoloration"": 0.8070280437756499, ""scratche"": 0.7950613863443523}",0.946599331535474,0.669818735132771,2.165790319442749,0.8218889222148256,0.8271240407616846,0.826041354236011,0.820875732459381,2337.359375,19.39718981299984,9055.23046875,,
p0_anomaly_3cad|Aluminum_Middle_Frame|dinov2_s|coreset_knn|64|2,p0_anomaly_3cad,Aluminum_Middle_Frame,dinov2_s,1548,1479,748,1024,61.379706136000095,2,Tesla T4,coreset_knn,64,2,23.25048828125,3.673564475999683,9055.234375,64.0,0.6098451319341317,"{""Multiple-defects"": 0.6414829694020676, ""abrasion"": 0.5616095559040406, ""bruise"": 0.553156146179402, ""bump"": 0.6269364845081239, ""discoloration"": 0.46537277701778385, ""scratche"": 0.5891011099759303}",0.8732142763912724,0.4997822660548412,1.3021906614303589,0.6098451319341317,0.6022544386489828,0.594798166748356,0.5928476850260064,2337.359375,19.398307703000228,9055.234375,,
p0_anomaly_3cad|Aluminum_Middle_Frame|dinov2_s|coreset_knn|256|2,p0_anomaly_3cad,Aluminum_Middle_Frame,dinov2_s,1548,1479,748,1024,61.379706136000095,2,Tesla T4,coreset_knn,256,2,30.5322265625,4.5057015040001716,9055.234375,256.0,0.7070272207875814,"{""Multiple-defects"": 0.7079949436353875, ""abrasion"": 0.7460878849554571, ""bruise"": 0.6638300140352124, ""bump"": 0.7170872633018935, ""discoloration"": 0.7335841313269494, ""scratche"": 0.6644444059637398}",0.9195354310148697,0.5749417938652075,1.633811116218567,0.7070272207875814,0.7063066490120486,0.6960485599537665,0.6841993606297138,2337.359375,19.398307703000228,9055.234375,,
p0_anomaly_3cad|Aluminum_Middle_Frame|dinov2_s|coreset_knn|1024|2,p0_anomaly_3cad,Aluminum_Middle_Frame,dinov2_s,1548,1479,748,1024,61.379706136000095,2,Tesla T4,coreset_knn,1024,2,64.66015625,4.4213419150000846,9055.234375,1024.0,0.8192480449461218,"{""Multiple-defects"": 0.8360144764411505, ""abrasion"": 0.8470187848253311, ""bruise"": 0.7395313305026028, ""bump"": 0.8273033815729474, ""discoloration"": 0.8911593707250343, ""scratche"": 0.8047065750056277}",0.9384457507111166,0.6328818989715765,2.075216770172119,0.8192480449461218,0.8244164100163134,0.8246175848775027,0.8236994959655296,2337.359375,19.398307703000228,9055.234375,,
p0_anomaly_3cad|Aluminum_Middle_Frame|dinov2_s|codebook_dist|64|0,p0_anomaly_3cad,Aluminum_Middle_Frame,dinov2_s,1548,1479,748,1024,61.379706136000095,2,Tesla T4,codebook_dist,64,0,9.125,8.00664830300002,9055.234375,,0.7717982106410528,"{""Multiple-defects"": 0.8145249268385599, ""abrasion"": 0.8292349270961931, ""bruise"": 0.732975642688365, ""bump"": 0.7753047975616196, ""discoloration"": 0.7455540355677154, ""scratche"": 0.7221770073940674}",0.9474409847181143,0.739663671189138,2.109945297241211,0.7717982106410528,0.7693347330226705,0.7667688391113191,0.7682959391939839,9.125,6.404383171000063,9055.234375,0.0,
p0_anomaly_3cad|Aluminum_Middle_Frame|dinov2_s|codebook_dist|64|1,p0_anomaly_3cad,Aluminum_Middle_Frame,dinov2_s,1548,1479,748,1024,61.379706136000095,2,Tesla T4,codebook_dist,64,1,9.125,8.963963976000286,9082.953125,,0.8245864942171373,"{""Multiple-defects"": 0.8814178600495246, ""abrasion"": 0.8075472957191951, ""bruise"": 0.8307424449695311, ""bump"": 0.8271773825809392, ""discoloration"": 0.7308481532147743, ""scratche"": 0.7746281320888673}",0.9641888717605696,0.8335724781560241,2.304220199584961,0.8245864942171373,0.81092032012407,0.7820599574240839,0.7602690622325288,9.125,5.442767398000342,9082.953125,0.0,
p0_anomaly_3cad|Aluminum_Middle_Frame|dinov2_s|codebook_dist|64|2,p0_anomaly_3cad,Aluminum_Middle_Frame,dinov2_s,1548,1479,748,1024,61.379706136000095,2,Tesla T4,codebook_dist,64,2,9.125,7.82221078800012,9082.953125,,0.829306788005589,"{""Multiple-defects"": 0.9020762264281632, ""abrasion"": 0.8270327983717592, ""bruise"": 0.8396077246966439, ""bump"": 0.8279183766529867, ""discoloration"": 0.7083618331053352, ""scratche"": 0.780186669899046}",0.9619695265586675,0.8390081644033404,2.289876937866211,0.829306788005589,0.828809337439739,0.8135401654754676,0.7969103199046066,9.125,8.06626039799994,9082.953125,0.0,
p0_anomaly_3cad|Aluminum_Middle_Frame|dinov2_s|codebook_dist|256|0,p0_anomaly_3cad,Aluminum_Middle_Frame,dinov2_s,1548,1479,748,1024,61.379706136000095,2,Tesla T4,codebook_dist,256,0,9.125,11.017709629999445,9082.953125,,0.7983770675289144,"{""Multiple-defects"": 0.8313044381720895, ""abrasion"": 0.8280671315605085, ""bruise"": 0.7207525716417645, ""bump"": 0.8078125374997001, ""discoloration"": 0.8017270861833106, ""scratche"": 0.770558797554936}",0.9644945099799863,0.7867534164581768,2.4733965396881104,0.7983770675289144,0.8012886164290364,0.8025066387704193,0.8002626246369707,9.125,22.059836150000137,9082.953125,0.0,
p0_anomaly_3cad|Aluminum_Middle_Frame|dinov2_s|codebook_dist|256|1,p0_anomaly_3cad,Aluminum_Middle_Frame,dinov2_s,1548,1479,748,1024,61.379706136000095,2,Tesla T4,codebook_dist,256,1,9.125,11.175872270000582,9082.953125,,0.8083205922587914,"{""Multiple-defects"": 0.8391487298481359, ""abrasion"": 0.8520569884221414, ""bruise"": 0.7941087640130048, ""bump"": 0.8124925000599995, ""discoloration"": 0.7296511627906976, ""scratche"": 0.7604980172816845}",0.9653950049061486,0.8024874233661243,2.484532356262207,0.8083205922587914,0.8119581995215696,0.8115851115971822,0.8050551584892134,9.125,21.956852389999767,9082.953125,0.0,
p0_anomaly_3cad|Aluminum_Middle_Frame|dinov2_s|codebook_dist|256|2,p0_anomaly_3cad,Aluminum_Middle_Frame,dinov2_s,1548,1479,748,1024,61.379706136000095,2,Tesla T4,codebook_dist,256,2,9.125,11.774016921000111,9082.953125,,0.8081066153609808,"{""Multiple-defects"": 0.8289667353547248, ""abrasion"": 0.8183577458209603, ""bruise"": 0.7926341784070922, ""bump"": 0.8169624643002856, ""discoloration"": 0.7796682626538988, ""scratche"": 0.7516493792100295}",0.9670810470801025,0.8113668689253657,2.4618139266967773,0.8081066153609808,0.8108297914365349,0.8093502417756059,0.8044123133645946,9.125,19.96226129600018,9082.953125,0.0,
p0_anomaly_3cad|Aluminum_Middle_Frame|dinov2_s|codebook_dist|1024|0,p0_anomaly_3cad,Aluminum_Middle_Frame,dinov2_s,1548,1479,748,1024,61.379706136000095,2,Tesla T4,codebook_dist,1024,0,9.125,26.67888002000018,9082.953125,,0.8341075517385166,"{""Multiple-defects"": 0.8661795009437393, ""abrasion"": 0.8546261386006473, ""bruise"": 0.7960452680014923, ""bump"": 0.8466262269901841, ""discoloration"": 0.8076265389876881, ""scratche"": 0.7615889452631214}",0.9682452799978549,0.8106084469269602,2.613020420074463,0.8341075517385166,0.8433177026562397,0.84832512783748,0.8474308141363746,9.125,76.23482327399961,9082.953125,0.0,
p0_anomaly_3cad|Aluminum_Middle_Frame|dinov2_s|codebook_dist|1024|1,p0_anomaly_3cad,Aluminum_Middle_Frame,dinov2_s,1548,1479,748,1024,61.379706136000095,2,Tesla T4,codebook_dist,1024,1,9.125,27.156822158000068,9082.953125,,0.8381859148335369,"{""Multiple-defects"": 0.8682401426864533, ""abrasion"": 0.8753128023756298, ""bruise"": 0.7916925755503047, ""bump"": 0.8495512035903713, ""discoloration"": 0.809764021887825, ""scratche"": 0.774333754697051}",0.9671353077230234,0.8014985457726853,2.642056465148926,0.8381859148335369,0.8467285309845862,0.8479968470412663,0.8446417990153404,9.125,86.79103652899994,9082.953125,0.0,
p0_anomaly_3cad|Aluminum_Middle_Frame|dinov2_s|codebook_dist|1024|2,p0_anomaly_3cad,Aluminum_Middle_Frame,dinov2_s,1548,1479,748,1024,61.379706136000095,2,Tesla T4,codebook_dist,1024,2,9.125,26.533949038000173,9082.953125,,0.8300803967899808,"{""Multiple-defects"": 0.8634435228315642, ""abrasion"": 0.8440158820192853, ""bruise"": 0.7936646117220671, ""bump"": 0.8408452732378141, ""discoloration"": 0.765389876880985, ""scratche"": 0.7759441721934579}",0.9670151887515586,0.8120398996178931,2.6036269664764404,0.8300803967899808,0.8363936297065773,0.8371617519038457,0.8372861145453083,9.125,82.52978883499964,9082.953125,0.0,
p0_anomaly_3cad|Aluminum_New_Ipad|dinov2_s|patch_knn|0|0,p0_anomaly_3cad,Aluminum_New_Ipad,dinov2_s,2233,4936,3937,1024,151.79647904200004,2,Tesla T4,patch_knn,0,0,6718.125,3435.594302824,8105.03515625,2286592.0,0.8737061928578311,"{""Multiple-defects"": 0.9117055199529427, ""bruise"": 0.8606983051427495, ""bump"": 0.8734987542286812, ""knife mark"": 0.98674865341532, ""scratche"": 0.8598887696360621}",0.952024717291357,0.73323953962363,2.4935247985255278,0.8737061928578311,0.8768855215388108,0.8630268571848456,0.830702050793491,,,,,True
p0_anomaly_3cad|Aluminum_New_Ipad|dinov2_s|coreset_knn|64|0,p0_anomaly_3cad,Aluminum_New_Ipad,dinov2_s,2233,4936,3937,1024,151.79647904200004,2,Tesla T4,coreset_knn,64,0,23.25048828125,12.207189194999955,8704.94140625,64.0,0.6294780937910224,"{""Multiple-defects"": 0.5955852759976472, ""bruise"": 0.5555812222478889, ""bump"": 0.6370119024133623, ""knife mark"": 0.7376424043090709, ""scratche"": 0.5712065856470189}",0.7838389521087233,0.37349198688241125,1.0548367250811812,0.6294780937910224,0.628040537362356,0.623611419395011,0.6222914557941228,3367.8125,28.20641641600014,8442.0625,,True
p0_anomaly_3cad|Aluminum_New_Ipad|dinov2_s|coreset_knn|256|0,p0_anomaly_3cad,Aluminum_New_Ipad,dinov2_s,2233,4936,3937,1024,151.79647904200004,2,Tesla T4,coreset_knn,256,0,30.5322265625,11.817425438999635,8717.9140625,256.0,0.6837182623314195,"{""Multiple-defects"": 0.7396675025541006, ""bruise"": 0.6494699828033161, ""bump"": 0.6911173947670298, ""knife mark"": 0.930692597359264, ""scratche"": 0.5683806550232542}",0.8552336653177407,0.5201608721209421,1.4984156519665206,0.6837182623314195,0.6818295308262288,0.6728497611149377,0.6621339398834953,3367.8125,28.20641641600014,8442.0625,,True
p0_anomaly_3cad|Aluminum_New_Ipad|dinov2_s|coreset_knn|1024|0,p0_anomaly_3cad,Aluminum_New_Ipad,dinov2_s,2233,4936,3937,1024,151.79647904200004,2,Tesla T4,coreset_knn,1024,0,64.66015625,14.04223628300042,8717.9140625,1024.0,0.7427202411962381,"{""Multiple-defects"": 0.803473576669453, ""bruise"": 0.6883635772524661, ""bump"": 0.746496715693796, ""knife mark"": 0.9884646551313219, ""scratche"": 0.679079801823484}",0.9077581653597555,0.6065275316856982,2.0256726189292635,0.7427202411962381,0.7446294402098312,0.7399671706250319,0.7258744647619425,3367.8125,28.20641641600014,8442.0625,,True
p0_anomaly_3cad|Aluminum_New_Ipad|dinov2_s|coreset_knn|64|1,p0_anomaly_3cad,Aluminum_New_Ipad,dinov2_s,2233,4936,3937,1024,151.79647904200004,2,Tesla T4,coreset_knn,64,1,23.25048828125,11.435013192000042,8717.9140625,64.0,0.6240595434143821,"{""Multiple-defects"": 0.5845742649866361, ""bruise"": 0.5795710240154686, ""bump"": 0.6348481328043373, ""knife mark"": 0.7550884217550884, ""scratche"": 0.5133472823003509}",0.7970633262892397,0.37620447832205967,0.9969800348518577,0.6240595434143821,0.6274655402163658,0.6288428382662571,0.6272374736941666,3367.8125,29.020954571999937,8717.9140625,,True
p0_anomaly_3cad|Aluminum_New_Ipad|dinov2_s|coreset_knn|256|1,p0_anomaly_3cad,Aluminum_New_Ipad,dinov2_s,2233,4936,3937,1024,151.79647904200004,2,Tesla T4,coreset_knn,256,1,30.5322265625,12.72405700299987,8717.9140625,256.0,0.6673281104319966,"{""Multiple-defects"": 0.6537568496331383, ""bruise"": 0.6628679962013295, ""bump"": 0.6699981733558376, ""knife mark"": 0.9593879593879594, ""scratche"": 0.6188083390249455}",0.8368461865688094,0.4570652884456164,1.2991964549595172,0.6673281104319966,0.6725613090865822,0.6794883529707,0.6827884526639924,3367.8125,29.020954571999937,8717.9140625,,True
p0_anomaly_3cad|Aluminum_New_Ipad|dinov2_s|coreset_knn|1024|1,p0_anomaly_3cad,Aluminum_New_Ipad,dinov2_s,2233,4936,3937,1024,151.79647904200004,2,Tesla T4,coreset_knn,1024,1,64.66015625,13.140681308999774,8717.9140625,1024.0,0.7559614478588316,"{""Multiple-defects"": 0.79402082494866, ""bruise"": 0.727530949753172, ""bump"": 0.7580424219840279, ""knife mark"": 0.9733066399733066, ""scratche"": 0.7124344561167666}",0.8832712535369298,0.5472533791680431,1.874490004700055,0.7559614478588316,0.7620945812462196,0.7562163382585023,0.7469150633996964,3367.8125,29.020954571999937,8717.9140625,,True
p0_anomaly_3cad|Aluminum_New_Ipad|dinov2_s|coreset_knn|64|2,p0_anomaly_3cad,Aluminum_New_Ipad,dinov2_s,2233,4936,3937,1024,151.79647904200004,2,Tesla T4,coreset_knn,64,2,23.25048828125,12.229064182000002,8717.9140625,64.0,0.6067555998975862,"{""Multiple-defects"": 0.6105383734249713, ""bruise"": 0.6017128239350462, ""bump"": 0.6001006846262321, ""knife mark"": 0.8165308165308166, ""scratche"": 0.6739428959645566}",0.7061050562334334,0.22402916277605855,0.7301477417034143,0.6067555998975862,0.6063011195091459,0.6005152981276933,0.5966962644636,3367.8125,27.844706023999606,8717.9140625,,True
p0_anomaly_3cad|Aluminum_New_Ipad|dinov2_s|coreset_knn|256|2,p0_anomaly_3cad,Aluminum_New_Ipad,dinov2_s,2233,4936,3937,1024,151.79647904200004,2,Tesla T4,coreset_knn,256,2,30.5322265625,11.7402759229999,8717.9140625,256.0,0.6489861718462175,"{""Multiple-defects"": 0.7050968494267463, ""bruise"": 0.6525072080627636, ""bump"": 0.6528801794495225, ""knife mark"": 0.932313265646599, ""scratche"": 0.558222482410208}",0.8217446962866547,0.41662419289466257,1.334097405074138,0.6489861718462175,0.6610857746240016,0.6610829778216113,0.6546390179867447,3367.8125,27.844706023999606,8717.9140625,,True
p0_anomaly_3cad|Aluminum_New_Ipad|dinov2_s|coreset_knn|1024|2,p0_anomaly_3cad,Aluminum_New_Ipad,dinov2_s,2233,4936,3937,1024,151.79647904200004,2,Tesla T4,coreset_knn,1024,2,64.66015625,13.854577019999851,8717.9140625,1024.0,0.7732244563588226,"{""Multiple-defects"": 0.8214296770997802, ""bruise"": 0.7422080199857977, ""bump"": 0.7755150771209165, ""knife mark"": 0.9863673197006531, ""scratche"": 0.7249632303783928}",0.9027372368456711,0.6105380155726758,2.065879047744352,0.7732244563588226,0.779196265099237,0.7716185832772066,0.7526555003059956,3367.8125,27.844706023999606,8717.9140625,,True
p0_anomaly_3cad|Aluminum_New_Ipad|dinov2_s|codebook_dist|64|0,p0_anomaly_3cad,Aluminum_New_Ipad,dinov2_s,2233,4936,3937,1024,151.79647904200004,2,Tesla T4,codebook_dist,64,0,9.125,28.034428699000273,8717.9140625,,0.8472765373959177,"{""Multiple-defects"": 0.8667946296812277, ""bruise"": 0.8382485049151717, ""bump"": 0.8507082264746498, ""knife mark"": 0.8378378378378378, ""scratche"": 0.8025390010949578}",0.9352828738228463,0.7992819422257134,2.33969544958681,0.8472765373959177,0.8484040301413937,0.8084693787005192,0.7412912023021243,9.125,9.123358438999276,8717.9140625,0.0,True
p0_anomaly_3cad|Aluminum_New_Ipad|dinov2_s|codebook_dist|64|1,p0_anomaly_3cad,Aluminum_New_Ipad,dinov2_s,2233,4936,3937,1024,151.79647904200004,2,Tesla T4,codebook_dist,64,1,9.125,28.026347703000283,8815.37890625,,0.861969411626511,"{""Multiple-defects"": 0.8945233893687502, ""bruise"": 0.8393949505060617, ""bump"": 0.8660742494319136, ""knife mark"": 0.8630058630058629, ""scratche"": 0.8092713652280439}",0.9370952178936981,0.8024496302607375,2.3120973084305794,0.861969411626511,0.8624653355412817,0.8173127407315874,0.7419803598365955,9.125,5.916008414000316,8815.37890625,0.0,True
p0_anomaly_3cad|Aluminum_New_Ipad|dinov2_s|codebook_dist|64|2,p0_anomaly_3cad,Aluminum_New_Ipad,dinov2_s,2233,4936,3937,1024,151.79647904200004,2,Tesla T4,codebook_dist,64,2,9.125,28.14906716599944,8815.625,,0.861588283737128,"{""Multiple-defects"": 0.8970826496599693, ""bruise"": 0.8706313150757596, ""bump"": 0.8625986570512119, ""knife mark"": 0.8260641593974927, ""scratche"": 0.8355395106297633}",0.9384669662697698,0.8224497811180294,2.394882595351282,0.861588283737128,0.8629399020559803,0.8234027779366869,0.7543926959725791,9.125,5.673489060000065,8815.625,0.0,True
p0_anomaly_3cad|Aluminum_New_Ipad|dinov2_s|codebook_dist|256|0,p0_anomaly_3cad,Aluminum_New_Ipad,dinov2_s,2233,4936,3937,1024,151.79647904200004,2,Tesla T4,codebook_dist,256,0,9.125,40.50033746600002,8815.625,,0.8040494139046336,"{""Multiple-defects"": 0.8376933634665593, ""bruise"": 0.7300035077812855, ""bump"": 0.8099801991772795, ""knife mark"": 0.8868868868868869, ""scratche"": 0.743931657289058}",0.9462992872780588,0.7761475924884566,2.523956912368655,0.8040494139046336,0.8047624713868047,0.7802993493874875,0.735189215123175,9.125,25.58284292999997,8815.625,0.0,True
p0_anomaly_3cad|Aluminum_New_Ipad|dinov2_s|codebook_dist|256|1,p0_anomaly_3cad,Aluminum_New_Ipad,dinov2_s,2233,4936,3937,1024,151.79647904200004,2,Tesla T4,codebook_dist,256,1,9.125,40.67610316700029,8845.9140625,,0.7770277262276246,"{""Multiple-defects"": 0.7933810098758552, ""bruise"": 0.7262048373159485, ""bump"": 0.7815219599161205, ""knife mark"": 0.8917012250345584, ""scratche"": 0.7285046779631618}",0.9429031307427037,0.7416058659906859,2.4208434278795234,0.7770277262276246,0.7782879399592633,0.7606275312650725,0.7198626108963929,9.125,23.29551863100005,8845.9140625,0.0,True
p0_anomaly_3cad|Aluminum_New_Ipad|dinov2_s|codebook_dist|256|2,p0_anomaly_3cad,Aluminum_New_Ipad,dinov2_s,2233,4936,3937,1024,151.79647904200004,2,Tesla T4,codebook_dist,256,2,9.125,39.010457422999934,8849.28515625,,0.798641415100648,"{""Multiple-defects"": 0.8319969453990073, ""bruise"": 0.7296270629603963, ""bump"": 0.8055810555080628, ""knife mark"": 0.8519948519948519, ""scratche"": 0.7262605565854665}",0.9444738699141908,0.7737870220079487,2.4898394441948914,0.798641415100648,0.7993743044543147,0.774392375611578,0.7291267645598354,9.125,20.55173001300045,8849.28515625,0.0,True
p0_anomaly_3cad|Aluminum_New_Ipad|dinov2_s|codebook_dist|1024|0,p0_anomaly_3cad,Aluminum_New_Ipad,dinov2_s,2233,4936,3937,1024,151.79647904200004,2,Tesla T4,codebook_dist,1024,0,9.125,95.67325973400057,9135.25390625,,0.8304955959261269,"{""Multiple-defects"": 0.8754321331640919, ""bruise"": 0.8082355860133636, ""bump"": 0.8337559457267487, ""knife mark"": 0.94994994994995, ""scratche"": 0.7747928433849011}",0.9509887870479203,0.7637655934506451,2.6145810744183704,0.8304955959261269,0.833086579086071,0.8144108039967831,0.7691725253320376,9.125,83.89911251299964,8849.28515625,0.0,True
p0_anomaly_3cad|Aluminum_New_Ipad|dinov2_s|codebook_dist|1024|1,p0_anomaly_3cad,Aluminum_New_Ipad,dinov2_s,2233,4936,3937,1024,151.79647904200004,2,Tesla T4,codebook_dist,1024,1,9.125,88.04003168000054,9135.25390625,,0.8217972862372152,"{""Multiple-defects"": 0.8560106498250828, ""bruise"": 0.8029995807773587, ""bump"": 0.8246653953223296, ""knife mark"": 0.9381286047952714, ""scratche"": 0.773473834845676}",0.9505842779128125,0.764452695462525,2.5680247989097493,0.8217972862372152,0.8240771886949179,0.8091221778039152,0.765150342112496,9.125,79.26588079200064,9135.25390625,0.0,True
p0_anomaly_3cad|Aluminum_New_Ipad|dinov2_s|codebook_dist|1024|2,p0_anomaly_3cad,Aluminum_New_Ipad,dinov2_s,2233,4936,3937,1024,151.79647904200004,2,Tesla T4,codebook_dist,1024,2,9.125,93.25498654500007,9135.25390625,,0.8251735352319554,"{""Multiple-defects"": 0.8646068749161532, ""bruise"": 0.8034829701496369, ""bump"": 0.8292502721699802, ""knife mark"": 0.9433719433719432, ""scratche"": 0.7611582701835409}",0.9504853867399725,0.7625199020119243,2.5934550461205474,0.8251735352319554,0.828960024286415,0.8131102908852466,0.7688056357093694,9.125,84.25547663500038,9135.25390625,0.0,True
p0_anomaly_3cad|Aluminum_New_Middle_Frame|dinov2_s|patch_knn|0|0,p0_anomaly_3cad,Aluminum_New_Middle_Frame,dinov2_s,1072,1406,736,1024,49.99254976000066,2,Tesla T4,patch_knn,0,0,4699.34375,470.6160828080001,9135.25390625,1097728.0,0.800393413367943,"{""Multiple-defects"": 0.8389781859931114, ""bruise"": 0.34776119402985073, ""bump"": 0.8002848353651589, ""discoloration"": 0.6316417910447761, ""ink"": 0.876865671641791, ""scratche"": 0.7997683993823983}",0.9502573339342009,0.6857761203722298,2.4053070545196533,0.800393413367943,0.8024740428293315,0.7950549561972744,0.770806294613887,,,,,
p0_anomaly_3cad|Aluminum_New_Middle_Frame|dinov2_s|coreset_knn|64|0,p0_anomaly_3cad,Aluminum_New_Middle_Frame,dinov2_s,1072,1406,736,1024,49.99254976000066,2,Tesla T4,coreset_knn,64,0,23.25048828125,2.6942196950003563,9135.25390625,64.0,0.5387126865671641,"{""Multiple-defects"": 0.5317451205510907, ""bruise"": 0.4149253731343283, ""bump"": 0.531215107667768, ""discoloration"": 0.15850746268656718, ""ink"": 0.5206467661691543, ""scratche"": 0.5745925544690341}",0.7875557468435158,0.35648133198515825,0.9992198348045349,0.5387126865671641,0.5375060837118755,0.5434995538611291,0.5464694192083063,1622.125,13.54957144799937,9135.25390625,,
p0_anomaly_3cad|Aluminum_New_Middle_Frame|dinov2_s|coreset_knn|256|0,p0_anomaly_3cad,Aluminum_New_Middle_Frame,dinov2_s,1072,1406,736,1024,49.99254976000066,2,Tesla T4,coreset_knn,256,0,29.5322265625,4.190611496999736,9135.25390625,256.0,0.6636822680077872,"{""Multiple-defects"": 0.72451205510907, ""bruise"": 0.24626865671641796, ""bump"": 0.6677965136151304, ""discoloration"": 0.5164179104477612, ""ink"": 0.5221393034825871, ""scratche"": 0.6537141876822782}",0.8593893277638499,0.4681787124398867,1.3978561162948608,0.6636822680077872,0.6646151038286827,0.659496674237508,0.6507036826735886,1622.125,13.54957144799937,9135.25390625,,
p0_anomaly_3cad|Aluminum_New_Middle_Frame|dinov2_s|coreset_knn|1024|0,p0_anomaly_3cad,Aluminum_New_Middle_Frame,dinov2_s,1072,1406,736,1024,49.99254976000066,2,Tesla T4,coreset_knn,1024,0,64.66015625,3.205874321999545,9135.25390625,1024.0,0.6785508598312784,"{""Multiple-defects"": 0.725028702640643, ""bruise"": 0.23134328358208955, ""bump"": 0.6838783183320041, ""discoloration"": 0.6591044776119404, ""ink"": 0.7407960199004975, ""scratche"": 0.6565448618974095}",0.8901349832958915,0.519275060146602,1.7717065811157227,0.6785508598312784,0.6890391791044777,0.6872323166774822,0.6814122323166776,1622.125,13.54957144799937,9135.25390625,,
p0_anomaly_3cad|Aluminum_New_Middle_Frame|dinov2_s|coreset_knn|64|1,p0_anomaly_3cad,Aluminum_New_Middle_Frame,dinov2_s,1072,1406,736,1024,49.99254976000066,2,Tesla T4,coreset_knn,64,1,23.25048828125,3.0533694730002026,9135.25390625,64.0,0.5831886761842959,"{""Multiple-defects"": 0.4978760045924225, ""bruise"": 0.6686567164179105, ""bump"": 0.598259655918879, ""discoloration"": 0.6032835820895522, ""ink"": 0.47462686567164175, ""scratche"": 0.5532252530451193}",0.741743562605516,0.2584632051624704,0.8698695302009583,0.5831886761842959,0.583132908825438,0.5820621755353668,0.5711601638546397,1622.125,15.085768687999916,9135.25390625,,
p0_anomaly_3cad|Aluminum_New_Middle_Frame|dinov2_s|coreset_knn|256|1,p0_anomaly_3cad,Aluminum_New_Middle_Frame,dinov2_s,1072,1406,736,1024,49.99254976000066,2,Tesla T4,coreset_knn,256,1,29.5322265625,2.815283721999549,9135.25390625,256.0,0.6425393413367942,"{""Multiple-defects"": 0.649540757749713, ""bruise"": 0.21940298507462686, ""bump"": 0.6441722684288481, ""discoloration"": 0.3761194029850746, ""ink"": 0.5519900497512438, ""scratche"": 0.6497855549837023}",0.8491882760500123,0.43318283784310985,1.4185359477996826,0.6425393413367942,0.6451756164828033,0.6467411583387411,0.6419887654120701,1622.125,15.085768687999916,9135.25390625,,
p0_anomaly_3cad|Aluminum_New_Middle_Frame|dinov2_s|coreset_knn|1024|1,p0_anomaly_3cad,Aluminum_New_Middle_Frame,dinov2_s,1072,1406,736,1024,49.99254976000066,2,Tesla T4,coreset_knn,1024,1,64.66015625,3.5464400749997367,9135.25390625,1024.0,0.6949140168721609,"{""Multiple-defects"": 0.7607347876004592, ""bruise"": 0.6298507462686567, ""bump"": 0.6941153013558163, ""discoloration"": 0.5734328358208955, ""ink"": 0.6624378109452737, ""scratche"": 0.6924686910276204}",0.893007555595002,0.5159229581356966,1.817152738571167,0.6949140168721609,0.704994727449708,0.7054935918234913,0.697939649578196,1622.125,15.085768687999916,9135.25390625,,
p0_anomaly_3cad|Aluminum_New_Middle_Frame|dinov2_s|coreset_knn|64|2,p0_anomaly_3cad,Aluminum_New_Middle_Frame,dinov2_s,1072,1406,736,1024,49.99254976000066,2,Tesla T4,coreset_knn,64,2,23.25048828125,2.7498623969995606,9135.25390625,64.0,0.4961905824140168,"{""Multiple-defects"": 0.44712973593570604, ""bruise"": 0.17014925373134326, ""bump"": 0.4917283809957844, ""discoloration"": 0.3044776119402985, ""ink"": 0.382089552238806, ""scratche"": 0.5282767198490307}",0.7720449094519047,0.31322024702153783,0.9282987713813782,0.4961905824140168,0.49784839390006486,0.4967959117456197,0.5017967229072031,1622.125,13.527828282999508,9135.25390625,,
p0_anomaly_3cad|Aluminum_New_Middle_Frame|dinov2_s|coreset_knn|256|2,p0_anomaly_3cad,Aluminum_New_Middle_Frame,dinov2_s,1072,1406,736,1024,49.99254976000066,2,Tesla T4,coreset_knn,256,2,29.5322265625,3.0754091710005014,9135.25390625,256.0,0.6335415314730695,"{""Multiple-defects"": 0.672675086107922, ""bruise"": 0.15671641791044777, ""bump"": 0.6387717899054346, ""discoloration"": 0.675223880597015, ""ink"": 0.5870646766169154, ""scratche"": 0.6150883513467147}",0.8353469958252541,0.3864592607762242,1.284493327140808,0.6335415314730695,0.6374422047371837,0.6438290882543802,0.6462159312134977,1622.125,13.527828282999508,9135.25390625,,
p0_anomaly_3cad|Aluminum_New_Middle_Frame|dinov2_s|coreset_knn|1024|2,p0_anomaly_3cad,Aluminum_New_Middle_Frame,dinov2_s,1072,1406,736,1024,49.99254976000066,2,Tesla T4,coreset_knn,1024,2,64.66015625,4.352636190999874,9135.25390625,1024.0,0.6870934052563271,"{""Multiple-defects"": 0.7010907003444318, ""bruise"": 0.5164179104477612, ""bump"": 0.7038495499601229, ""discoloration"": 0.6268656716417911, ""ink"": 0.7674129353233831, ""scratche"": 0.6344827586206896}",0.8861698296644633,0.49031490346636103,1.766937494277954,0.6870934052563271,0.6901261356262167,0.6900531310837119,0.68257422128488,1622.125,13.527828282999508,9135.25390625,,
p0_anomaly_3cad|Aluminum_New_Middle_Frame|dinov2_s|codebook_dist|64|0,p0_anomaly_3cad,Aluminum_New_Middle_Frame,dinov2_s,1072,1406,736,1024,49.99254976000066,2,Tesla T4,codebook_dist,64,0,9.125,8.420433831999617,9135.25390625,,0.714270360155743,"{""Multiple-defects"": 0.7336969001148106, ""bruise"": 0.25522388059701495, ""bump"": 0.7195995214765866, ""discoloration"": 0.7429850746268656, ""ink"": 0.6579601990049752, ""scratche"": 0.6990735975295934}",0.9362222408862027,0.668283900170418,2.2355525493621826,0.714270360155743,0.713564649578196,0.7005688270603504,0.6750780743024011,9.125,6.197717414000181,9135.25390625,0.0,
p0_anomaly_3cad|Aluminum_New_Middle_Frame|dinov2_s|codebook_dist|64|1,p0_anomaly_3cad,Aluminum_New_Middle_Frame,dinov2_s,1072,1406,736,1024,49.99254976000066,2,Tesla T4,codebook_dist,64,1,9.125,7.182592626999394,9135.25390625,,0.7792393332251784,"{""Multiple-defects"": 0.8219862227324914, ""bruise"": 0.4462686567164179, ""bump"": 0.7842414834225817, ""discoloration"": 0.8388059701492537, ""ink"": 0.6577114427860696, ""scratche"": 0.7621804769257162}",0.9482663082542868,0.772109456017871,2.263916254043579,0.7792393332251784,0.7846731018818949,0.7630414503569112,0.7197771333549642,9.125,8.687980169999719,9135.25390625,0.0,
p0_anomaly_3cad|Aluminum_New_Middle_Frame|dinov2_s|codebook_dist|64|2,p0_anomaly_3cad,Aluminum_New_Middle_Frame,dinov2_s,1072,1406,736,1024,49.99254976000066,2,Tesla T4,codebook_dist,64,2,9.125,8.456536354000491,9135.25390625,,0.7279647955872809,"{""Multiple-defects"": 0.7281859931113663, ""bruise"": 0.30447761194029854, ""bump"": 0.7381736356386008, ""discoloration"": 0.644179104477612, ""ink"": 0.6753731343283582, ""scratche"": 0.703842854692057}",0.9380455261262222,0.6850830444222735,2.2296738624572754,0.7279647955872809,0.7261741563919533,0.709344581440623,0.6796783744321869,9.125,5.905506299000081,9135.25390625,0.0,
p0_anomaly_3cad|Aluminum_New_Middle_Frame|dinov2_s|codebook_dist|256|0,p0_anomaly_3cad,Aluminum_New_Middle_Frame,dinov2_s,1072,1406,736,1024,49.99254976000066,2,Tesla T4,codebook_dist,256,0,9.125,9.938382088999788,9135.25390625,,0.7518717553536665,"{""Multiple-defects"": 0.8050516647531573, ""bruise"": 0.4537313432835821, ""bump"": 0.7630511564315825, ""discoloration"": 0.7044776119402985, ""ink"": 0.6972636815920398, ""scratche"": 0.7152170183564935}",0.9440608509193508,0.6925004851466259,2.3996219635009766,0.7518717553536665,0.7567711713173264,0.7494281310837119,0.723723434458144,9.125,23.141077718000815,9135.25390625,0.0,
p0_anomaly_3cad|Aluminum_New_Middle_Frame|dinov2_s|codebook_dist|256|1,p0_anomaly_3cad,Aluminum_New_Middle_Frame,dinov2_s,1072,1406,736,1024,49.99254976000066,2,Tesla T4,codebook_dist,256,1,9.125,11.0861796220006,9135.25390625,,0.7698227611940298,"{""Multiple-defects"": 0.8025832376578645, ""bruise"": 0.5149253731343284, ""bump"": 0.7658710265466561, ""discoloration"": 0.7226865671641791, ""ink"": 0.786318407960199, ""scratche"": 0.7790787442099845}",0.9468798212992493,0.7032174421454332,2.460700750350952,0.7698227611940298,0.7766892439974042,0.7678881408176509,0.7360277417261518,9.125,21.190892744999474,9135.25390625,0.0,
p0_anomaly_3cad|Aluminum_New_Middle_Frame|dinov2_s|codebook_dist|256|2,p0_anomaly_3cad,Aluminum_New_Middle_Frame,dinov2_s,1072,1406,736,1024,49.99254976000066,2,Tesla T4,codebook_dist,256,2,9.125,11.084850884999469,9135.25390625,,0.7392379136924074,"{""Multiple-defects"": 0.7522388059701492, ""bruise"": 0.4582089552238806, ""bump"": 0.753150279138658, ""discoloration"": 0.6776119402985075, ""ink"": 0.6611940298507463, ""scratche"": 0.7014753817121291}",0.9418356747253012,0.6914269469266218,2.3691234588623047,0.7392379136924074,0.7485094905905256,0.7448237751460092,0.7219723393900065,9.125,24.233003470999392,9135.25390625,0.0,
p0_anomaly_3cad|Aluminum_New_Middle_Frame|dinov2_s|codebook_dist|1024|0,p0_anomaly_3cad,Aluminum_New_Middle_Frame,dinov2_s,1072,1406,736,1024,49.99254976000066,2,Tesla T4,codebook_dist,1024,0,9.125,25.393882719999965,9135.25390625,,0.7589876703439324,"{""Multiple-defects"": 0.782548794489093, ""bruise"": 0.3791044776119403, ""bump"": 0.7666714139227526, ""discoloration"": 0.7229850746268658, ""ink"": 0.826865671641791, ""scratche"": 0.7332046663235546}",0.9459035590408211,0.6771300698894067,2.4758474826812744,0.7589876703439324,0.7645177644386761,0.7600066920830629,0.7363481505515899,9.125,88.72852696300015,9135.25390625,0.0,
p0_anomaly_3cad|Aluminum_New_Middle_Frame|dinov2_s|codebook_dist|1024|1,p0_anomaly_3cad,Aluminum_New_Middle_Frame,dinov2_s,1072,1406,736,1024,49.99254976000066,2,Tesla T4,codebook_dist,1024,1,9.125,25.52239012300015,9135.25390625,,0.7528350097339389,"{""Multiple-defects"": 0.784443168771527, ""bruise"": 0.5119402985074627, ""bump"": 0.7641221374045802, ""discoloration"": 0.7143283582089552, ""ink"": 0.8420398009950248, ""scratche"": 0.7135357694287184}",0.9421867130342394,0.6603825096906246,2.4919426441192627,0.7528350097339389,0.7604700681375731,0.7557531635301752,0.7342147955872809,9.125,80.40881403399999,9135.25390625,0.0,
p0_anomaly_3cad|Aluminum_New_Middle_Frame|dinov2_s|codebook_dist|1024|2,p0_anomaly_3cad,Aluminum_New_Middle_Frame,dinov2_s,1072,1406,736,1024,49.99254976000066,2,Tesla T4,codebook_dist,1024,2,9.125,26.21449714100072,9135.25390625,,0.7546966255678131,"{""Multiple-defects"": 0.8076349024110218, ""bruise"": 0.4776119402985075, ""bump"": 0.7655975845961034, ""discoloration"": 0.6997014925373135, ""ink"": 0.7870646766169155, ""scratche"": 0.7160147538171213}",0.9459502576161456,0.677081533768079,2.5333800315856934,0.7546966255678131,0.762690622972096,0.7602916125892277,0.7382969662556781,9.125,83.36945171699972,9135.25390625,0.0,
p0_anomaly_3cad|Aluminum_Pc|dinov2_s|patch_knn|0|0,p0_anomaly_3cad,Aluminum_Pc,dinov2_s,1698,3161,2250,1024,92.62416266500077,2,Tesla T4,patch_knn,0,0,5641.7890625,1669.5644181039997,9135.25390625,1738752.0,0.8507193560190267,"{""Multiple-defects"": 0.8570725614141337, ""abrasion"": 0.9794431693443768, ""black spot"": 0.5614238670221107, ""bruise"": 0.8463913282107574, ""bump"": 0.920074610235798, ""deformation"": 0.9418016557752086, ""dirt"": 0.9106932046475986, ""discoloration"": 0.8795390950679872, ""fluff"": 0.7253476033662642, ""knife mark"": 0.8032381997804611, ""pinhole"": 0.8942427798175556, ""scrape"": 0.6969441881659966, ""scratche"": 0.9233674417822191, ""uneven"": 0.9304985845513895, ""wear crack"": 0.9821375112264246}",0.8471032522330527,0.5867798475078575,1.5473377808179605,0.8507193560190267,0.8575348213196732,0.8612962556409318,0.8581929503598,,,,,True
p0_anomaly_3cad|Aluminum_Pc|dinov2_s|coreset_knn|64|0,p0_anomaly_3cad,Aluminum_Pc,dinov2_s,1698,3161,2250,1024,92.62416266500077,2,Tesla T4,coreset_knn,64,0,23.25048828125,6.018602457999805,9135.25390625,64.0,0.6421144041956336,"{""Multiple-defects"": 0.6232067829970854, ""abrasion"": 0.7993214250074843, ""black spot"": 0.28500862474517796, ""bruise"": 0.4726948408342481, ""bump"": 0.6916663915551777, ""deformation"": 0.8813053335658668, ""dirt"": 0.6468943520493756, ""discoloration"": 0.627713304949779, ""fluff"": 0.4304793267471643, ""knife mark"": 0.7125686059275522, ""pinhole"": 0.7421552670426587, ""scrape"": 0.43467817787145974, ""scratche"": 0.7907881953644473, ""uneven"": 0.6821306834594719, ""wear crack"": 0.9502045704021556}",0.7339315131958559,0.3272450406333658,0.7849426091265341,0.6421144041956336,0.6434006586169045,0.6439538968166849,0.6402636906939871,2565.9453125,21.497311641000124,9135.25390625,,True
p0_anomaly_3cad|Aluminum_Pc|dinov2_s|coreset_knn|256|0,p0_anomaly_3cad,Aluminum_Pc,dinov2_s,1698,3161,2250,1024,92.62416266500077,2,Tesla T4,coreset_knn,256,0,29.5322265625,7.258540717000869,9135.25390625,256.0,0.6756755701914867,"{""Multiple-defects"": 0.6864693339389581, ""abrasion"": 0.8886338688753618, ""black spot"": 0.4319272385134076, ""bruise"": 0.6601948408342481, ""bump"": 0.698771489646179, ""deformation"": 0.8238045898006708, ""dirt"": 0.7567881034732722, ""discoloration"": 0.6668274081077137, ""fluff"": 0.5787138675448226, ""knife mark"": 0.6699780461031833, ""pinhole"": 0.7627843597410955, ""scrape"": 0.5090183824602282, ""scratche"": 0.7856298707579983, ""uneven"": 0.8552198278352302, ""wear crack"": 0.9290489971060772}",0.7462869136953202,0.40511537974144135,0.8869398417025907,0.6756755701914867,0.6787030125625075,0.681282595438468,0.6806361751433101,2565.9453125,21.497311641000124,9135.25390625,,True
p0_anomaly_3cad|Aluminum_Pc|dinov2_s|coreset_knn|1024|0,p0_anomaly_3cad,Aluminum_Pc,dinov2_s,1698,3161,2250,1024,92.62416266500077,2,Tesla T4,coreset_knn,1024,0,64.66015625,8.160124022999298,9135.25390625,1024.0,0.7488613245517746,"{""Multiple-defects"": 0.7698436731140467, ""abrasion"": 0.9646741842131523, ""black spot"": 0.4790810726046731, ""bruise"": 0.7130900109769485, ""bump"": 0.7828029183826746, ""deformation"": 0.890045856971388, ""dirt"": 0.7789698237474888, ""discoloration"": 0.7720855567470162, ""fluff"": 0.5959110867178924, ""knife mark"": 0.7301866081229418, ""pinhole"": 0.8283053862750294, ""scrape"": 0.5761652064407077, ""scratche"": 0.8553271845599337, ""uneven"": 0.8945057484545612, ""wear crack"": 0.9762498752619498}",0.7492209697078294,0.47292376594443336,1.0450756972507964,0.7488613245517746,0.7535396999634102,0.7539434077326503,0.7536867910720819,2565.9453125,21.497311641000124,9135.25390625,,True
p0_anomaly_3cad|Aluminum_Pc|dinov2_s|coreset_knn|64|1,p0_anomaly_3cad,Aluminum_Pc,dinov2_s,1698,3161,2250,1024,92.62416266500077,2,Tesla T4,coreset_knn,64,1,23.25048828125,5.945399608001026,9135.25390625,64.0,0.6305315282351507,"{""Multiple-defects"": 0.6629004378162182, ""abrasion"": 0.8430296377607025, ""black spot"": 0.5047514505253253, ""bruise"": 0.46027716794731066, ""bump"": 0.656010910921651, ""deformation"": 0.8342480790340284, ""dirt"": 0.6463144377938406, ""discoloration"": 0.6367264582526982, ""fluff"": 0.5554793267471643, ""knife mark"": 0.608397365532382, ""pinhole"": 0.7046065331768803, ""scrape"": 0.5382307583522455, ""scratche"": 0.643182936522957, ""uneven"": 0.7573516667629556, ""wear crack"": 0.8591956890529888}",0.7051288241171734,0.35335192199812293,0.6286532244825985,0.6305315282351507,0.627516770337846,0.6263722405171362,0.6310808635199414,2565.9453125,22.54072388500026,9135.25390625,,True
p0_anomaly_3cad|Aluminum_Pc|dinov2_s|coreset_knn|256|1,p0_anomaly_3cad,Aluminum_Pc,dinov2_s,1698,3161,2250,1024,92.62416266500077,2,Tesla T4,coreset_knn,256,1,29.5322265625,6.31819718800034,9135.25390625,256.0,0.7183024759116965,"{""Multiple-defects"": 0.763207035340727, ""abrasion"": 0.9508033130426106, ""black spot"": 0.5093304061470911, ""bruise"": 0.5729967069154774, ""bump"": 0.7409770309417891, ""deformation"": 0.8723083394031413, ""dirt"": 0.7573265952819833, ""discoloration"": 0.7321814940070936, ""fluff"": 0.5205817782656421, ""knife mark"": 0.7570252469813392, ""pinhole"": 0.7557061205950264, ""scrape"": 0.5920593338855479, ""scratche"": 0.7827478960848884, ""uneven"": 0.8375989369692067, ""wear crack"": 0.9258557030236505}",0.7466986373348751,0.34983519653723216,0.8490159857423516,0.7183024759116965,0.7246737407000854,0.7235365288449811,0.717724600561044,2565.9453125,22.54072388500026,9135.25390625,,True
p0_anomaly_3cad|Aluminum_Pc|dinov2_s|coreset_knn|1024|1,p0_anomaly_3cad,Aluminum_Pc,dinov2_s,1698,3161,2250,1024,92.62416266500077,2,Tesla T4,coreset_knn,1024,1,64.66015625,7.112882778999847,9135.25390625,1024.0,0.762672764971338,"{""Multiple-defects"": 0.7942957719822855, ""abrasion"": 0.9469114858796528, ""black spot"": 0.48201348596518734, ""bruise"": 0.721185510428101, ""bump"": 0.8013873872386783, ""deformation"": 0.9337997681504355, ""dirt"": 0.8166849615806805, ""discoloration"": 0.7402016459077555, ""fluff"": 0.6263721185510428, ""knife mark"": 0.7100439077936334, ""pinhole"": 0.8115371512926304, ""scrape"": 0.6117213157073622, ""scratche"": 0.8532400923577727, ""uneven"": 0.8672366976717315, ""wear crack"": 0.9770481987825566}",0.7815860146717364,0.45844885282320247,1.108297939289127,0.762672764971338,0.7657716794731064,0.7629335284790828,0.7569871935601902,2565.9453125,22.54072388500026,9135.25390625,,True
p0_anomaly_3cad|Aluminum_Pc|dinov2_s|coreset_knn|64|2,p0_anomaly_3cad,Aluminum_Pc,dinov2_s,1698,3161,2250,1024,92.62416266500077,2,Tesla T4,coreset_knn,64,2,23.25048828125,7.285602067000582,9135.25390625,64.0,0.6009208440053665,"{""Multiple-defects"": 0.6081923363236055, ""abrasion"": 0.8378405348767588, ""black spot"": 0.4053316606554806, ""bruise"": 0.406764544456641, ""bump"": 0.6326033937753275, ""deformation"": 0.7874370364291063, ""dirt"": 0.6262866847544684, ""discoloration"": 0.6032309029650451, ""fluff"": 0.45074094401756315, ""knife mark"": 0.6518660812294181, ""pinhole"": 0.7463189371285817, ""scrape"": 0.47026683637163597, ""scratche"": 0.6636301315130946, ""uneven"": 0.7082442659887919, ""wear crack"": 0.7695838738648837}",0.6684733234531101,0.23383723047731264,0.5872527046897319,0.6009208440053665,0.6025778753506525,0.6037211855104281,0.600351262349067,2565.9453125,22.29923344800045,9135.25390625,,True
p0_anomaly_3cad|Aluminum_Pc|dinov2_s|coreset_knn|256|2,p0_anomaly_3cad,Aluminum_Pc,dinov2_s,1698,3161,2250,1024,92.62416266500077,2,Tesla T4,coreset_knn,256,2,29.5322265625,7.943631862999609,9135.25390625,256.0,0.6927354555433589,"{""Multiple-defects"": 0.727531953013614, ""abrasion"": 0.8642351062768188, ""black spot"": 0.5533009251999372, ""bruise"": 0.5423984632272228, ""bump"": 0.7052090984871618, ""deformation"": 0.8238558839521117, ""dirt"": 0.7376716442640266, ""discoloration"": 0.6869095131437853, ""fluff"": 0.6004848152213684, ""knife mark"": 0.7519484083424808, ""pinhole"": 0.6969605208372762, ""scrape"": 0.602495291585013, ""scratche"": 0.7348446614599762, ""uneven"": 0.8225778496735802, ""wear crack"": 0.9447160961979842}",0.7448105345637094,0.3359528451084316,0.9103431898528108,0.6927354555433589,0.6920448835223807,0.689089889010855,0.685825344554214,2565.9453125,22.29923344800045,9135.25390625,,True
p0_anomaly_3cad|Aluminum_Pc|dinov2_s|coreset_knn|1024|2,p0_anomaly_3cad,Aluminum_Pc,dinov2_s,1698,3161,2250,1024,92.62416266500077,2,Tesla T4,coreset_knn,1024,2,64.66015625,8.734200880000571,9135.25390625,1024.0,0.7480668374191974,"{""Multiple-defects"": 0.7784801342468174, ""abrasion"": 0.9575890629677677, ""black spot"": 0.5001568135486907, ""bruise"": 0.6566959385290889, ""bump"": 0.8069728382426978, ""deformation"": 0.9184833345301969, ""dirt"": 0.8232089969554501, ""discoloration"": 0.7379428056572527, ""fluff"": 0.5390596414196854, ""knife mark"": 0.8037870472008781, ""pinhole"": 0.8276619099890231, ""scrape"": 0.5559117264786892, ""scratche"": 0.8448128661611383, ""uneven"": 0.8557397885493097, ""wear crack"": 0.9685660113761102}",0.7693037601744467,0.45656928707642486,1.1641028438702725,0.7480668374191974,0.7479682888157092,0.7413896816684962,0.732638126600805,2565.9453125,22.29923344800045,9135.25390625,,True
p0_anomaly_3cad|Aluminum_Pc|dinov2_s|codebook_dist|64|0,p0_anomaly_3cad,Aluminum_Pc,dinov2_s,1698,3161,2250,1024,92.62416266500077,2,Tesla T4,codebook_dist,64,0,9.125,17.034690417000093,9135.25390625,,0.7756019026710574,"{""Multiple-defects"": 0.7811486682564316, ""abrasion"": 0.950503941722383, ""black spot"": 0.4540222675239141, ""bruise"": 0.7454034028540065, ""bump"": 0.8892050378415852, ""deformation"": 0.8527242323830236, ""dirt"": 0.8157322453037301, ""discoloration"": 0.7532026674619138, ""fluff"": 0.6311287961946579, ""knife mark"": 0.656860592755214, ""pinhole"": 0.6973011847533972, ""scrape"": 0.579558183438501, ""scratche"": 0.8806856176741487, ""uneven"": 0.8061124270610664, ""wear crack"": 0.9309450154675181}",0.835860569516413,0.6743205644307934,1.4590269161751341,0.7756019026710574,0.7660329308452251,0.7391964873765093,0.697206976460544,9.125,4.943544601999747,9135.25390625,0.0,True
p0_anomaly_3cad|Aluminum_Pc|dinov2_s|codebook_dist|64|1,p0_anomaly_3cad,Aluminum_Pc,dinov2_s,1698,3161,2250,1024,92.62416266500077,2,Tesla T4,codebook_dist,64,1,9.125,16.81027320099929,9135.25390625,,0.6998760824490792,"{""Multiple-defects"": 0.7064991104886635, ""abrasion"": 0.9081927951302264, ""black spot"": 0.3502430610004704, ""bruise"": 0.5275795828759605, ""bump"": 0.7865107334747405, ""deformation"": 0.8350380089662177, ""dirt"": 0.728745106973469, ""discoloration"": 0.6869919988832701, ""fluff"": 0.52959202341749, ""knife mark"": 0.7181119648737652, ""pinhole"": 0.7251977743290814, ""scrape"": 0.5257464437156409, ""scratche"": 0.7902856109449847, ""uneven"": 0.8125252758680455, ""wear crack"": 0.9487077138010178}",0.8227693845156276,0.5875493985694762,1.3673334541063014,0.6998760824490792,0.7004907915599463,0.6936362971094036,0.671414806683742,9.125,5.69755874799921,9135.25390625,0.0,True
p0_anomaly_3cad|Aluminum_Pc|dinov2_s|codebook_dist|64|2,p0_anomaly_3cad,Aluminum_Pc,dinov2_s,1698,3161,2250,1024,92.62416266500077,2,Tesla T4,codebook_dist,64,2,9.125,16.2430718100004,9135.25390625,,0.7983524820100012,"{""Multiple-defects"": 0.8583847483503034, ""abrasion"": 0.9550943019658718, ""black spot"": 0.7721342323976792, ""bruise"": 0.770993413830955, ""bump"": 0.7397699792841049, ""deformation"": 0.8495850303148436, ""dirt"": 0.8711347679307417, ""discoloration"": 0.7713876004898385, ""fluff"": 0.8617819246249543, ""knife mark"": 0.7367178924259056, ""pinhole"": 0.7858738029448502, ""scrape"": 0.7537594364717529, ""scratche"": 0.8711091764765257, ""uneven"": 0.7815009532613091, ""wear crack"": 0.8723680271429997}",0.8376212934476654,0.7029826001448684,1.4526293735064066,0.7983524820100012,0.7841273326015368,0.7483893157702158,0.7035970240273204,9.125,8.226198221000232,9135.25390625,0.0,True
p0_anomaly_3cad|Aluminum_Pc|dinov2_s|codebook_dist|256|0,p0_anomaly_3cad,Aluminum_Pc,dinov2_s,1698,3161,2250,1024,92.62416266500077,2,Tesla T4,codebook_dist,256,0,9.125,23.38007548299902,9135.25390625,,0.7420963532138065,"{""Multiple-defects"": 0.7308565804913131, ""abrasion"": 0.9040015966470412, ""black spot"": 0.3834091265485338, ""bruise"": 0.587403951701427, ""bump"": 0.809316788128389, ""deformation"": 0.8813976630384603, ""dirt"": 0.7706853343827019, ""discoloration"": 0.7693064218320718, ""fluff"": 0.5240578119282839, ""knife mark"": 0.7845225027442371, ""pinhole"": 0.7273174609182784, ""scrape"": 0.5772079043007639, ""scratche"": 0.8426090650247506, ""uneven"": 0.8281240972904268, ""wear crack"": 0.943019658716695}",0.8609445618467677,0.5692395729883133,1.6254033396457763,0.7420963532138065,0.7433038175387243,0.7361246493474813,0.7167778997438712,9.125,20.428144740999414,9135.25390625,0.0,True
p0_anomaly_3cad|Aluminum_Pc|dinov2_s|codebook_dist|256|1,p0_anomaly_3cad,Aluminum_Pc,dinov2_s,1698,3161,2250,1024,92.62416266500077,2,Tesla T4,codebook_dist,256,1,9.125,23.923608057999445,9135.25390625,,0.7761673374801806,"{""Multiple-defects"": 0.781224371348903, ""abrasion"": 0.9486079233609421, ""black spot"": 0.45475929120275993, ""bruise"": 0.6686333699231614, ""bump"": 0.8342831557488672, ""deformation"": 0.8934312709664844, ""dirt"": 0.7856181264627302, ""discoloration"": 0.790346630457542, ""fluff"": 0.6763172338090011, ""knife mark"": 0.8227771679473106, ""pinhole"": 0.7454862031113971, ""scrape"": 0.617396106213761, ""scratche"": 0.8741078600838623, ""uneven"": 0.8815067306025767, ""wear crack"": 0.9480091807204869}",0.8623285842820274,0.6754280969950696,1.632761793744223,0.7761673374801806,0.7789918282717405,0.7688240029271862,0.7404293206488596,9.125,19.839751940999122,9135.25390625,0.0,True
p0_anomaly_3cad|Aluminum_Pc|dinov2_s|codebook_dist|256|2,p0_anomaly_3cad,Aluminum_Pc,dinov2_s,1698,3161,2250,1024,92.62416266500077,2,Tesla T4,codebook_dist,256,2,9.125,23.881750934999218,9135.25390625,,0.7650328088791316,"{""Multiple-defects"": 0.7660080497621661, ""abrasion"": 0.8983135415627183, ""black spot"": 0.40664889446448177, ""bruise"": 0.66602634467618, ""bump"": 0.8599056642704457, ""deformation"": 0.8782892374611446, ""dirt"": 0.7722179649151876, ""discoloration"": 0.7678280235782313, ""fluff"": 0.6088547383827296, ""knife mark"": 0.7959934138309551, ""pinhole"": 0.7289450774064121, ""scrape"": 0.5924005396438441, ""scratche"": 0.8544839362243504, ""uneven"": 0.8433762782367554, ""wear crack"": 0.9460133719189701}",0.8641265919742872,0.6595968710752625,1.6103622418911838,0.7650328088791316,0.764811074521283,0.7527010611050127,0.7277085010367119,9.125,19.814634406999176,9135.25390625,0.0,True
p0_anomaly_3cad|Aluminum_Pc|dinov2_s|codebook_dist|1024|0,p0_anomaly_3cad,Aluminum_Pc,dinov2_s,1698,3161,2250,1024,92.62416266500077,2,Tesla T4,codebook_dist,1024,0,9.125,53.40948614999979,9135.25390625,,0.7615089645078668,"{""Multiple-defects"": 0.765415042204474, ""abrasion"": 0.9485081329208662, ""black spot"": 0.3686529716167477, ""bruise"": 0.6859906695938529, ""bump"": 0.8478516543829386, ""deformation"": 0.9151799911774059, ""dirt"": 0.7968228983286042, ""discoloration"": 0.7773519539602672, ""fluff"": 0.557446030003659, ""knife mark"": 0.8331503841931943, ""pinhole"": 0.760361860782013, ""scrape"": 0.5510966846922077, ""scratche"": 0.8797477404729761, ""uneven"": 0.8367901091917499, ""wear crack"": 0.9633769084921665}",0.875831134289409,0.5833434842374142,1.688193675461581,0.7615089645078668,0.7665790950115868,0.7665583607757045,0.7551335528723015,9.125,75.91682406099972,9135.25390625,0.0,True
p0_anomaly_3cad|Aluminum_Pc|dinov2_s|codebook_dist|1024|1,p0_anomaly_3cad,Aluminum_Pc,dinov2_s,1698,3161,2250,1024,92.62416266500077,2,Tesla T4,codebook_dist,1024,1,9.125,51.707348542000545,9135.25390625,,0.7590681790462251,"{""Multiple-defects"": 0.7542362188828747, ""abrasion"": 0.9485081329208662, ""black spot"": 0.3733573780774659, ""bruise"": 0.6794045005488474, ""bump"": 0.8293105155864413, ""deformation"": 0.9148824850990489, ""dirt"": 0.7940683056148127, ""discoloration"": 0.7896867445416649, ""fluff"": 0.5404317599707281, ""knife mark"": 0.8310098792535674, ""pinhole"": 0.7725500586698967, ""scrape"": 0.5562641561106136, ""scratche"": 0.882969327630367, ""uneven"": 0.8359235080016176, ""wear crack"": 0.9672687356551243}",0.8598112765992795,0.5936503118735225,1.6246345097900863,0.7590681790462251,0.7634540797658251,0.7638968166849617,0.7522058787657031,9.125,70.96031978899919,9135.25390625,0.0,True
p0_anomaly_3cad|Aluminum_Pc|dinov2_s|codebook_dist|1024|2,p0_anomaly_3cad,Aluminum_Pc,dinov2_s,1698,3161,2250,1024,92.62416266500077,2,Tesla T4,codebook_dist,1024,2,9.125,52.76282638900011,9135.25390625,,0.760354677399683,"{""Multiple-defects"": 0.7459593474393429, ""abrasion"": 0.9472108571998803, ""black spot"": 0.3490512780304218, ""bruise"": 0.6551180021953896, ""bump"": 0.8687367430651272, ""deformation"": 0.9154467207648984, ""dirt"": 0.7930741668910383, ""discoloration"": 0.7682023819343541, ""fluff"": 0.5262532016099524, ""knife mark"": 0.824259055982437, ""pinhole"": 0.7405276505545252, ""scrape"": 0.5347906410852139, ""scratche"": 0.8850911170832442, ""uneven"": 0.8342480790340284, ""wear crack"": 0.967468316535276}",0.8759662244341103,0.6005152222058567,1.6988596896720025,0.760354677399683,0.7644805464080986,0.7628374191974631,0.7498682766190999,9.125,72.68524191799952,9135.25390625,0.0,True
p0_anomaly_3cad|Copper_Stator|dinov2_s|patch_knn|0|0,p0_anomaly_3cad,Copper_Stator,dinov2_s,409,959,763,1024,25.30985806800163,2,Tesla T4,patch_knn,0,0,3702.75390625,120.74558111199985,9135.25390625,418816.0,0.7523938802257469,"{""wire damage"": 0.7523938802257469}",0.9448258493763156,0.7713471280071346,1.947092056274414,0.7523938802257469,0.7727184582876402,0.7604247465696632,0.7321027362452189,,,,,
p0_anomaly_3cad|Copper_Stator|dinov2_s|coreset_knn|64|0,p0_anomaly_3cad,Copper_Stator,dinov2_s,409,959,763,1024,25.30985806800163,2,Tesla T4,coreset_knn,64,0,23.25048828125,2.889044728000954,9135.25390625,64.0,0.5091475646615133,"{""wire damage"": 0.5091475646615133}",0.6586902932569617,0.19702810933924605,0.5028477311134338,0.5091475646615133,0.5122669644528848,0.5117955439056356,0.508712921603766,981.8125,5.174072617999627,9135.25390625,,
p0_anomaly_3cad|Copper_Stator|dinov2_s|coreset_knn|256|0,p0_anomaly_3cad,Copper_Stator,dinov2_s,409,959,763,1024,25.30985806800163,2,Tesla T4,coreset_knn,256,0,30.5322265625,1.9002880839998397,9135.25390625,256.0,0.5918969160403349,"{""wire damage"": 0.5918969160403349}",0.8171172160488656,0.4622623547164055,0.9915205836296082,0.5918969160403349,0.5978013748094257,0.5994663920614117,0.6042875865942707,981.8125,5.174072617999627,9135.25390625,,
p0_anomaly_3cad|Copper_Stator|dinov2_s|coreset_knn|1024|0,p0_anomaly_3cad,Copper_Stator,dinov2_s,409,959,763,1024,25.30985806800163,2,Tesla T4,coreset_knn,1024,0,64.66015625,2.184737434999988,9135.25390625,1024.0,0.6616337229518282,"{""wire damage"": 0.6616337229518282}",0.8637854580187244,0.5838215358962802,1.2968379259109497,0.6616337229518282,0.6742584320753202,0.6826236392328885,0.6773744884585551,981.8125,5.174072617999627,9135.25390625,,
p0_anomaly_3cad|Copper_Stator|dinov2_s|coreset_knn|64|1,p0_anomaly_3cad,Copper_Stator,dinov2_s,409,959,763,1024,25.30985806800163,2,Tesla T4,coreset_knn,64,1,23.25048828125,1.793470126000102,9135.25390625,64.0,0.5861395672292508,"{""wire damage"": 0.5861395672292508}",0.7753710400341056,0.4020378776634542,0.843774676322937,0.5861395672292508,0.5933914194773584,0.5950464065049349,0.5984299355390911,981.8125,5.243698906000645,9135.25390625,,
p0_anomaly_3cad|Copper_Stator|dinov2_s|coreset_knn|256|1,p0_anomaly_3cad,Copper_Stator,dinov2_s,409,959,763,1024,25.30985806800163,2,Tesla T4,coreset_knn,256,1,30.5322265625,3.062185775001126,9135.25390625,256.0,0.5548452670714419,"{""wire damage"": 0.5548452670714419}",0.7957219033546388,0.41502748314625615,0.920153021812439,0.5548452670714419,0.5632706555754674,0.5679413967421831,0.5783427394548908,981.8125,5.243698906000645,9135.25390625,,
p0_anomaly_3cad|Copper_Stator|dinov2_s|coreset_knn|1024|1,p0_anomaly_3cad,Copper_Stator,dinov2_s,409,959,763,1024,25.30985806800163,2,Tesla T4,coreset_knn,1024,1,64.66015625,2.2207265959987126,9135.25390625,1024.0,0.6546660603953246,"{""wire damage"": 0.6546660603953246}",0.8366448132786052,0.5171154663187191,1.1340161561965942,0.6546660603953246,0.65994195843475,0.6575079573113649,0.6507208387942334,981.8125,5.243698906000645,9135.25390625,,
p0_anomaly_3cad|Copper_Stator|dinov2_s|coreset_knn|64|2,p0_anomaly_3cad,Copper_Stator,dinov2_s,409,959,763,1024,25.30985806800163,2,Tesla T4,coreset_knn,64,2,23.25048828125,1.837276127000223,9135.25390625,64.0,0.5161085404017438,"{""wire damage"": 0.5161085404017438}",0.7178011042790619,0.2877365524877184,0.6810150146484375,0.5161085404017438,0.5072351352074251,0.4899697755904459,0.4697755904458769,981.8125,5.200486963998628,9135.25390625,,
p0_anomaly_3cad|Copper_Stator|dinov2_s|coreset_knn|256|2,p0_anomaly_3cad,Copper_Stator,dinov2_s,409,959,763,1024,25.30985806800163,2,Tesla T4,coreset_knn,256,2,30.5322265625,1.9610761389994877,9135.25390625,256.0,0.6119907989408083,"{""wire damage"": 0.6119907989408083}",0.7990095822949845,0.44647149849779866,0.9358956813812256,0.6119907989408083,0.6250434643057748,0.6257656404632627,0.6255784096076177,981.8125,5.200486963998628,9135.25390625,,
p0_anomaly_3cad|Copper_Stator|dinov2_s|coreset_knn|1024|2,p0_anomaly_3cad,Copper_Stator,dinov2_s,409,959,763,1024,25.30985806800163,2,Tesla T4,coreset_knn,1024,2,64.66015625,3.148486576999858,9135.25390625,1024.0,0.6607243159386953,"{""wire damage"": 0.6607243159386953}",0.8901452790854114,0.6361822891614543,1.4043503999710083,0.6607243159386953,0.6882639687591945,0.6902800438655147,0.6821187846042741,981.8125,5.200486963998628,9135.25390625,,
p0_anomaly_3cad|Copper_Stator|dinov2_s|codebook_dist|64|0,p0_anomaly_3cad,Copper_Stator,dinov2_s,409,959,763,1024,25.30985806800163,2,Tesla T4,codebook_dist,64,0,9.125,5.5021638420003,9135.25390625,,0.5984499959879102,"{""wire damage"": 0.5984499959879102}",0.8481512484604543,0.5155253343936571,1.2381025552749634,0.5984499959879102,0.6050030759354855,0.6073969561612325,0.6080656377885361,9.125,5.185436707999543,9135.25390625,0.0,
p0_anomaly_3cad|Copper_Stator|dinov2_s|codebook_dist|64|1,p0_anomaly_3cad,Copper_Stator,dinov2_s,409,959,763,1024,25.30985806800163,2,Tesla T4,codebook_dist,64,1,9.125,5.6316115190002165,9135.25390625,,0.6198210607965335,"{""wire damage"": 0.6198210607965335}",0.8833639271960474,0.6097301584497964,1.5105417966842651,0.6198210607965335,0.6237462219488057,0.6358159253216359,0.638437157300666,9.125,5.154939661999379,9135.25390625,0.0,
p0_anomaly_3cad|Copper_Stator|dinov2_s|codebook_dist|64|2,p0_anomaly_3cad,Copper_Stator,dinov2_s,409,959,763,1024,25.30985806800163,2,Tesla T4,codebook_dist,64,2,9.125,5.671130341001117,9135.25390625,,0.5880118757857009,"{""wire damage"": 0.5880118757857009}",0.8451510824964674,0.5049915459340747,1.2596819400787354,0.5880118757857009,0.595073153770027,0.6032578168882232,0.604514938347554,9.125,5.202053192000676,9135.25390625,0.0,
p0_anomaly_3cad|Copper_Stator|dinov2_s|codebook_dist|256|0,p0_anomaly_3cad,Copper_Stator,dinov2_s,409,959,763,1024,25.30985806800163,2,Tesla T4,codebook_dist,256,0,9.125,7.501398554999469,9135.25390625,,0.6792735442800975,"{""wire damage"": 0.6792735442800975}",0.9114025099969776,0.6817576680943297,1.7368450164794922,0.6792735442800975,0.6990564902238745,0.7004239441517104,0.6844157059940621,9.125,19.78141555900038,9135.25390625,0.0,
p0_anomaly_3cad|Copper_Stator|dinov2_s|codebook_dist|256|1,p0_anomaly_3cad,Copper_Stator,dinov2_s,409,959,763,1024,25.30985806800163,2,Tesla T4,codebook_dist,256,1,9.125,6.364292514999761,9135.25390625,,0.6744924706448765,"{""wire damage"": 0.6744924706448765}",0.9165425681171572,0.6947924111496622,1.7516708374023438,0.6744924706448765,0.6990263995506459,0.6998087570545912,0.6843354641987857,9.125,22.127505538999685,9135.25390625,0.0,
p0_anomaly_3cad|Copper_Stator|dinov2_s|codebook_dist|256|2,p0_anomaly_3cad,Copper_Stator,dinov2_s,409,959,763,1024,25.30985806800163,2,Tesla T4,codebook_dist,256,2,9.125,6.300872544001322,9135.25390625,,0.6738906571803033,"{""wire damage"": 0.6738906571803033}",0.9105595271578806,0.6706156840218378,1.6923716068267822,0.6738906571803033,0.679226736566186,0.6787854066921657,0.6682402974295878,9.125,21.45887402199878,9135.25390625,0.0,
p0_anomaly_3cad|Copper_Stator|dinov2_s|codebook_dist|1024|0,p0_anomaly_3cad,Copper_Stator,dinov2_s,409,959,763,1024,25.30985806800163,2,Tesla T4,codebook_dist,1024,0,9.125,16.506726687999617,9135.25390625,,0.7182175622542596,"{""wire damage"": 0.7182175622542596}",0.9344328050282673,0.7477675993911461,1.9857295751571655,0.7182175622542596,0.7361382298659962,0.7415144301495172,0.7190266670232968,9.125,74.58793819600032,9135.25390625,0.0,
p0_anomaly_3cad|Copper_Stator|dinov2_s|codebook_dist|1024|1,p0_anomaly_3cad,Copper_Stator,dinov2_s,409,959,763,1024,25.30985806800163,2,Tesla T4,codebook_dist,1024,1,9.125,16.165208445001554,9135.25390625,,0.6546593735790516,"{""wire damage"": 0.6546593735790516}",0.9251382355729184,0.7118022781033538,1.8130650520324707,0.6546593735790516,0.6818479685452163,0.6980300639259636,0.6926538636424425,9.125,76.8445834310005,9135.25390625,0.0,
p0_anomaly_3cad|Copper_Stator|dinov2_s|codebook_dist|1024|2,p0_anomaly_3cad,Copper_Stator,dinov2_s,409,959,763,1024,25.30985806800163,2,Tesla T4,codebook_dist,1024,2,9.125,16.165947569999844,9135.25390625,,0.6766723727498862,"{""wire damage"": 0.6766723727498862}",0.9194181141733442,0.6930622173279237,1.779463291168213,0.6766723727498862,0.7006646695375398,0.7036269291464947,0.6909687859416375,9.125,74.16180408299988,9135.25390625,0.0,
p0_anomaly_3cad|Iron_Stator|dinov2_s|patch_knn|0|0,p0_anomaly_3cad,Iron_Stator,dinov2_s,653,1112,817,1024,29.813325650999104,2,Tesla T4,patch_knn,0,0,4070.03125,224.54714779999995,9135.25390625,668672.0,0.6598593448540548,"{""Multiple-defects"": 0.9593220338983051, ""fracture"": 0.5231638418079096, ""inner warping"": 0.47222613310229056, ""outer warping"": 0.7512371974984138, ""paint nodule"": 0.87149978635522}",0.8917788960556335,0.4407630637953213,1.7706307172775269,0.6598593448540548,0.6602991515050931,0.6487355558782648,0.6285542393626953,,,,,
p0_anomaly_3cad|Iron_Stator|dinov2_s|coreset_knn|64|0,p0_anomaly_3cad,Iron_Stator,dinov2_s,653,1112,817,1024,29.813325650999104,2,Tesla T4,coreset_knn,64,0,23.25048828125,2.102729060999991,9135.25390625,64.0,0.54666721988258,"{""Multiple-defects"": 0.5305084745762711, ""fracture"": 0.6274952919020715, ""inner warping"": 0.3675745925163805, ""outer warping"": 0.6664189250430527, ""paint nodule"": 0.6355220054123344}",0.6693681328198449,0.18535167143658077,0.5615706443786621,0.54666721988258,0.5440491255730971,0.5474908200734394,0.5512105055701927,1103.8125,8.235201647001304,9135.25390625,,
p0_anomaly_3cad|Iron_Stator|dinov2_s|coreset_knn|256|0,p0_anomaly_3cad,Iron_Stator,dinov2_s,653,1112,817,1024,29.813325650999104,2,Tesla T4,coreset_knn,256,0,30.5322265625,3.0352598280005623,9135.25390625,256.0,0.590602244673568,"{""Multiple-defects"": 0.8711864406779661, ""fracture"": 0.8278719397363465, ""inner warping"": 0.49099474738723126, ""outer warping"": 0.6187437686939182, ""paint nodule"": 0.7414898162654893}",0.7659746606177764,0.26599355999037694,0.9437519907951355,0.590602244673568,0.5912453581727278,0.591058647802004,0.5769142999398378,1103.8125,8.235201647001304,9135.25390625,,
p0_anomaly_3cad|Iron_Stator|dinov2_s|coreset_knn|1024|0,p0_anomaly_3cad,Iron_Stator,dinov2_s,653,1112,817,1024,29.813325650999104,2,Tesla T4,coreset_knn,1024,0,64.66015625,2.5572493789986765,9135.25390625,1024.0,0.5861709852083894,"{""Multiple-defects"": 0.8627118644067797, ""fracture"": 0.4252354048964218, ""inner warping"": 0.40728867709969135, ""outer warping"": 0.663672618508112, ""paint nodule"": 0.820623842757442}",0.8300818803874687,0.3850432231455823,1.2729789018630981,0.5861709852083894,0.5815011513806194,0.5802626392548181,0.5739974690371967,1103.8125,8.235201647001304,9135.25390625,,
p0_anomaly_3cad|Iron_Stator|dinov2_s|coreset_knn|64|1,p0_anomaly_3cad,Iron_Stator,dinov2_s,653,1112,817,1024,29.813325650999104,2,Tesla T4,coreset_knn,64,1,23.25048828125,2.2212169089998497,9135.25390625,64.0,0.48921021513183827,"{""Multiple-defects"": 0.6677966101694915, ""fracture"": 0.1792843691148776, ""inner warping"": 0.7624086207830183, ""outer warping"": 0.23881084020665277, ""paint nodule"": 0.5780373166215639}",0.6470011610252276,0.2509719507857481,0.48871108889579773,0.48921021513183827,0.5047445179760596,0.5222869945853992,0.532684687675041,1103.8125,8.545898628000941,9135.25390625,,
p0_anomaly_3cad|Iron_Stator|dinov2_s|coreset_knn|256|1,p0_anomaly_3cad,Iron_Stator,dinov2_s,653,1112,817,1024,29.813325650999104,2,Tesla T4,coreset_knn,256,1,30.5322265625,2.7418204759997025,9135.25390625,256.0,0.5023255813953489,"{""Multiple-defects"": 0.8440677966101695, ""fracture"": 0.41280602636534836, ""inner warping"": 0.313261493474847, ""outer warping"": 0.5746759720837488, ""paint nodule"": 0.7732516735507764}",0.7620135575416002,0.32491584406803137,0.9010332822799683,0.5023255813953489,0.50349355849221,0.5056075348007385,0.5032010455780761,1103.8125,8.545898628000941,9135.25390625,,
p0_anomaly_3cad|Iron_Stator|dinov2_s|coreset_knn|1024|1,p0_anomaly_3cad,Iron_Stator,dinov2_s,653,1112,817,1024,29.813325650999104,2,Tesla T4,coreset_knn,1024,1,64.66015625,2.510117779000211,9135.25390625,1024.0,0.5770595191170673,"{""Multiple-defects"": 0.8627118644067796, ""fracture"": 0.5544256120527307, ""inner warping"": 0.36300427790112094, ""outer warping"": 0.6798513550258316, ""paint nodule"": 0.8139296396524712}",0.7886352424714494,0.28511850195948374,1.177042007446289,0.5770595191170673,0.574773354355538,0.566246914092484,0.5563097732506276,1103.8125,8.545898628000941,9135.25390625,,
p0_anomaly_3cad|Iron_Stator|dinov2_s|coreset_knn|64|2,p0_anomaly_3cad,Iron_Stator,dinov2_s,653,1112,817,1024,29.813325650999104,2,Tesla T4,coreset_knn,64,2,23.25048828125,3.3185954140008107,9135.25390625,64.0,0.5429143414310312,"{""Multiple-defects"": 0.6796610169491525, ""fracture"": 0.5069679849340867, ""inner warping"": 0.2769480695294309, ""outer warping"": 0.7188615970271005, ""paint nodule"": 0.6899159663865547}",0.6857145801034974,0.2193689080694025,0.5981454849243164,0.5429143414310312,0.5284899280127793,0.5133124494326079,0.4942576188204054,1103.8125,8.169934025001567,9135.25390625,,
p0_anomaly_3cad|Iron_Stator|dinov2_s|coreset_knn|256|2,p0_anomaly_3cad,Iron_Stator,dinov2_s,653,1112,817,1024,29.813325650999104,2,Tesla T4,coreset_knn,256,2,30.5322265625,2.229943426000318,9135.25390625,256.0,0.5318320436487356,"{""Multiple-defects"": 0.8813559322033898, ""fracture"": 0.5596986817325801, ""inner warping"": 0.3860886987599502, ""outer warping"": 0.5864769328378501, ""paint nodule"": 0.7354507904856858}",0.7425782444324159,0.26770806350959975,0.8583532571792603,0.5318320436487356,0.525817895151754,0.5212580129867436,0.5146235711470241,1103.8125,8.169934025001567,9135.25390625,,
p0_anomaly_3cad|Iron_Stator|dinov2_s|coreset_knn|1024|2,p0_anomaly_3cad,Iron_Stator,dinov2_s,653,1112,817,1024,29.813325650999104,2,Tesla T4,coreset_knn,1024,2,64.66015625,2.5276231030002236,9135.25390625,1024.0,0.5949422235130594,"{""Multiple-defects"": 0.8254237288135593, ""fracture"": 0.40640301318267424, ""inner warping"": 0.4316023176476959, ""outer warping"": 0.6747394181093085, ""paint nodule"": 0.7841618003133458}",0.8238126306414388,0.3880786968699534,1.2937612533569336,0.5949422235130594,0.5992863514719001,0.5960790822147999,0.5854241437254942,1103.8125,8.169934025001567,9135.25390625,,
p0_anomaly_3cad|Iron_Stator|dinov2_s|codebook_dist|64|0,p0_anomaly_3cad,Iron_Stator,dinov2_s,653,1112,817,1024,29.813325650999104,2,Tesla T4,codebook_dist,64,0,9.125,5.267398337000486,9135.25390625,,0.5894155965396345,"{""Multiple-defects"": 0.7338983050847457, ""fracture"": 0.4606403013182674, ""inner warping"": 0.39548383603184056, ""outer warping"": 0.6907368802682861, ""paint nodule"": 0.7883777239709443}",0.86906974220988,0.4092817869524183,1.6253019571304321,0.5894155965396345,0.593975478704645,0.5916021824367778,0.5808538887621102,9.125,7.104201809999722,9135.25390625,0.0,
p0_anomaly_3cad|Iron_Stator|dinov2_s|codebook_dist|64|1,p0_anomaly_3cad,Iron_Stator,dinov2_s,653,1112,817,1024,29.813325650999104,2,Tesla T4,codebook_dist,64,1,9.125,6.415669097001228,9135.25390625,,0.6020164720038172,"{""Multiple-defects"": 0.7101694915254237, ""fracture"": 0.43239171374764596, ""inner warping"": 0.4919477987761953, ""outer warping"": 0.6339254962385571, ""paint nodule"": 0.8022503916820967}",0.8661284822673275,0.40816948476811343,1.6059471368789673,0.6020164720038172,0.5981370454121113,0.593147729394436,0.5780470095222289,9.125,5.05452345500089,9135.25390625,0.0,
p0_anomaly_3cad|Iron_Stator|dinov2_s|codebook_dist|64|2,p0_anomaly_3cad,Iron_Stator,dinov2_s,653,1112,817,1024,29.813325650999104,2,Tesla T4,codebook_dist,64,2,9.125,5.314986985998985,9135.25390625,,0.5870381511524179,"{""Multiple-defects"": 0.6457627118644068, ""fracture"": 0.43766478342749526, ""inner warping"": 0.38779444414360753, ""outer warping"": 0.6868757364270824, ""paint nodule"": 0.8076342401367328}",0.8763906264168305,0.43348679585486183,1.6627408266067505,0.5870381511524179,0.5904113851834949,0.5951413812418314,0.5839553554758002,9.125,7.620848345000923,9135.25390625,0.0,
p0_anomaly_3cad|Iron_Stator|dinov2_s|codebook_dist|256|0,p0_anomaly_3cad,Iron_Stator,dinov2_s,653,1112,817,1024,29.813325650999104,2,Tesla T4,codebook_dist,256,0,9.125,8.46828559200003,9135.25390625,,0.5733875484928324,"{""Multiple-defects"": 0.6627118644067796, ""fracture"": 0.4794726930320151, ""inner warping"": 0.41079763903178645, ""outer warping"": 0.6419740777666999, ""paint nodule"": 0.7910838911835921}",0.8713644438484373,0.42291378584633094,1.6333485841751099,0.5733875484928324,0.5841835570400183,0.5805157355351327,0.5654004937452026,9.125,19.968811255999753,9135.25390625,0.0,
p0_anomaly_3cad|Iron_Stator|dinov2_s|codebook_dist|256|1,p0_anomaly_3cad,Iron_Stator,dinov2_s,653,1112,817,1024,29.813325650999104,2,Tesla T4,codebook_dist,256,1,9.125,7.042968435000148,9135.25390625,,0.5821338920814056,"{""Multiple-defects"": 0.6559322033898305, ""fracture"": 0.5269303201506591, ""inner warping"": 0.4113174852439486, ""outer warping"": 0.6502039336535848, ""paint nodule"": 0.8204244409628257}",0.87377072162492,0.4362177958000018,1.6532742977142334,0.5821338920814056,0.5898802979067693,0.5847644337489368,0.5672634483330913,9.125,21.07479107600011,9135.25390625,0.0,
p0_anomaly_3cad|Iron_Stator|dinov2_s|codebook_dist|256|2,p0_anomaly_3cad,Iron_Stator,dinov2_s,653,1112,817,1024,29.813325650999104,2,Tesla T4,codebook_dist,256,2,9.125,8.39205763300015,9135.25390625,,0.6092483870298528,"{""Multiple-defects"": 0.8169491525423729, ""fracture"": 0.4866290018832391, ""inner warping"": 0.44072128661937515, ""outer warping"": 0.6819450738693013, ""paint nodule"": 0.8298248112804443}",0.8785356210401722,0.45458781677425836,1.6730549335479736,0.6092483870298528,0.6093189220587929,0.6029396510590628,0.5845818724975624,9.125,19.388697505999517,9135.25390625,0.0,
p0_anomaly_3cad|Iron_Stator|dinov2_s|codebook_dist|1024|0,p0_anomaly_3cad,Iron_Stator,dinov2_s,653,1112,817,1024,29.813325650999104,2,Tesla T4,codebook_dist,1024,0,9.125,18.737754301999303,9135.25390625,,0.6503516378648632,"{""Multiple-defects"": 0.847457627118644, ""fracture"": 0.5329566854990584, ""inner warping"": 0.4680511182108626, ""outer warping"": 0.7445753648146469, ""paint nodule"": 0.8392821535393817}",0.8888816380258149,0.46204551195024945,1.8104888200759888,0.6503516378648632,0.6513121589942534,0.6391967304939528,0.6114391220463455,9.125,75.95155024500127,9135.25390625,0.0,
p0_anomaly_3cad|Iron_Stator|dinov2_s|codebook_dist|1024|1,p0_anomaly_3cad,Iron_Stator,dinov2_s,653,1112,817,1024,29.813325650999104,2,Tesla T4,codebook_dist,1024,1,9.125,19.2131533160009,9135.25390625,,0.6438105512105057,"{""Multiple-defects"": 0.8949152542372881, ""fracture"": 0.5269303201506591, ""inner warping"": 0.45395570477067204, ""outer warping"": 0.7448925949424453, ""paint nodule"": 0.8301096709870388}",0.8911867470093625,0.4772409300256111,1.8116437196731567,0.6438105512105057,0.6476609339667656,0.6346368483289422,0.6083314316536315,9.125,72.92450525999993,9135.25390625,0.0,
p0_anomaly_3cad|Iron_Stator|dinov2_s|codebook_dist|1024|2,p0_anomaly_3cad,Iron_Stator,dinov2_s,653,1112,817,1024,29.813325650999104,2,Tesla T4,codebook_dist,1024,2,9.125,18.36583077099931,9135.25390625,,0.6315913947264693,"{""Multiple-defects"": 0.8830508474576271, ""fracture"": 0.5340866290018833, ""inner warping"": 0.4599014458222776, ""outer warping"": 0.7193147829239555, ""paint nodule"": 0.810625267055975}",0.8831010948128859,0.44217632593184963,1.7647234201431274,0.6315913947264693,0.6337032964753231,0.6251312158994253,0.6022654191647823,9.125,78.24893912600055,9135.25390625,0.0,
