run_id,config,category,extractor,n_train,n_test,n_anomalous,patches_per_image,extract_seconds,n_cpu,gpu,method,k,vocab_seed,score_peak_gpu_mb,score_seconds,score_peak_rss_mb,bank_size,image_auroc,image_auroc_by_type,pixel_auroc,aupro,pixel_dprime,image_auroc_top1,image_auroc_top3,image_auroc_top10,image_auroc_top30,vocab_peak_gpu_mb,vocab_seconds,vocab_peak_rss_mb,empty_words,vocab_cache_hit
p0_anomaly_visa|candle|dinov2_s|patch_knn|0|0,p0_anomaly_visa,candle,dinov2_s,900,200,100,1024,43.418640239999945,2,Tesla T4,patch_knn,0,0,4440.671875,52.310240319999934,5770.97265625,921600.0,0.9631000000000001,"{""anomaly"": 0.9631000000000001}",0.9944832640861253,0.973578293182672,7.315367221832275,0.9631000000000001,0.9647,0.965,0.9604,,,,,
p0_anomaly_visa|candle|dinov2_s|coreset_knn|64|0,p0_anomaly_visa,candle,dinov2_s,900,200,100,1024,43.418640239999945,2,Tesla T4,coreset_knn,64,0,23.25048828125,0.22744484299994383,5770.97265625,64.0,0.6838,"{""anomaly"": 0.6838}",0.8959659648314078,0.7819631233923657,2.0866501331329346,0.6838,0.7112,0.7316999999999999,0.7594000000000001,1809.3125,10.433767658999955,5770.97265625,,
p0_anomaly_visa|candle|dinov2_s|coreset_knn|256|0,p0_anomaly_visa,candle,dinov2_s,900,200,100,1024,43.418640239999945,2,Tesla T4,coreset_knn,256,0,30.5322265625,0.28208474099994874,5770.97265625,256.0,0.8385,"{""anomaly"": 0.8385}",0.9482393462592849,0.8641333445237587,3.615328073501587,0.8385,0.8719,0.883,0.8931000000000001,1809.3125,10.433767658999955,5770.97265625,,
p0_anomaly_visa|candle|dinov2_s|coreset_knn|1024|0,p0_anomaly_visa,candle,dinov2_s,900,200,100,1024,43.418640239999945,2,Tesla T4,coreset_knn,1024,0,64.66015625,0.2782397470000433,5770.97265625,1024.0,0.9334,"{""anomaly"": 0.9334}",0.9707912807504889,0.9155616741461777,4.998082160949707,0.9334,0.9442,0.9551000000000001,0.9509000000000001,1809.3125,10.433767658999955,5770.97265625,,
p0_anomaly_visa|candle|dinov2_s|coreset_knn|64|1,p0_anomaly_visa,candle,dinov2_s,900,200,100,1024,43.418640239999945,2,Tesla T4,coreset_knn,64,1,23.25048828125,0.2367943460000106,5770.97265625,64.0,0.7845000000000001,"{""anomaly"": 0.7845000000000001}",0.9086934527938085,0.8218415558277754,2.559882402420044,0.7845000000000001,0.8129,0.8302,0.8484,1809.3125,10.423573544000078,5770.97265625,,
p0_anomaly_visa|candle|dinov2_s|coreset_knn|256|1,p0_anomaly_visa,candle,dinov2_s,900,200,100,1024,43.418640239999945,2,Tesla T4,coreset_knn,256,1,30.5322265625,0.33481901000004655,5770.97265625,256.0,0.8437000000000001,"{""anomaly"": 0.8437000000000001}",0.9593763207557903,0.8554470464974878,3.66833758354187,0.8437000000000001,0.8515999999999999,0.8753,0.8845000000000001,1809.3125,10.423573544000078,5770.97265625,,
p0_anomaly_visa|candle|dinov2_s|coreset_knn|1024|1,p0_anomaly_visa,candle,dinov2_s,900,200,100,1024,43.418640239999945,2,Tesla T4,coreset_knn,1024,1,64.66015625,0.2892602450000368,5770.97265625,1024.0,0.9251,"{""anomaly"": 0.9251}",0.9767035192685101,0.9264059029451795,4.9686713218688965,0.9251,0.9275,0.9341,0.9392,1809.3125,10.423573544000078,5770.97265625,,
p0_anomaly_visa|candle|dinov2_s|coreset_knn|64|2,p0_anomaly_visa,candle,dinov2_s,900,200,100,1024,43.418640239999945,2,Tesla T4,coreset_knn,64,2,23.25048828125,0.24494559499999013,5770.97265625,64.0,0.683,"{""anomaly"": 0.683}",0.8866059660447211,0.7291134625427582,2.25606632232666,0.683,0.7053,0.7464,0.7668,1809.3125,10.474744120999958,5770.97265625,,
p0_anomaly_visa|candle|dinov2_s|coreset_knn|256|2,p0_anomaly_visa,candle,dinov2_s,900,200,100,1024,43.418640239999945,2,Tesla T4,coreset_knn,256,2,30.5322265625,0.33827281399999265,5770.97265625,256.0,0.8531,"{""anomaly"": 0.8531}",0.9550883589422472,0.8631578679094192,3.5080580711364746,0.8531,0.8742999999999999,0.8948,0.9112,1809.3125,10.474744120999958,5770.97265625,,
p0_anomaly_visa|candle|dinov2_s|coreset_knn|1024|2,p0_anomaly_visa,candle,dinov2_s,900,200,100,1024,43.418640239999945,2,Tesla T4,coreset_knn,1024,2,64.66015625,0.27969993300007445,5770.97265625,1024.0,0.9062,"{""anomaly"": 0.9062}",0.9789069340102582,0.9219130413795744,5.210247039794922,0.9062,0.9153,0.9203,0.924,1809.3125,10.474744120999958,5770.97265625,,
p0_anomaly_visa|candle|dinov2_s|codebook_dist|64|0,p0_anomaly_visa,candle,dinov2_s,900,200,100,1024,43.418640239999945,2,Tesla T4,codebook_dist,64,0,9.125,0.7748596509999288,5770.97265625,,0.8659,"{""anomaly"": 0.8659}",0.9760577278114777,0.9434641656481861,5.232027053833008,0.8659,0.8737,0.882,0.8925000000000001,9.125,6.852635468000017,5770.97265625,0.0,
p0_anomaly_visa|candle|dinov2_s|codebook_dist|64|1,p0_anomaly_visa,candle,dinov2_s,900,200,100,1024,43.418640239999945,2,Tesla T4,codebook_dist,64,1,9.125,0.719480319000013,5770.97265625,,0.8914,"{""anomaly"": 0.8914}",0.9761859248389078,0.9381681904150873,5.47636079788208,0.8914,0.8902,0.898,0.9005,9.125,7.884292641000002,5770.97265625,0.0,
p0_anomaly_visa|candle|dinov2_s|codebook_dist|64|2,p0_anomaly_visa,candle,dinov2_s,900,200,100,1024,43.418640239999945,2,Tesla T4,codebook_dist,64,2,9.125,0.7545710869999311,5770.97265625,,0.8381000000000001,"{""anomaly"": 0.8381000000000001}",0.9805634509508091,0.9519136531718294,5.379358768463135,0.8381000000000001,0.8587,0.8769000000000001,0.8848,9.125,9.203668481000022,5770.97265625,0.0,
p0_anomaly_visa|candle|dinov2_s|codebook_dist|256|0,p0_anomaly_visa,candle,dinov2_s,900,200,100,1024,43.418640239999945,2,Tesla T4,codebook_dist,256,0,9.125,1.2605406159999575,5770.97265625,,0.9153999999999999,"{""anomaly"": 0.9153999999999999}",0.9866528406223585,0.9565970421541725,6.0026469230651855,0.9153999999999999,0.9259999999999999,0.9367000000000001,0.9384,9.125,24.91620857600003,5770.97265625,0.0,
p0_anomaly_visa|candle|dinov2_s|codebook_dist|256|1,p0_anomaly_visa,candle,dinov2_s,900,200,100,1024,43.418640239999945,2,Tesla T4,codebook_dist,256,1,9.125,1.253713173000051,5770.97265625,,0.9278000000000001,"{""anomaly"": 0.9278000000000001}",0.9864487189692704,0.9548797731728437,6.082819938659668,0.9278000000000001,0.9332,0.9404,0.9314999999999999,9.125,25.044258906000096,5770.97265625,0.0,
p0_anomaly_visa|candle|dinov2_s|codebook_dist|256|2,p0_anomaly_visa,candle,dinov2_s,900,200,100,1024,43.418640239999945,2,Tesla T4,codebook_dist,256,2,9.125,1.232276539000054,5770.97265625,,0.9242,"{""anomaly"": 0.9242}",0.9859713291468187,0.9561495285269621,6.121072769165039,0.9242,0.9338,0.9325000000000001,0.9258,9.125,23.40903471699994,5770.97265625,0.0,
p0_anomaly_visa|candle|dinov2_s|codebook_dist|1024|0,p0_anomaly_visa,candle,dinov2_s,900,200,100,1024,43.418640239999945,2,Tesla T4,codebook_dist,1024,0,9.125,3.9813812539998708,5893.7734375,,0.9449,"{""anomaly"": 0.9449}",0.9903781684740746,0.9630635282376817,6.486142635345459,0.9449,0.9531999999999999,0.9486,0.938,9.125,86.63763115300003,5770.97265625,0.0,
p0_anomaly_visa|candle|dinov2_s|codebook_dist|1024|1,p0_anomaly_visa,candle,dinov2_s,900,200,100,1024,43.418640239999945,2,Tesla T4,codebook_dist,1024,1,9.125,3.3568856310000683,5893.7734375,,0.9429000000000001,"{""anomaly"": 0.9429000000000001}",0.990763047840402,0.9650441748640386,6.529946327209473,0.9429000000000001,0.9496,0.9454,0.9448,9.125,90.35044525299986,5893.7734375,0.0,
p0_anomaly_visa|candle|dinov2_s|codebook_dist|1024|2,p0_anomaly_visa,candle,dinov2_s,900,200,100,1024,43.418640239999945,2,Tesla T4,codebook_dist,1024,2,9.125,3.256853091000039,5893.7734375,,0.9366,"{""anomaly"": 0.9366}",0.9909339454792913,0.9664585320979867,6.526783466339111,0.9366,0.9497,0.9471999999999999,0.9356,9.125,90.11786344200004,5893.7734375,0.0,
p0_anomaly_visa|capsules|dinov2_s|patch_knn|0|0,p0_anomaly_visa,capsules,dinov2_s,542,160,100,1024,15.854355777000137,2,Tesla T4,patch_knn,0,0,3904.03125,30.86280393600009,5893.7734375,555008.0,0.9835,"{""anomaly"": 0.9835}",0.9892586482191236,0.9506462050943079,6.626153945922852,0.9835,0.9811666666666667,0.9678333333333333,0.9568333333333334,,,,,
p0_anomaly_visa|capsules|dinov2_s|coreset_knn|64|0,p0_anomaly_visa,capsules,dinov2_s,542,160,100,1024,15.854355777000137,2,Tesla T4,coreset_knn,64,0,23.25048828125,0.1836189809998814,5893.7734375,64.0,0.8364999999999999,"{""anomaly"": 0.8364999999999999}",0.8962350006349799,0.5867570955502129,2.4149417877197266,0.8364999999999999,0.8661666666666666,0.8838333333333332,0.8953333333333333,1094.3125,6.253048972999977,5893.7734375,,
p0_anomaly_visa|capsules|dinov2_s|coreset_knn|256|0,p0_anomaly_visa,capsules,dinov2_s,542,160,100,1024,15.854355777000137,2,Tesla T4,coreset_knn,256,0,30.5322265625,0.24587738300010642,5893.7734375,256.0,0.8945,"{""anomaly"": 0.8945}",0.9455336036839662,0.7402391559384293,3.6016440391540527,0.8945,0.9118333333333334,0.9148333333333333,0.9125,1094.3125,6.253048972999977,5893.7734375,,
p0_anomaly_visa|capsules|dinov2_s|coreset_knn|1024|0,p0_anomaly_visa,capsules,dinov2_s,542,160,100,1024,15.854355777000137,2,Tesla T4,coreset_knn,1024,0,64.66015625,0.22827898399987134,5893.7734375,1024.0,0.9296666666666666,"{""anomaly"": 0.9296666666666666}",0.9802185712875412,0.9033051997029623,5.0883002281188965,0.9296666666666666,0.9408333333333333,0.9438333333333334,0.9325,1094.3125,6.253048972999977,5893.7734375,,
p0_anomaly_visa|capsules|dinov2_s|coreset_knn|64|1,p0_anomaly_visa,capsules,dinov2_s,542,160,100,1024,15.854355777000137,2,Tesla T4,coreset_knn,64,1,23.25048828125,0.18092387500018958,5893.7734375,64.0,0.8311666666666666,"{""anomaly"": 0.8311666666666666}",0.8845900926966014,0.6121469382521874,2.358139991760254,0.8311666666666666,0.8396666666666667,0.8418333333333333,0.8168333333333334,1095.3125,6.2927770339999825,5893.7734375,,
p0_anomaly_visa|capsules|dinov2_s|coreset_knn|256|1,p0_anomaly_visa,capsules,dinov2_s,542,160,100,1024,15.854355777000137,2,Tesla T4,coreset_knn,256,1,30.5322265625,0.17673502300021937,5893.7734375,256.0,0.865,"{""anomaly"": 0.865}",0.9454853311428073,0.7376783071970069,3.766247034072876,0.865,0.8795,0.8886666666666667,0.8808333333333334,1095.3125,6.2927770339999825,5893.7734375,,
p0_anomaly_visa|capsules|dinov2_s|coreset_knn|1024|1,p0_anomaly_visa,capsules,dinov2_s,542,160,100,1024,15.854355777000137,2,Tesla T4,coreset_knn,1024,1,64.66015625,0.23525764300006813,5893.7734375,1024.0,0.9391666666666668,"{""anomaly"": 0.9391666666666668}",0.9729909948517125,0.9040240202359403,5.165273189544678,0.9391666666666668,0.955,0.9528333333333333,0.9496666666666667,1095.3125,6.2927770339999825,5893.7734375,,
p0_anomaly_visa|capsules|dinov2_s|coreset_knn|64|2,p0_anomaly_visa,capsules,dinov2_s,542,160,100,1024,15.854355777000137,2,Tesla T4,coreset_knn,64,2,23.25048828125,0.1869431600000553,5893.7734375,64.0,0.7851666666666667,"{""anomaly"": 0.7851666666666667}",0.913062897973262,0.6082145475591169,2.636051654815674,0.7851666666666667,0.7891666666666667,0.7903333333333334,0.7890000000000001,1095.3125,6.295682726999985,5893.7734375,,
p0_anomaly_visa|capsules|dinov2_s|coreset_knn|256|2,p0_anomaly_visa,capsules,dinov2_s,542,160,100,1024,15.854355777000137,2,Tesla T4,coreset_knn,256,2,30.5322265625,0.2568258510000305,5893.7734375,256.0,0.8906666666666667,"{""anomaly"": 0.8906666666666667}",0.9583139860596736,0.7905904772557225,3.5544400215148926,0.8906666666666667,0.8976666666666667,0.897,0.8901666666666667,1095.3125,6.295682726999985,5893.7734375,,
p0_anomaly_visa|capsules|dinov2_s|coreset_knn|1024|2,p0_anomaly_visa,capsules,dinov2_s,542,160,100,1024,15.854355777000137,2,Tesla T4,coreset_knn,1024,2,64.66015625,0.22539901900017867,5893.7734375,1024.0,0.9556666666666667,"{""anomaly"": 0.9556666666666667}",0.9815839832738684,0.8775037589039747,5.147245407104492,0.9556666666666667,0.9558333333333333,0.9525,0.9374999999999999,1095.3125,6.295682726999985,5893.7734375,,
p0_anomaly_visa|capsules|dinov2_s|codebook_dist|64|0,p0_anomaly_visa,capsules,dinov2_s,542,160,100,1024,15.854355777000137,2,Tesla T4,codebook_dist,64,0,9.125,0.8805848389999937,5893.7734375,,0.8923333333333334,"{""anomaly"": 0.8923333333333334}",0.9676889707085435,0.8762852656972846,4.268245220184326,0.8923333333333334,0.9025,0.909,0.9141666666666667,9.125,6.1981468619999305,5893.7734375,0.0,
p0_anomaly_visa|capsules|dinov2_s|codebook_dist|64|1,p0_anomaly_visa,capsules,dinov2_s,542,160,100,1024,15.854355777000137,2,Tesla T4,codebook_dist,64,1,9.125,0.5798170850000588,5893.7734375,,0.9328333333333334,"{""anomaly"": 0.9328333333333334}",0.9643087903293747,0.8477519811618103,4.193211555480957,0.9328333333333334,0.9291666666666667,0.9205,0.915,9.125,5.178443153999979,5893.7734375,0.0,
p0_anomaly_visa|capsules|dinov2_s|codebook_dist|64|2,p0_anomaly_visa,capsules,dinov2_s,542,160,100,1024,15.854355777000137,2,Tesla T4,codebook_dist,64,2,9.125,0.5570695600001727,5893.7734375,,0.9085,"{""anomaly"": 0.9085}",0.9690314731135139,0.8623861639826969,4.362000465393066,0.9085,0.889,0.8871666666666667,0.8953333333333333,9.125,5.428563457000109,5893.7734375,0.0,
p0_anomaly_visa|capsules|dinov2_s|codebook_dist|256|0,p0_anomaly_visa,capsules,dinov2_s,542,160,100,1024,15.854355777000137,2,Tesla T4,codebook_dist,256,0,9.125,0.9670173560000421,5893.7734375,,0.9331666666666667,"{""anomaly"": 0.9331666666666667}",0.9810442219675335,0.9072559190214845,4.957734107971191,0.9331666666666667,0.9211666666666667,0.9221666666666666,0.9173333333333332,9.125,25.296208281999952,5893.7734375,0.0,
p0_anomaly_visa|capsules|dinov2_s|codebook_dist|256|1,p0_anomaly_visa,capsules,dinov2_s,542,160,100,1024,15.854355777000137,2,Tesla T4,codebook_dist,256,1,9.125,1.0016901429999052,5893.7734375,,0.9263333333333333,"{""anomaly"": 0.9263333333333333}",0.9795648202809112,0.9062638352266658,4.996169567108154,0.9263333333333333,0.9239999999999999,0.9218333333333334,0.9225000000000001,9.125,25.826487216000032,5893.7734375,0.0,
p0_anomaly_visa|capsules|dinov2_s|codebook_dist|256|2,p0_anomaly_visa,capsules,dinov2_s,542,160,100,1024,15.854355777000137,2,Tesla T4,codebook_dist,256,2,9.125,0.9688680899998872,5893.7734375,,0.9416666666666667,"{""anomaly"": 0.9416666666666667}",0.9779655999707697,0.9048620198972209,4.8645148277282715,0.9416666666666667,0.9315,0.9228333333333334,0.926,9.125,24.830683886000088,5893.7734375,0.0,
p0_anomaly_visa|capsules|dinov2_s|codebook_dist|1024|0,p0_anomaly_visa,capsules,dinov2_s,542,160,100,1024,15.854355777000137,2,Tesla T4,codebook_dist,1024,0,9.125,2.666742873999965,5893.7734375,,0.9436666666666667,"{""anomaly"": 0.9436666666666667}",0.9821983388683896,0.9282572395047806,5.384145736694336,0.9436666666666667,0.955,0.9448333333333333,0.9386666666666666,9.125,88.28475920799997,5893.7734375,0.0,
p0_anomaly_visa|capsules|dinov2_s|codebook_dist|1024|1,p0_anomaly_visa,capsules,dinov2_s,542,160,100,1024,15.854355777000137,2,Tesla T4,codebook_dist,1024,1,9.125,2.627346417999888,5893.7734375,,0.954,"{""anomaly"": 0.954}",0.9837931242891196,0.9320828314030799,5.410362243652344,0.954,0.957,0.9486666666666668,0.9425,9.125,89.97651509699995,5893.7734375,0.0,
p0_anomaly_visa|capsules|dinov2_s|codebook_dist|1024|2,p0_anomaly_visa,capsules,dinov2_s,542,160,100,1024,15.854355777000137,2,Tesla T4,codebook_dist,1024,2,9.125,3.5078600680001273,5893.7734375,,0.955,"{""anomaly"": 0.955}",0.9845365769823209,0.9285767222033274,5.415974140167236,0.955,0.9451666666666667,0.9391666666666667,0.9348333333333333,9.125,92.30740353500005,5893.7734375,0.0,
p0_anomaly_visa|cashew|dinov2_s|patch_knn|0|0,p0_anomaly_visa,cashew,dinov2_s,450,150,100,1024,14.186950927999987,2,Tesla T4,patch_knn,0,0,3764.9140625,24.430336532999945,5893.7734375,460800.0,0.9514,"{""anomaly"": 0.9514}",0.9974573414017938,0.9547052636136868,7.31327486038208,0.9514,0.9722,0.9796,0.9718,,,,,
p0_anomaly_visa|cashew|dinov2_s|coreset_knn|64|0,p0_anomaly_visa,cashew,dinov2_s,450,150,100,1024,14.186950927999987,2,Tesla T4,coreset_knn,64,0,23.25048828125,0.171560996999915,5893.7734375,64.0,0.7432000000000001,"{""anomaly"": 0.7432000000000001}",0.970674004097135,0.7172280722822849,2.7863523960113525,0.7432000000000001,0.7976,0.8272,0.8423999999999999,911.3125,5.258485013999916,5893.7734375,,
p0_anomaly_visa|cashew|dinov2_s|coreset_knn|256|0,p0_anomaly_visa,cashew,dinov2_s,450,150,100,1024,14.186950927999987,2,Tesla T4,coreset_knn,256,0,29.5322265625,0.17127662200005034,5893.7734375,256.0,0.874,"{""anomaly"": 0.874}",0.9888959334714854,0.7517797039360843,4.1774749755859375,0.874,0.8936000000000001,0.9151999999999999,0.9086000000000001,911.3125,5.258485013999916,5893.7734375,,
p0_anomaly_visa|cashew|dinov2_s|coreset_knn|1024|0,p0_anomaly_visa,cashew,dinov2_s,450,150,100,1024,14.186950927999987,2,Tesla T4,coreset_knn,1024,0,64.66015625,0.28587143300001117,5893.7734375,1024.0,0.9288000000000001,"{""anomaly"": 0.9288000000000001}",0.9962945294633457,0.8889718136058677,6.119303226470947,0.9288000000000001,0.9508000000000001,0.9574000000000001,0.96,911.3125,5.258485013999916,5893.7734375,,
p0_anomaly_visa|cashew|dinov2_s|coreset_knn|64|1,p0_anomaly_visa,cashew,dinov2_s,450,150,100,1024,14.186950927999987,2,Tesla T4,coreset_knn,64,1,23.25048828125,0.1647515999998177,5893.7734375,64.0,0.7272,"{""anomaly"": 0.7272}",0.9256394675901631,0.5452367793480067,2.265232801437378,0.7272,0.7584000000000001,0.7726,0.7654000000000001,911.3125,5.204985409000074,5893.7734375,,
p0_anomaly_visa|cashew|dinov2_s|coreset_knn|256|1,p0_anomaly_visa,cashew,dinov2_s,450,150,100,1024,14.186950927999987,2,Tesla T4,coreset_knn,256,1,29.5322265625,0.21212999499994112,5893.7734375,256.0,0.8944,"{""anomaly"": 0.8944}",0.9896708421977397,0.8088272829399045,4.057793140411377,0.8944,0.9242,0.9446,0.9533999999999999,911.3125,5.204985409000074,5893.7734375,,
p0_anomaly_visa|cashew|dinov2_s|coreset_knn|1024|1,p0_anomaly_visa,cashew,dinov2_s,450,150,100,1024,14.186950927999987,2,Tesla T4,coreset_knn,1024,1,64.66015625,0.2097346309999466,5893.7734375,1024.0,0.9244,"{""anomaly"": 0.9244}",0.9956776420330772,0.8576991209708651,5.821889877319336,0.9244,0.9341999999999999,0.9461999999999999,0.958,911.3125,5.204985409000074,5893.7734375,,
p0_anomaly_visa|cashew|dinov2_s|coreset_knn|64|2,p0_anomaly_visa,cashew,dinov2_s,450,150,100,1024,14.186950927999987,2,Tesla T4,coreset_knn,64,2,23.25048828125,0.2089150829999653,5893.7734375,64.0,0.7958000000000001,"{""anomaly"": 0.7958000000000001}",0.9111043122401015,0.6121296780252861,2.13446044921875,0.7958000000000001,0.8114,0.8475999999999999,0.8745999999999999,911.3125,5.228474463000111,5893.7734375,,
p0_anomaly_visa|cashew|dinov2_s|coreset_knn|256|2,p0_anomaly_visa,cashew,dinov2_s,450,150,100,1024,14.186950927999987,2,Tesla T4,coreset_knn,256,2,29.5322265625,0.1743097979999675,5893.7734375,256.0,0.8924,"{""anomaly"": 0.8924}",0.9844188066374184,0.7933776968673306,3.960754156112671,0.8924,0.9174,0.9308000000000001,0.937,911.3125,5.228474463000111,5893.7734375,,
p0_anomaly_visa|cashew|dinov2_s|coreset_knn|1024|2,p0_anomaly_visa,cashew,dinov2_s,450,150,100,1024,14.186950927999987,2,Tesla T4,coreset_knn,1024,2,64.66015625,0.2183439539999199,5893.7734375,1024.0,0.9369999999999999,"{""anomaly"": 0.9369999999999999}",0.995619318522279,0.8816759869466084,5.704000949859619,0.9369999999999999,0.95,0.9582,0.9618000000000001,911.3125,5.228474463000111,5893.7734375,,
p0_anomaly_visa|cashew|dinov2_s|codebook_dist|64|0,p0_anomaly_visa,cashew,dinov2_s,450,150,100,1024,14.186950927999987,2,Tesla T4,codebook_dist,64,0,9.125,0.5455952840000009,5893.7734375,,0.7807999999999999,"{""anomaly"": 0.7807999999999999}",0.9929726565168274,0.9307469133923663,4.834657192230225,0.7807999999999999,0.8301999999999999,0.845,0.8221999999999999,9.125,8.13797006599998,5893.7734375,0.0,
p0_anomaly_visa|cashew|dinov2_s|codebook_dist|64|1,p0_anomaly_visa,cashew,dinov2_s,450,150,100,1024,14.186950927999987,2,Tesla T4,codebook_dist,64,1,9.125,0.5421476440001243,5893.7734375,,0.8274,"{""anomaly"": 0.8274}",0.9937596437106329,0.9371729148199803,4.955348491668701,0.8274,0.8722,0.897,0.877,9.125,8.620177238999986,5893.7734375,0.0,
p0_anomaly_visa|cashew|dinov2_s|codebook_dist|64|2,p0_anomaly_visa,cashew,dinov2_s,450,150,100,1024,14.186950927999987,2,Tesla T4,codebook_dist,64,2,9.125,0.8081383050000568,5893.7734375,,0.8406,"{""anomaly"": 0.8406}",0.9920908446430655,0.9195778409216726,4.730596542358398,0.8406,0.8732,0.8958,0.878,9.125,5.576087853999979,5893.7734375,0.0,
p0_anomaly_visa|cashew|dinov2_s|codebook_dist|256|0,p0_anomaly_visa,cashew,dinov2_s,450,150,100,1024,14.186950927999987,2,Tesla T4,codebook_dist,256,0,9.125,0.9293207140001414,5893.7734375,,0.9146,"{""anomaly"": 0.9146}",0.9957025144453172,0.9597874776758536,5.880639553070068,0.9146,0.9424,0.9531999999999999,0.9408,9.125,21.381275105999975,5893.7734375,0.0,
p0_anomaly_visa|cashew|dinov2_s|codebook_dist|256|1,p0_anomaly_visa,cashew,dinov2_s,450,150,100,1024,14.186950927999987,2,Tesla T4,codebook_dist,256,1,9.125,0.8968504740000753,5893.7734375,,0.9014,"{""anomaly"": 0.9014}",0.9956338759395945,0.9476999907353094,5.883208751678467,0.9014,0.9372,0.9472,0.9258,9.125,21.043600232000017,5893.7734375,0.0,
p0_anomaly_visa|cashew|dinov2_s|codebook_dist|256|2,p0_anomaly_visa,cashew,dinov2_s,450,150,100,1024,14.186950927999987,2,Tesla T4,codebook_dist,256,2,9.125,0.9197566819998428,5893.7734375,,0.8992,"{""anomaly"": 0.8992}",0.9957461395799776,0.9573125580005623,5.896132469177246,0.8992,0.9332,0.9441999999999999,0.9319999999999999,9.125,23.12485397699993,5893.7734375,0.0,
p0_anomaly_visa|cashew|dinov2_s|codebook_dist|1024|0,p0_anomaly_visa,cashew,dinov2_s,450,150,100,1024,14.186950927999987,2,Tesla T4,codebook_dist,1024,0,9.125,2.6475596410000435,5893.7734375,,0.924,"{""anomaly"": 0.924}",0.996793307926976,0.9528857021913694,6.50372838973999,0.924,0.9528000000000001,0.9626,0.9526,9.125,87.28301693399999,5893.7734375,0.0,
p0_anomaly_visa|cashew|dinov2_s|codebook_dist|1024|1,p0_anomaly_visa,cashew,dinov2_s,450,150,100,1024,14.186950927999987,2,Tesla T4,codebook_dist,1024,1,9.125,2.5184845899998436,5893.7734375,,0.9163999999999999,"{""anomaly"": 0.9163999999999999}",0.9967269141216517,0.954706301167822,6.470720291137695,0.9163999999999999,0.9458000000000001,0.9636,0.9511999999999999,9.125,82.51630749000014,5893.7734375,0.0,
p0_anomaly_visa|cashew|dinov2_s|codebook_dist|1024|2,p0_anomaly_visa,cashew,dinov2_s,450,150,100,1024,14.186950927999987,2,Tesla T4,codebook_dist,1024,2,9.125,3.6590848569999253,5893.7734375,,0.9286000000000001,"{""anomaly"": 0.9286000000000001}",0.996713419275109,0.9567057099100914,6.48707914352417,0.9286000000000001,0.9506,0.9682,0.959,9.125,84.43132370699959,5893.7734375,0.0,
p0_anomaly_visa|chewinggum|dinov2_s|patch_knn|0|0,p0_anomaly_visa,chewinggum,dinov2_s,453,150,100,1024,12.261313721000079,2,Tesla T4,patch_knn,0,0,3768.92578125,24.61333835000005,5893.7734375,463872.0,0.995,"{""anomaly"": 0.995}",0.9925980590793883,0.9118757622626871,8.121865272521973,0.995,0.9929999999999999,0.9873999999999999,0.9835999999999999,,,,,
p0_anomaly_visa|chewinggum|dinov2_s|coreset_knn|64|0,p0_anomaly_visa,chewinggum,dinov2_s,453,150,100,1024,12.261313721000079,2,Tesla T4,coreset_knn,64,0,23.25048828125,0.23548327399976188,5893.7734375,64.0,0.9358,"{""anomaly"": 0.9358}",0.9853775698780981,0.7884951291609603,5.870875358581543,0.9358,0.9368000000000001,0.9431999999999999,0.9481999999999999,915.8125,5.28357340499997,5893.7734375,,
p0_anomaly_visa|chewinggum|dinov2_s|coreset_knn|256|0,p0_anomaly_visa,chewinggum,dinov2_s,453,150,100,1024,12.261313721000079,2,Tesla T4,coreset_knn,256,0,29.5322265625,0.16970405900019614,5893.7734375,256.0,0.9794,"{""anomaly"": 0.9794}",0.9883759732410013,0.8611238389107794,6.688859462738037,0.9794,0.9793999999999999,0.9783999999999999,0.9821999999999999,915.8125,5.28357340499997,5893.7734375,,
p0_anomaly_visa|chewinggum|dinov2_s|coreset_knn|1024|0,p0_anomaly_visa,chewinggum,dinov2_s,453,150,100,1024,12.261313721000079,2,Tesla T4,coreset_knn,1024,0,64.66015625,0.21835364700018545,5893.7734375,1024.0,0.986,"{""anomaly"": 0.986}",0.9898605582407818,0.8916658924626603,7.68968391418457,0.986,0.987,0.9852,0.9842,915.8125,5.28357340499997,5893.7734375,,
p0_anomaly_visa|chewinggum|dinov2_s|coreset_knn|64|1,p0_anomaly_visa,chewinggum,dinov2_s,453,150,100,1024,12.261313721000079,2,Tesla T4,coreset_knn,64,1,23.25048828125,0.15785995400028696,5893.7734375,64.0,0.9573999999999999,"{""anomaly"": 0.9573999999999999}",0.978239403988535,0.7146915113868412,5.143582344055176,0.9573999999999999,0.9548000000000001,0.9538,0.952,915.8125,5.271587511999769,5893.7734375,,
p0_anomaly_visa|chewinggum|dinov2_s|coreset_knn|256|1,p0_anomaly_visa,chewinggum,dinov2_s,453,150,100,1024,12.261313721000079,2,Tesla T4,coreset_knn,256,1,29.5322265625,0.166042379999908,5893.7734375,256.0,0.9726,"{""anomaly"": 0.9726}",0.9873324629738817,0.8483832298010179,7.134621620178223,0.9726,0.9779999999999999,0.9804,0.9773999999999999,915.8125,5.271587511999769,5893.7734375,,
p0_anomaly_visa|chewinggum|dinov2_s|coreset_knn|1024|1,p0_anomaly_visa,chewinggum,dinov2_s,453,150,100,1024,12.261313721000079,2,Tesla T4,coreset_knn,1024,1,64.66015625,0.20479457200008255,5893.7734375,1024.0,0.9848,"{""anomaly"": 0.9848}",0.9899331641426272,0.8945479012712902,7.95474100112915,0.9848,0.985,0.9853999999999999,0.981,915.8125,5.271587511999769,5893.7734375,,
p0_anomaly_visa|chewinggum|dinov2_s|coreset_knn|64|2,p0_anomaly_visa,chewinggum,dinov2_s,453,150,100,1024,12.261313721000079,2,Tesla T4,coreset_knn,64,2,23.25048828125,0.165006706999975,5893.7734375,64.0,0.9292,"{""anomaly"": 0.9292}",0.9853205343441809,0.790032613818585,5.24873161315918,0.9292,0.9437999999999999,0.9478,0.9470000000000001,915.8125,5.25063875800015,5893.7734375,,
p0_anomaly_visa|chewinggum|dinov2_s|coreset_knn|256|2,p0_anomaly_visa,chewinggum,dinov2_s,453,150,100,1024,12.261313721000079,2,Tesla T4,coreset_knn,256,2,29.5322265625,0.1704160550002598,5893.7734375,256.0,0.9712,"{""anomaly"": 0.9712}",0.9850599610388989,0.8373113443855107,6.955556869506836,0.9712,0.9786,0.9824,0.982,915.8125,5.25063875800015,5893.7734375,,
p0_anomaly_visa|chewinggum|dinov2_s|coreset_knn|1024|2,p0_anomaly_visa,chewinggum,dinov2_s,453,150,100,1024,12.261313721000079,2,Tesla T4,coreset_knn,1024,2,64.66015625,0.21501234000015756,5893.7734375,1024.0,0.989,"{""anomaly"": 0.989}",0.98899650403973,0.8882131648924062,7.952704429626465,0.989,0.9853999999999999,0.9832,0.9792,915.8125,5.25063875800015,5893.7734375,,
p0_anomaly_visa|chewinggum|dinov2_s|codebook_dist|64|0,p0_anomaly_visa,chewinggum,dinov2_s,453,150,100,1024,12.261313721000079,2,Tesla T4,codebook_dist,64,0,9.125,0.6800857160001215,5893.7734375,,0.9674,"{""anomaly"": 0.9674}",0.9955145584371146,0.9423952575874353,7.524453163146973,0.9674,0.9766,0.988,0.9872,9.125,5.676894263999657,5893.7734375,0.0,
p0_anomaly_visa|chewinggum|dinov2_s|codebook_dist|64|1,p0_anomaly_visa,chewinggum,dinov2_s,453,150,100,1024,12.261313721000079,2,Tesla T4,codebook_dist,64,1,9.125,0.41384345599999506,5893.7734375,,0.9638,"{""anomaly"": 0.9638}",0.9952241175338388,0.9374028693517278,7.510442733764648,0.9638,0.9763999999999999,0.9892000000000001,0.9863999999999999,9.125,5.227918692999992,5893.7734375,0.0,
p0_anomaly_visa|chewinggum|dinov2_s|codebook_dist|64|2,p0_anomaly_visa,chewinggum,dinov2_s,453,150,100,1024,12.261313721000079,2,Tesla T4,codebook_dist,64,2,9.125,0.42159234299970194,5893.7734375,,0.9611999999999999,"{""anomaly"": 0.9611999999999999}",0.9945793342305653,0.9338692041460421,7.489097595214844,0.9611999999999999,0.9754,0.9886,0.985,9.125,7.104418481000266,5893.7734375,0.0,
p0_anomaly_visa|chewinggum|dinov2_s|codebook_dist|256|0,p0_anomaly_visa,chewinggum,dinov2_s,453,150,100,1024,12.261313721000079,2,Tesla T4,codebook_dist,256,0,9.125,0.7432395309997446,5893.7734375,,0.9688,"{""anomaly"": 0.9688}",0.9941284381237835,0.9286361454658236,7.752044677734375,0.9688,0.9744,0.981,0.9763999999999999,9.125,24.01403864699978,5893.7734375,0.0,
p0_anomaly_visa|chewinggum|dinov2_s|codebook_dist|256|1,p0_anomaly_visa,chewinggum,dinov2_s,453,150,100,1024,12.261313721000079,2,Tesla T4,codebook_dist,256,1,0.0,1.0858170230000042,2719.703125,,0.9648000000000001,"{""anomaly"": 0.9648000000000001}",0.994037808302767,0.9278740052518039,7.738015651702881,0.9648000000000001,0.9734,0.9815999999999999,0.977,0.0,22.619375526,2719.703125,0.0,
p0_anomaly_visa|chewinggum|dinov2_s|codebook_dist|256|2,p0_anomaly_visa,chewinggum,dinov2_s,453,150,100,1024,12.261313721000079,2,Tesla T4,codebook_dist,256,2,0.0,0.874986927000009,2937.23828125,,0.9698,"{""anomaly"": 0.9698}",0.99415779388054,0.9307409476192005,7.852897644042969,0.9698,0.9724,0.9798,0.9757999999999999,0.0,21.34984344299994,2937.23828125,0.0,
p0_anomaly_visa|chewinggum|dinov2_s|codebook_dist|1024|0,p0_anomaly_visa,chewinggum,dinov2_s,453,150,100,1024,12.261313721000079,2,Tesla T4,codebook_dist,1024,0,0.0,2.726331423999909,3245.04296875,,0.9688,"{""anomaly"": 0.9688}",0.9941766871357808,0.930040824308613,7.872239112854004,0.9688,0.972,0.981,0.9794,0.0,83.90123421700002,2946.7265625,0.0,
p0_anomaly_visa|chewinggum|dinov2_s|codebook_dist|1024|1,p0_anomaly_visa,chewinggum,dinov2_s,453,150,100,1024,12.261313721000079,2,Tesla T4,codebook_dist,1024,1,0.0,2.4987501240000256,3245.04296875,,0.9734,"{""anomaly"": 0.9734}",0.9940594015996828,0.9305910881927437,7.850122451782227,0.9734,0.9798,0.9856,0.9806,0.0,80.51706941900011,3245.04296875,0.0,
p0_anomaly_visa|chewinggum|dinov2_s|codebook_dist|1024|2,p0_anomaly_visa,chewinggum,dinov2_s,453,150,100,1024,12.261313721000079,2,Tesla T4,codebook_dist,1024,2,0.0,2.385255629000085,3254.96484375,,0.9734,"{""anomaly"": 0.9734}",0.9939672383584314,0.9273164450101756,7.778956890106201,0.9734,0.9778,0.9846000000000001,0.9767999999999999,0.0,87.40236112499997,3245.04296875,0.0,
p0_anomaly_visa|fryum|dinov2_s|patch_knn|0|0,p0_anomaly_visa,fryum,dinov2_s,450,150,100,1024,29.654036887999837,2,Tesla T4,patch_knn,0,0,3764.9140625,20.760300083999937,3931.37890625,460800.0,0.9812,"{""anomaly"": 0.9812}",0.9584911892258309,0.8526015959213457,3.3599226474761963,0.9812,0.9794,0.9652000000000001,0.9408,,,,,
p0_anomaly_visa|fryum|dinov2_s|coreset_knn|64|0,p0_anomaly_visa,fryum,dinov2_s,450,150,100,1024,29.654036887999837,2,Tesla T4,coreset_knn,64,0,23.25048828125,0.15997075299992503,3931.37890625,64.0,0.8679999999999999,"{""anomaly"": 0.8679999999999999}",0.7139278405656126,0.4632908512504198,0.9730793833732605,0.8679999999999999,0.8754,0.8778,0.8761999999999999,911.3125,5.274744834000103,3931.37890625,,
p0_anomaly_visa|fryum|dinov2_s|coreset_knn|256|0,p0_anomaly_visa,fryum,dinov2_s,450,150,100,1024,29.654036887999837,2,Tesla T4,coreset_knn,256,0,29.5322265625,0.18057781100014836,4071.75,256.0,0.949,"{""anomaly"": 0.949}",0.8446508283865553,0.6119512719642489,1.814950704574585,0.949,0.9546000000000001,0.9506,0.9462,911.3125,5.274744834000103,3931.37890625,,
p0_anomaly_visa|fryum|dinov2_s|coreset_knn|1024|0,p0_anomaly_visa,fryum,dinov2_s,450,150,100,1024,29.654036887999837,2,Tesla T4,coreset_knn,1024,0,64.66015625,0.20729728699984662,4101.90234375,1024.0,0.9668,"{""anomaly"": 0.9668}",0.923456568760732,0.760597631032713,2.698885440826416,0.9668,0.9668000000000001,0.9636,0.9564,911.3125,5.274744834000103,3931.37890625,,
p0_anomaly_visa|fryum|dinov2_s|coreset_knn|64|1,p0_anomaly_visa,fryum,dinov2_s,450,150,100,1024,29.654036887999837,2,Tesla T4,coreset_knn,64,1,23.25048828125,0.23906809199979762,4107.359375,64.0,0.9126,"{""anomaly"": 0.9126}",0.728913693931614,0.4081619537750813,0.9248532652854919,0.9126,0.9087999999999999,0.9044,0.9069999999999999,911.3125,5.257737272999975,4107.359375,,
p0_anomaly_visa|fryum|dinov2_s|coreset_knn|256|1,p0_anomaly_visa,fryum,dinov2_s,450,150,100,1024,29.654036887999837,2,Tesla T4,coreset_knn,256,1,29.5322265625,0.17637635100004445,4107.359375,256.0,0.9458,"{""anomaly"": 0.9458}",0.8571180927983261,0.6559998744530275,1.7726078033447266,0.9458,0.9575999999999999,0.9662,0.9652000000000001,911.3125,5.257737272999975,4107.359375,,
p0_anomaly_visa|fryum|dinov2_s|coreset_knn|1024|1,p0_anomaly_visa,fryum,dinov2_s,450,150,100,1024,29.654036887999837,2,Tesla T4,coreset_knn,1024,1,64.66015625,0.2064878039998348,4107.359375,1024.0,0.964,"{""anomaly"": 0.964}",0.8947718841297343,0.7111333950959414,2.464725971221924,0.964,0.967,0.9606,0.9546,911.3125,5.257737272999975,4107.359375,,
p0_anomaly_visa|fryum|dinov2_s|coreset_knn|64|2,p0_anomaly_visa,fryum,dinov2_s,450,150,100,1024,29.654036887999837,2,Tesla T4,coreset_knn,64,2,23.25048828125,0.1624940039998819,4107.359375,64.0,0.8055999999999999,"{""anomaly"": 0.8055999999999999}",0.6521069502862274,0.3546249423180285,0.670284628868103,0.8055999999999999,0.8092,0.8410000000000001,0.8694000000000001,911.3125,5.211672245000045,4107.359375,,
p0_anomaly_visa|fryum|dinov2_s|coreset_knn|256|2,p0_anomaly_visa,fryum,dinov2_s,450,150,100,1024,29.654036887999837,2,Tesla T4,coreset_knn,256,2,29.5322265625,0.1621922250001262,4107.359375,256.0,0.911,"{""anomaly"": 0.911}",0.8753975914013639,0.6551214871460147,1.8862613439559937,0.911,0.9276000000000001,0.9279999999999999,0.9188000000000001,911.3125,5.211672245000045,4107.359375,,
p0_anomaly_visa|fryum|dinov2_s|coreset_knn|1024|2,p0_anomaly_visa,fryum,dinov2_s,450,150,100,1024,29.654036887999837,2,Tesla T4,coreset_knn,1024,2,64.66015625,0.2836707649998971,4107.359375,1024.0,0.9602,"{""anomaly"": 0.9602}",0.9131845601593505,0.7336255365173543,2.5264880657196045,0.9602,0.961,0.9518000000000001,0.9463999999999999,911.3125,5.211672245000045,4107.359375,,
p0_anomaly_visa|fryum|dinov2_s|codebook_dist|64|0,p0_anomaly_visa,fryum,dinov2_s,450,150,100,1024,29.654036887999837,2,Tesla T4,codebook_dist,64,0,9.125,0.521378820000109,4195.6640625,,0.9242000000000001,"{""anomaly"": 0.9242000000000001}",0.8753303697601401,0.7698074161981927,2.0977954864501953,0.9242000000000001,0.9238,0.9148,0.9004,9.125,5.144487025999979,4195.6640625,0.0,
p0_anomaly_visa|fryum|dinov2_s|codebook_dist|64|1,p0_anomaly_visa,fryum,dinov2_s,450,150,100,1024,29.654036887999837,2,Tesla T4,codebook_dist,64,1,9.125,0.5179647400000249,4195.6640625,,0.9313999999999999,"{""anomaly"": 0.9313999999999999}",0.8874197561630847,0.7829606206855514,2.161264181137085,0.9313999999999999,0.9289999999999999,0.9168,0.8996,9.125,5.76356752200013,4195.6640625,0.0,
p0_anomaly_visa|fryum|dinov2_s|codebook_dist|64|2,p0_anomaly_visa,fryum,dinov2_s,450,150,100,1024,29.654036887999837,2,Tesla T4,codebook_dist,64,2,9.125,0.4944605309999588,4227.234375,,0.931,"{""anomaly"": 0.931}",0.8950493423642224,0.7803056014346548,2.22114634513855,0.931,0.928,0.9159999999999999,0.8986,9.125,8.320734019000156,4227.234375,0.0,
p0_anomaly_visa|fryum|dinov2_s|codebook_dist|256|0,p0_anomaly_visa,fryum,dinov2_s,450,150,100,1024,29.654036887999837,2,Tesla T4,codebook_dist,256,0,9.125,1.308954649000043,4227.234375,,0.9326,"{""anomaly"": 0.9326}",0.9276828417647206,0.8196705569807405,2.620610475540161,0.9326,0.9421999999999999,0.9322000000000001,0.9033999999999999,9.125,21.068982796,4227.234375,0.0,
p0_anomaly_visa|fryum|dinov2_s|codebook_dist|256|1,p0_anomaly_visa,fryum,dinov2_s,450,150,100,1024,29.654036887999837,2,Tesla T4,codebook_dist,256,1,9.125,0.8660293919999731,4227.234375,,0.9314,"{""anomaly"": 0.9314}",0.931615759183853,0.834072915198788,2.6760811805725098,0.9314,0.9430000000000001,0.939,0.9121999999999999,9.125,20.76095371700012,4227.234375,0.0,
p0_anomaly_visa|fryum|dinov2_s|codebook_dist|256|2,p0_anomaly_visa,fryum,dinov2_s,450,150,100,1024,29.654036887999837,2,Tesla T4,codebook_dist,256,2,9.125,0.8640936450001391,4227.234375,,0.925,"{""anomaly"": 0.925}",0.9278838208991725,0.8182177635404755,2.597261905670166,0.925,0.9378000000000001,0.935,0.9060000000000001,9.125,19.91828600100007,4227.234375,0.0,
p0_anomaly_visa|fryum|dinov2_s|codebook_dist|1024|0,p0_anomaly_visa,fryum,dinov2_s,450,150,100,1024,29.654036887999837,2,Tesla T4,codebook_dist,1024,0,9.125,3.0857237100001385,4493.3046875,,0.9644,"{""anomaly"": 0.9644}",0.942583964216239,0.8245891860327004,2.896742582321167,0.9644,0.9672,0.9514,0.9299999999999999,9.125,80.53888814399988,4227.234375,0.0,
p0_anomaly_visa|fryum|dinov2_s|codebook_dist|1024|1,p0_anomaly_visa,fryum,dinov2_s,450,150,100,1024,29.654036887999837,2,Tesla T4,codebook_dist,1024,1,9.125,2.395543094000004,4495.70703125,,0.9778,"{""anomaly"": 0.9778}",0.9414933747786075,0.828446095997995,2.894118070602417,0.9778,0.977,0.9554,0.9354,9.125,77.296922623,4493.3046875,0.0,
p0_anomaly_visa|fryum|dinov2_s|codebook_dist|1024|2,p0_anomaly_visa,fryum,dinov2_s,450,150,100,1024,29.654036887999837,2,Tesla T4,codebook_dist,1024,2,9.125,2.3294306299999334,4504.97265625,,0.9733999999999999,"{""anomaly"": 0.9733999999999999}",0.9402184763753446,0.8262015491869595,2.8851916790008545,0.9733999999999999,0.9797999999999999,0.9595999999999999,0.9376,9.125,79.04699452499995,4495.70703125,0.0,
p0_anomaly_visa|macaroni1|dinov2_s|patch_knn|0|0,p0_anomaly_visa,macaroni1,dinov2_s,900,200,100,1024,20.853066430000126,2,Tesla T4,patch_knn,0,0,4440.671875,51.125594715000034,6141.01953125,921600.0,0.9303999999999999,"{""anomaly"": 0.9303999999999999}",0.9590179641199528,0.797002763319867,3.5761265754699707,0.9303999999999999,0.9169,0.8588,0.7918999999999999,,,,,
p0_anomaly_visa|macaroni1|dinov2_s|coreset_knn|64|0,p0_anomaly_visa,macaroni1,dinov2_s,900,200,100,1024,20.853066430000126,2,Tesla T4,coreset_knn,64,0,23.25048828125,0.21204416599994147,6141.01953125,64.0,0.6919,"{""anomaly"": 0.6919}",0.7625112729887039,0.4771900387211267,1.1501578092575073,0.6919,0.7237,0.7403000000000001,0.7426999999999999,1809.3125,10.298540199999934,6141.01953125,,
p0_anomaly_visa|macaroni1|dinov2_s|coreset_knn|256|0,p0_anomaly_visa,macaroni1,dinov2_s,900,200,100,1024,20.853066430000126,2,Tesla T4,coreset_knn,256,0,30.5322265625,0.22069183799999337,6141.01953125,256.0,0.8289,"{""anomaly"": 0.8289}",0.838177286261689,0.6554128257984698,1.9506962299346924,0.8289,0.834,0.827,0.8190999999999999,1809.3125,10.298540199999934,6141.01953125,,
p0_anomaly_visa|macaroni1|dinov2_s|coreset_knn|1024|0,p0_anomaly_visa,macaroni1,dinov2_s,900,200,100,1024,20.853066430000126,2,Tesla T4,coreset_knn,1024,0,64.66015625,0.31801124399999026,6141.01953125,1024.0,0.8913,"{""anomaly"": 0.8913}",0.884995796532055,0.7133385258122346,2.655489444732666,0.8913,0.9006000000000001,0.8687000000000001,0.8225,1809.3125,10.298540199999934,6141.01953125,,
p0_anomaly_visa|macaroni1|dinov2_s|coreset_knn|64|1,p0_anomaly_visa,macaroni1,dinov2_s,900,200,100,1024,20.853066430000126,2,Tesla T4,coreset_knn,64,1,23.25048828125,0.21040647499989973,6141.01953125,64.0,0.6978,"{""anomaly"": 0.6978}",0.6848256169760206,0.405611736008027,0.8261528611183167,0.6978,0.7483,0.7957,0.8092999999999999,1809.3125,10.324504735000119,6141.01953125,,
p0_anomaly_visa|macaroni1|dinov2_s|coreset_knn|256|1,p0_anomaly_visa,macaroni1,dinov2_s,900,200,100,1024,20.853066430000126,2,Tesla T4,coreset_knn,256,1,30.5322265625,0.20720211799994104,6141.01953125,256.0,0.8420000000000001,"{""anomaly"": 0.8420000000000001}",0.8597531379090212,0.5970580010061729,1.9084662199020386,0.8420000000000001,0.8654000000000001,0.8601,0.8141,1809.3125,10.324504735000119,6141.01953125,,
p0_anomaly_visa|macaroni1|dinov2_s|coreset_knn|1024|1,p0_anomaly_visa,macaroni1,dinov2_s,900,200,100,1024,20.853066430000126,2,Tesla T4,coreset_knn,1024,1,64.66015625,0.32525362900014443,6141.01953125,1024.0,0.8806999999999999,"{""anomaly"": 0.8806999999999999}",0.8885925228038718,0.6993727970597634,2.423210620880127,0.8806999999999999,0.8815,0.8549,0.8210000000000001,1809.3125,10.324504735000119,6141.01953125,,
p0_anomaly_visa|macaroni1|dinov2_s|coreset_knn|64|2,p0_anomaly_visa,macaroni1,dinov2_s,900,200,100,1024,20.853066430000126,2,Tesla T4,coreset_knn,64,2,23.25048828125,0.2839767949999441,6141.01953125,64.0,0.7523,"{""anomaly"": 0.7523}",0.7119850588675133,0.407244534383564,0.8721216917037964,0.7523,0.7716,0.7841,0.7883,1809.3125,10.306736712999964,6141.01953125,,
p0_anomaly_visa|macaroni1|dinov2_s|coreset_knn|256|2,p0_anomaly_visa,macaroni1,dinov2_s,900,200,100,1024,20.853066430000126,2,Tesla T4,coreset_knn,256,2,30.5322265625,0.23060947199996917,6141.01953125,256.0,0.7749,"{""anomaly"": 0.7749}",0.823495617048821,0.5950912633097477,1.7965834140777588,0.7749,0.7787000000000001,0.7898999999999999,0.7664,1809.3125,10.306736712999964,6141.01953125,,
p0_anomaly_visa|macaroni1|dinov2_s|coreset_knn|1024|2,p0_anomaly_visa,macaroni1,dinov2_s,900,200,100,1024,20.853066430000126,2,Tesla T4,coreset_knn,1024,2,64.66015625,0.3506182149999404,6141.01953125,1024.0,0.8975,"{""anomaly"": 0.8975}",0.8749396024529951,0.6839999164519506,2.4630954265594482,0.8975,0.8896999999999999,0.8686999999999999,0.8293999999999999,1809.3125,10.306736712999964,6141.01953125,,
p0_anomaly_visa|macaroni1|dinov2_s|codebook_dist|64|0,p0_anomaly_visa,macaroni1,dinov2_s,900,200,100,1024,20.853066430000126,2,Tesla T4,codebook_dist,64,0,9.125,0.6858273029999964,6141.01953125,,0.9407,"{""anomaly"": 0.9407}",0.9367454763422706,0.8087511180684143,3.1447150707244873,0.9407,0.9606000000000001,0.9099999999999999,0.8391,9.125,5.2794234999998935,6141.01953125,0.0,
p0_anomaly_visa|macaroni1|dinov2_s|codebook_dist|64|1,p0_anomaly_visa,macaroni1,dinov2_s,900,200,100,1024,20.853066430000126,2,Tesla T4,codebook_dist,64,1,9.125,0.6860384599999634,6141.01953125,,0.8825000000000001,"{""anomaly"": 0.8825000000000001}",0.9492484590988285,0.810911641075141,3.2492318153381348,0.8825000000000001,0.8886,0.8666999999999999,0.8111,9.125,5.49038091400007,6141.01953125,0.0,
p0_anomaly_visa|macaroni1|dinov2_s|codebook_dist|64|2,p0_anomaly_visa,macaroni1,dinov2_s,900,200,100,1024,20.853066430000126,2,Tesla T4,codebook_dist,64,2,0.0,1.0144462869998279,4301.8046875,,0.8746999999999999,"{""anomaly"": 0.8746999999999999}",0.9349565842052338,0.7746908471672047,3.00311279296875,0.8746999999999999,0.8801,0.8447,0.7953,9.125,4.728138075999823,6141.01953125,0.0,True
p0_anomaly_visa|macaroni1|dinov2_s|codebook_dist|256|0,p0_anomaly_visa,macaroni1,dinov2_s,900,200,100,1024,20.853066430000126,2,Tesla T4,codebook_dist,256,0,0.0,1.2525370809999004,4301.8046875,,0.8722000000000001,"{""anomaly"": 0.8722000000000001}",0.9518364568405625,0.8065280115629899,3.3402726650238037,0.8722000000000001,0.8636999999999999,0.8245,0.77,0.0,25.044342563999862,4301.8046875,0.0,
p0_anomaly_visa|macaroni1|dinov2_s|codebook_dist|256|1,p0_anomaly_visa,macaroni1,dinov2_s,900,200,100,1024,20.853066430000126,2,Tesla T4,codebook_dist,256,1,0.0,1.4174935369999275,4301.8046875,,0.8775000000000001,"{""anomaly"": 0.8775000000000001}",0.9579223691880041,0.8055760548251637,3.4627134799957275,0.8775000000000001,0.8783,0.8192,0.7748000000000002,0.0,24.259879290999834,4301.8046875,0.0,
p0_anomaly_visa|macaroni1|dinov2_s|codebook_dist|256|2,p0_anomaly_visa,macaroni1,dinov2_s,900,200,100,1024,20.853066430000126,2,Tesla T4,codebook_dist,256,2,0.0,1.644478917000015,4301.8046875,,0.8830000000000001,"{""anomaly"": 0.8830000000000001}",0.9595566813210444,0.8078962226085825,3.470243215560913,0.8830000000000001,0.8908999999999999,0.8305,0.7753000000000001,0.0,24.123613222999893,4301.8046875,0.0,
p0_anomaly_visa|macaroni1|dinov2_s|codebook_dist|1024|0,p0_anomaly_visa,macaroni1,dinov2_s,900,200,100,1024,20.853066430000126,2,Tesla T4,codebook_dist,1024,0,0.0,3.8076481440000407,4381.07421875,,0.8853000000000001,"{""anomaly"": 0.8853000000000001}",0.9587146507484169,0.8127887319189325,3.5734896659851074,0.8853000000000001,0.9038999999999999,0.879,0.8173999999999999,0.0,96.97116206199985,4301.8046875,0.0,
p0_anomaly_visa|macaroni1|dinov2_s|codebook_dist|1024|1,p0_anomaly_visa,macaroni1,dinov2_s,900,200,100,1024,20.853066430000126,2,Tesla T4,codebook_dist,1024,1,0.0,3.4339490209999894,4381.07421875,,0.894,"{""anomaly"": 0.894}",0.9565835024272634,0.8026264080009842,3.4534783363342285,0.894,0.9036000000000001,0.8785000000000001,0.8187,0.0,93.54615909099994,4381.07421875,0.0,
p0_anomaly_visa|macaroni1|dinov2_s|codebook_dist|1024|2,p0_anomaly_visa,macaroni1,dinov2_s,900,200,100,1024,20.853066430000126,2,Tesla T4,codebook_dist,1024,2,0.0,4.167017287000135,4381.109375,,0.9097,"{""anomaly"": 0.9097}",0.9586102330522325,0.8133289143298147,3.568958044052124,0.9097,0.9181999999999999,0.8904000000000001,0.8268,0.0,94.46614265300013,4381.07421875,0.0,
p0_anomaly_visa|macaroni2|dinov2_s|patch_knn|0|0,p0_anomaly_visa,macaroni2,dinov2_s,900,200,100,1024,41.57743350800024,2,Tesla T4,patch_knn,0,0,4440.671875,57.200082476000034,5860.75390625,921600.0,0.8402,"{""anomaly"": 0.8402}",0.9910850472839151,0.9379183700118731,4.082241535186768,0.8402,0.8423999999999999,0.7993,0.7457000000000001,,,,,
p0_anomaly_visa|macaroni2|dinov2_s|coreset_knn|64|0,p0_anomaly_visa,macaroni2,dinov2_s,900,200,100,1024,41.57743350800024,2,Tesla T4,coreset_knn,64,0,23.25048828125,0.23244409299991275,5860.75390625,64.0,0.5639,"{""anomaly"": 0.5639}",0.8018670637176217,0.41411790159837125,1.0920952558517456,0.5639,0.5601,0.542,0.5263,1809.3125,10.446664661999876,5860.75390625,,
p0_anomaly_visa|macaroni2|dinov2_s|coreset_knn|256|0,p0_anomaly_visa,macaroni2,dinov2_s,900,200,100,1024,41.57743350800024,2,Tesla T4,coreset_knn,256,0,30.5322265625,0.23047766399986358,5860.75390625,256.0,0.6189,"{""anomaly"": 0.6189}",0.8586540076686765,0.6283586508628051,1.5241652727127075,0.6189,0.6258,0.5977,0.5626,1809.3125,10.446664661999876,5860.75390625,,
p0_anomaly_visa|macaroni2|dinov2_s|coreset_knn|1024|0,p0_anomaly_visa,macaroni2,dinov2_s,900,200,100,1024,41.57743350800024,2,Tesla T4,coreset_knn,1024,0,64.66015625,0.3550229079999099,5860.75390625,1024.0,0.7797999999999999,"{""anomaly"": 0.7797999999999999}",0.9287927429264949,0.8355093805123933,2.339495897293091,0.7797999999999999,0.7765,0.7505,0.6924999999999999,1809.3125,10.446664661999876,5860.75390625,,
p0_anomaly_visa|macaroni2|dinov2_s|coreset_knn|64|1,p0_anomaly_visa,macaroni2,dinov2_s,900,200,100,1024,41.57743350800024,2,Tesla T4,coreset_knn,64,1,23.25048828125,0.23357855600011135,5860.75390625,64.0,0.5318,"{""anomaly"": 0.5318}",0.6455214280907232,0.17190114526193634,0.5091202855110168,0.5318,0.5451,0.5605,0.5763,1809.3125,10.339867980999998,5860.75390625,,
p0_anomaly_visa|macaroni2|dinov2_s|coreset_knn|256|1,p0_anomaly_visa,macaroni2,dinov2_s,900,200,100,1024,41.57743350800024,2,Tesla T4,coreset_knn,256,1,30.5322265625,0.2300154769998244,5860.75390625,256.0,0.7056000000000001,"{""anomaly"": 0.7056000000000001}",0.8676012781782926,0.6403151993652739,1.5975905656814575,0.7056000000000001,0.7241000000000001,0.6945000000000001,0.6522000000000001,1809.3125,10.339867980999998,5860.75390625,,
p0_anomaly_visa|macaroni2|dinov2_s|coreset_knn|1024|1,p0_anomaly_visa,macaroni2,dinov2_s,900,200,100,1024,41.57743350800024,2,Tesla T4,coreset_knn,1024,1,64.66015625,0.36805966299994,5860.75390625,1024.0,0.7868,"{""anomaly"": 0.7868}",0.921800391595974,0.7593242564170923,2.2893335819244385,0.7868,0.7849999999999999,0.7685000000000001,0.7369,1809.3125,10.339867980999998,5860.75390625,,
p0_anomaly_visa|macaroni2|dinov2_s|coreset_knn|64|2,p0_anomaly_visa,macaroni2,dinov2_s,900,200,100,1024,41.57743350800024,2,Tesla T4,coreset_knn,64,2,23.25048828125,0.27161055500005205,5860.75390625,64.0,0.5709000000000001,"{""anomaly"": 0.5709000000000001}",0.7123688208939865,0.317023623056531,0.7672862410545349,0.5709000000000001,0.5176000000000001,0.48769999999999997,0.48169999999999996,1809.3125,10.3665718929999,5860.75390625,,
p0_anomaly_visa|macaroni2|dinov2_s|coreset_knn|256|2,p0_anomaly_visa,macaroni2,dinov2_s,900,200,100,1024,41.57743350800024,2,Tesla T4,coreset_knn,256,2,30.5322265625,0.23525749800000995,5860.75390625,256.0,0.6699,"{""anomaly"": 0.6699}",0.893197466205062,0.6230932757963972,1.5963956117630005,0.6699,0.6432999999999999,0.6143000000000001,0.5733,1809.3125,10.3665718929999,5860.75390625,,
p0_anomaly_visa|macaroni2|dinov2_s|coreset_knn|1024|2,p0_anomaly_visa,macaroni2,dinov2_s,900,200,100,1024,41.57743350800024,2,Tesla T4,coreset_knn,1024,2,64.66015625,0.4183379389999118,5860.75390625,1024.0,0.7437,"{""anomaly"": 0.7437}",0.9274664010782863,0.7314876613983727,2.181943893432617,0.7437,0.7466,0.7192,0.6649999999999999,1809.3125,10.3665718929999,5860.75390625,,
p0_anomaly_visa|macaroni2|dinov2_s|codebook_dist|64|0,p0_anomaly_visa,macaroni2,dinov2_s,900,200,100,1024,41.57743350800024,2,Tesla T4,codebook_dist,64,0,9.125,1.0301937689998795,5860.75390625,,0.7702,"{""anomaly"": 0.7702}",0.9470345757978156,0.7768049824939176,2.5747928619384766,0.7702,0.7735000000000001,0.7398,0.7027,9.125,6.172093867000058,5860.75390625,0.0,
p0_anomaly_visa|macaroni2|dinov2_s|codebook_dist|64|1,p0_anomaly_visa,macaroni2,dinov2_s,900,200,100,1024,41.57743350800024,2,Tesla T4,codebook_dist,64,1,9.125,1.128571976000103,5860.75390625,,0.8265,"{""anomaly"": 0.8265}",0.9465624195684216,0.8439555893075803,3.0147268772125244,0.8265,0.8251999999999999,0.7824,0.7393,9.125,5.77498429100001,5860.75390625,0.0,
p0_anomaly_visa|macaroni2|dinov2_s|codebook_dist|64|2,p0_anomaly_visa,macaroni2,dinov2_s,900,200,100,1024,41.57743350800024,2,Tesla T4,codebook_dist,64,2,9.125,1.0422943530002158,5860.75390625,,0.8407000000000001,"{""anomaly"": 0.8407000000000001}",0.9471633256490185,0.8418052881489728,2.9627442359924316,0.8407000000000001,0.8367,0.7943,0.7471,9.125,6.247451783000088,5860.75390625,0.0,
p0_anomaly_visa|macaroni2|dinov2_s|codebook_dist|256|0,p0_anomaly_visa,macaroni2,dinov2_s,900,200,100,1024,41.57743350800024,2,Tesla T4,codebook_dist,256,0,9.125,1.8195351780000237,5860.75390625,,0.7216,"{""anomaly"": 0.7216}",0.9663247137325354,0.8599295218541227,2.980590343475342,0.7216,0.73,0.6894000000000001,0.6569,9.125,22.791649029000382,5860.75390625,0.0,
p0_anomaly_visa|macaroni2|dinov2_s|codebook_dist|256|1,p0_anomaly_visa,macaroni2,dinov2_s,900,200,100,1024,41.57743350800024,2,Tesla T4,codebook_dist,256,1,9.125,1.8585454150002079,5860.75390625,,0.7173,"{""anomaly"": 0.7173}",0.9637798563505215,0.8569263922654438,2.9534621238708496,0.7173,0.7167999999999999,0.6923999999999999,0.6546000000000001,9.125,25.30758975200024,5860.75390625,0.0,
p0_anomaly_visa|macaroni2|dinov2_s|codebook_dist|256|2,p0_anomaly_visa,macaroni2,dinov2_s,900,200,100,1024,41.57743350800024,2,Tesla T4,codebook_dist,256,2,9.125,1.2663021969997317,5860.75390625,,0.741,"{""anomaly"": 0.741}",0.9675748479764638,0.8478587804944978,2.978646993637085,0.741,0.7417,0.7106,0.6636,9.125,25.747948853000253,5860.75390625,0.0,
p0_anomaly_visa|macaroni2|dinov2_s|codebook_dist|1024|0,p0_anomaly_visa,macaroni2,dinov2_s,900,200,100,1024,41.57743350800024,2,Tesla T4,codebook_dist,1024,0,9.125,3.8419022610000866,5860.75390625,,0.7830999999999999,"{""anomaly"": 0.7830999999999999}",0.97818798997179,0.8862417384414994,3.3424885272979736,0.7830999999999999,0.7879,0.7414999999999999,0.6778,9.125,94.78171652499987,5860.75390625,0.0,
p0_anomaly_visa|macaroni2|dinov2_s|codebook_dist|1024|1,p0_anomaly_visa,macaroni2,dinov2_s,900,200,100,1024,41.57743350800024,2,Tesla T4,codebook_dist,1024,1,9.125,3.4554206339998927,5860.75390625,,0.7835,"{""anomaly"": 0.7835}",0.9789604985168234,0.88244035078851,3.305907964706421,0.7835,0.7887000000000001,0.7576999999999999,0.7002,9.125,94.23152276699966,5860.75390625,0.0,
p0_anomaly_visa|macaroni2|dinov2_s|codebook_dist|1024|2,p0_anomaly_visa,macaroni2,dinov2_s,900,200,100,1024,41.57743350800024,2,Tesla T4,codebook_dist,1024,2,9.125,4.936876388000201,5860.75390625,,0.7863,"{""anomaly"": 0.7863}",0.9771596362009146,0.8950747737394446,3.360732316970825,0.7863,0.7914,0.7683,0.7148000000000001,9.125,94.08278929499966,5860.75390625,0.0,
p0_anomaly_visa|pcb1|dinov2_s|patch_knn|0|0,p0_anomaly_visa,pcb1,dinov2_s,904,200,100,1024,25.481998412999474,2,Tesla T4,patch_knn,0,0,4446.6875,58.79506620099983,6518.52734375,925696.0,0.9766,"{""anomaly"": 0.9766}",0.9978923496750812,0.9423015265406236,11.451916694641113,0.9766,0.9773000000000001,0.9693999999999999,0.9504,,,,,
p0_anomaly_visa|pcb1|dinov2_s|coreset_knn|64|0,p0_anomaly_visa,pcb1,dinov2_s,904,200,100,1024,25.481998412999474,2,Tesla T4,coreset_knn,64,0,23.25048828125,0.2393822019998879,6518.52734375,64.0,0.8301000000000001,"{""anomaly"": 0.8301000000000001}",0.9577961791399483,0.6215934478332111,2.5018832683563232,0.8301000000000001,0.8634,0.8936,0.9062,1817.3125,10.385286750999967,6518.52734375,,
p0_anomaly_visa|pcb1|dinov2_s|coreset_knn|256|0,p0_anomaly_visa,pcb1,dinov2_s,904,200,100,1024,25.481998412999474,2,Tesla T4,coreset_knn,256,0,30.5322265625,0.225352083999951,6518.52734375,256.0,0.886,"{""anomaly"": 0.886}",0.9657485253985921,0.5782153902142153,4.688798904418945,0.886,0.9237,0.9238,0.9,1817.3125,10.385286750999967,6518.52734375,,
p0_anomaly_visa|pcb1|dinov2_s|coreset_knn|1024|0,p0_anomaly_visa,pcb1,dinov2_s,904,200,100,1024,25.481998412999474,2,Tesla T4,coreset_knn,1024,0,64.66015625,0.397973353999987,6518.52734375,1024.0,0.9405,"{""anomaly"": 0.9405}",0.9897383876441035,0.8226612028428048,7.309097766876221,0.9405,0.9558,0.9576,0.9567,1817.3125,10.385286750999967,6518.52734375,,
p0_anomaly_visa|pcb1|dinov2_s|coreset_knn|64|1,p0_anomaly_visa,pcb1,dinov2_s,904,200,100,1024,25.481998412999474,2,Tesla T4,coreset_knn,64,1,23.25048828125,0.36512313399998675,6518.52734375,64.0,0.7711,"{""anomaly"": 0.7711}",0.9322246798425722,0.3140987833928555,2.424258232116699,0.7711,0.8014000000000001,0.8091,0.8468,1817.3125,10.393992186000105,6518.52734375,,
p0_anomaly_visa|pcb1|dinov2_s|coreset_knn|256|1,p0_anomaly_visa,pcb1,dinov2_s,904,200,100,1024,25.481998412999474,2,Tesla T4,coreset_knn,256,1,30.5322265625,0.2295708920000834,6518.52734375,256.0,0.8759,"{""anomaly"": 0.8759}",0.969347995862679,0.603743163413415,4.2918009757995605,0.8759,0.8949,0.91,0.9289999999999999,1817.3125,10.393992186000105,6518.52734375,,
p0_anomaly_visa|pcb1|dinov2_s|coreset_knn|1024|1,p0_anomaly_visa,pcb1,dinov2_s,904,200,100,1024,25.481998412999474,2,Tesla T4,coreset_knn,1024,1,64.66015625,0.3633712900000319,6518.52734375,1024.0,0.9439000000000001,"{""anomaly"": 0.9439000000000001}",0.9898869068191026,0.7851695089627498,7.226361274719238,0.9439000000000001,0.9568,0.9676,0.9676,1817.3125,10.393992186000105,6518.52734375,,
p0_anomaly_visa|pcb1|dinov2_s|coreset_knn|64|2,p0_anomaly_visa,pcb1,dinov2_s,904,200,100,1024,25.481998412999474,2,Tesla T4,coreset_knn,64,2,23.25048828125,0.3522867110000334,6518.52734375,64.0,0.6093,"{""anomaly"": 0.6093}",0.9440269264863727,0.458026013808673,2.5930354595184326,0.6093,0.6663,0.6708,0.6934999999999999,1817.3125,10.413714188000085,6518.52734375,,
p0_anomaly_visa|pcb1|dinov2_s|coreset_knn|256|2,p0_anomaly_visa,pcb1,dinov2_s,904,200,100,1024,25.481998412999474,2,Tesla T4,coreset_knn,256,2,30.5322265625,0.2347848399999748,6518.52734375,256.0,0.9064,"{""anomaly"": 0.9064}",0.9783476069682191,0.6383366706533341,4.639527320861816,0.9064,0.9234999999999999,0.9341,0.9267,1817.3125,10.413714188000085,6518.52734375,,
p0_anomaly_visa|pcb1|dinov2_s|coreset_knn|1024|2,p0_anomaly_visa,pcb1,dinov2_s,904,200,100,1024,25.481998412999474,2,Tesla T4,coreset_knn,1024,2,64.66015625,0.37932579500011343,6518.52734375,1024.0,0.9449,"{""anomaly"": 0.9449}",0.9889775720968668,0.8224221124795922,6.884194850921631,0.9449,0.9607,0.9655,0.9647000000000001,1817.3125,10.413714188000085,6518.52734375,,
p0_anomaly_visa|pcb1|dinov2_s|codebook_dist|64|0,p0_anomaly_visa,pcb1,dinov2_s,904,200,100,1024,25.481998412999474,2,Tesla T4,codebook_dist,64,0,9.125,0.570147748999716,6518.52734375,,0.7168,"{""anomaly"": 0.7168}",0.9900514249948915,0.8386619614735047,5.381487846374512,0.7168,0.753,0.8269,0.8727,9.125,5.754426144000263,6518.52734375,0.0,
p0_anomaly_visa|pcb1|dinov2_s|codebook_dist|64|1,p0_anomaly_visa,pcb1,dinov2_s,904,200,100,1024,25.481998412999474,2,Tesla T4,codebook_dist,64,1,9.125,0.5650186919997395,6518.52734375,,0.8322,"{""anomaly"": 0.8322}",0.9918483662765798,0.8888261228714327,5.320021152496338,0.8322,0.881,0.9084000000000001,0.9349,9.125,5.579959211000187,6518.52734375,0.0,
p0_anomaly_visa|pcb1|dinov2_s|codebook_dist|64|2,p0_anomaly_visa,pcb1,dinov2_s,904,200,100,1024,25.481998412999474,2,Tesla T4,codebook_dist,64,2,9.125,0.5963558429998557,6518.52734375,,0.7511,"{""anomaly"": 0.7511}",0.9917019409327581,0.8797623694220462,5.222320556640625,0.7511,0.8082,0.8844,0.9237,9.125,6.788835759999984,6518.52734375,0.0,
p0_anomaly_visa|pcb1|dinov2_s|codebook_dist|256|0,p0_anomaly_visa,pcb1,dinov2_s,904,200,100,1024,25.481998412999474,2,Tesla T4,codebook_dist,256,0,9.125,1.0001487480003561,6518.52734375,,0.8237,"{""anomaly"": 0.8237}",0.9940405446444014,0.8998035849352876,6.901172637939453,0.8237,0.8757,0.9111,0.9303000000000001,9.125,26.336181618999944,6518.52734375,0.0,
p0_anomaly_visa|pcb1|dinov2_s|codebook_dist|256|1,p0_anomaly_visa,pcb1,dinov2_s,904,200,100,1024,25.481998412999474,2,Tesla T4,codebook_dist,256,1,9.125,0.9773946489999616,6518.52734375,,0.8249,"{""anomaly"": 0.8249}",0.9953480812920215,0.9167307016928893,6.913815021514893,0.8249,0.8651,0.9016,0.9250000000000002,9.125,24.000061434000145,6518.52734375,0.0,
p0_anomaly_visa|pcb1|dinov2_s|codebook_dist|256|2,p0_anomaly_visa,pcb1,dinov2_s,904,200,100,1024,25.481998412999474,2,Tesla T4,codebook_dist,256,2,9.125,0.9732206359999509,6518.52734375,,0.8398,"{""anomaly"": 0.8398}",0.9953697947643968,0.9084910981683092,7.009631156921387,0.8398,0.8805999999999999,0.9122,0.9344,9.125,25.391666347999944,6518.52734375,0.0,
p0_anomaly_visa|pcb1|dinov2_s|codebook_dist|1024|0,p0_anomaly_visa,pcb1,dinov2_s,904,200,100,1024,25.481998412999474,2,Tesla T4,codebook_dist,1024,0,9.125,3.628247814000133,6518.52734375,,0.891,"{""anomaly"": 0.891}",0.996111113854116,0.9222985675597877,8.554203033447266,0.891,0.9054,0.9228999999999999,0.9324,9.125,95.6842619580002,6518.52734375,0.0,
p0_anomaly_visa|pcb1|dinov2_s|codebook_dist|1024|1,p0_anomaly_visa,pcb1,dinov2_s,904,200,100,1024,25.481998412999474,2,Tesla T4,codebook_dist,1024,1,9.125,3.012421207999978,6518.52734375,,0.9025,"{""anomaly"": 0.9025}",0.9960396817630263,0.9165836226191726,8.539710998535156,0.9025,0.9256,0.9471999999999999,0.9557,9.125,92.56016983000018,6518.52734375,0.0,
p0_anomaly_visa|pcb1|dinov2_s|codebook_dist|1024|2,p0_anomaly_visa,pcb1,dinov2_s,904,200,100,1024,25.481998412999474,2,Tesla T4,codebook_dist,1024,2,9.125,3.9877549369998633,6518.52734375,,0.8824,"{""anomaly"": 0.8824}",0.9961082644294722,0.9214342189120917,8.43474292755127,0.8824,0.9042,0.92,0.9326000000000001,9.125,87.92105169199976,6518.52734375,0.0,
p0_anomaly_visa|pcb2|dinov2_s|patch_knn|0|0,p0_anomaly_visa,pcb2,dinov2_s,901,200,100,1024,24.56067745099972,2,Tesla T4,patch_knn,0,0,4442.67578125,58.10099581899976,6717.78125,922624.0,0.9376,"{""anomaly"": 0.9376}",0.9786599017926871,0.8027886741984213,5.562747955322266,0.9376,0.9473,0.9402,0.913,,,,,
p0_anomaly_visa|pcb2|dinov2_s|coreset_knn|64|0,p0_anomaly_visa,pcb2,dinov2_s,901,200,100,1024,24.56067745099972,2,Tesla T4,coreset_knn,64,0,23.25048828125,0.3138233320000836,6717.78125,64.0,0.6499,"{""anomaly"": 0.6499}",0.7875541423547829,0.355557963232428,1.057140588760376,0.6499,0.6691,0.6836,0.6627000000000001,1811.8125,10.35680737299981,6717.78125,,
p0_anomaly_visa|pcb2|dinov2_s|coreset_knn|256|0,p0_anomaly_visa,pcb2,dinov2_s,901,200,100,1024,24.56067745099972,2,Tesla T4,coreset_knn,256,0,30.5322265625,0.22719373499967332,6717.78125,256.0,0.8157,"{""anomaly"": 0.8157}",0.8794691349023277,0.5308254467941683,1.9163795709609985,0.8157,0.8258,0.8331000000000001,0.8397,1811.8125,10.35680737299981,6717.78125,,
p0_anomaly_visa|pcb2|dinov2_s|coreset_knn|1024|0,p0_anomaly_visa,pcb2,dinov2_s,901,200,100,1024,24.56067745099972,2,Tesla T4,coreset_knn,1024,0,64.66015625,0.2890423279995957,6717.78125,1024.0,0.9291,"{""anomaly"": 0.9291}",0.9585690030385285,0.7388272530580281,3.2642531394958496,0.9291,0.9386,0.9437,0.9263,1811.8125,10.35680737299981,6717.78125,,
p0_anomaly_visa|pcb2|dinov2_s|coreset_knn|64|1,p0_anomaly_visa,pcb2,dinov2_s,901,200,100,1024,24.56067745099972,2,Tesla T4,coreset_knn,64,1,23.25048828125,0.33935432900034357,6717.78125,64.0,0.6152,"{""anomaly"": 0.6152}",0.7975125878037076,0.45784477265517537,1.1690492630004883,0.6152,0.6537499999999999,0.6854,0.7147,1811.8125,10.374602113000037,6717.78125,,
p0_anomaly_visa|pcb2|dinov2_s|coreset_knn|256|1,p0_anomaly_visa,pcb2,dinov2_s,901,200,100,1024,24.56067745099972,2,Tesla T4,coreset_knn,256,1,30.5322265625,0.22978296800010867,6717.78125,256.0,0.8457,"{""anomaly"": 0.8457}",0.8770461180814489,0.5493866994484894,1.8850280046463013,0.8457,0.8608,0.8645000000000002,0.8472,1811.8125,10.374602113000037,6717.78125,,
p0_anomaly_visa|pcb2|dinov2_s|coreset_knn|1024|1,p0_anomaly_visa,pcb2,dinov2_s,901,200,100,1024,24.56067745099972,2,Tesla T4,coreset_knn,1024,1,64.66015625,0.29175385000007736,6717.78125,1024.0,0.9121,"{""anomaly"": 0.9121}",0.945511809998052,0.6739809992031037,3.1062161922454834,0.9121,0.9254,0.9315999999999999,0.9198999999999999,1811.8125,10.374602113000037,6717.78125,,
p0_anomaly_visa|pcb2|dinov2_s|coreset_knn|64|2,p0_anomaly_visa,pcb2,dinov2_s,901,200,100,1024,24.56067745099972,2,Tesla T4,coreset_knn,64,2,23.25048828125,0.25028375900001265,6717.78125,64.0,0.6939000000000001,"{""anomaly"": 0.6939000000000001}",0.814248779017549,0.42111510693978477,1.180484414100647,0.6939000000000001,0.7036,0.6948000000000001,0.6976000000000001,1811.8125,10.41141828200034,6717.78125,,
p0_anomaly_visa|pcb2|dinov2_s|coreset_knn|256|2,p0_anomaly_visa,pcb2,dinov2_s,901,200,100,1024,24.56067745099972,2,Tesla T4,coreset_knn,256,2,30.5322265625,0.23003153199988446,6717.78125,256.0,0.8896,"{""anomaly"": 0.8896}",0.9057150037965821,0.614689706652837,2.0580320358276367,0.8896,0.9227,0.9301,0.9408,1811.8125,10.41141828200034,6717.78125,,
p0_anomaly_visa|pcb2|dinov2_s|coreset_knn|1024|2,p0_anomaly_visa,pcb2,dinov2_s,901,200,100,1024,24.56067745099972,2,Tesla T4,coreset_knn,1024,2,64.66015625,0.2835616150000533,6717.78125,1024.0,0.9411999999999999,"{""anomaly"": 0.9411999999999999}",0.9447128084403911,0.6765939422834505,3.0563037395477295,0.9411999999999999,0.9525,0.9486,0.9311,1811.8125,10.41141828200034,6717.78125,,
p0_anomaly_visa|pcb2|dinov2_s|codebook_dist|64|0,p0_anomaly_visa,pcb2,dinov2_s,901,200,100,1024,24.56067745099972,2,Tesla T4,codebook_dist,64,0,9.125,0.6000487490000523,6717.78125,,0.6005,"{""anomaly"": 0.6005}",0.9273154791418562,0.6624948592738519,2.735044002532959,0.6005,0.6240999999999999,0.6697,0.7118000000000001,9.125,6.552690217999952,6717.78125,0.0,
p0_anomaly_visa|pcb2|dinov2_s|codebook_dist|64|1,p0_anomaly_visa,pcb2,dinov2_s,901,200,100,1024,24.56067745099972,2,Tesla T4,codebook_dist,64,1,9.125,0.5766734409999117,6717.78125,,0.6414,"{""anomaly"": 0.6414}",0.9247690491205275,0.6750653442379069,2.857276439666748,0.6414,0.6989,0.7343999999999999,0.7634,9.125,8.170833045000109,6717.78125,0.0,
p0_anomaly_visa|pcb2|dinov2_s|codebook_dist|64|2,p0_anomaly_visa,pcb2,dinov2_s,901,200,100,1024,24.56067745099972,2,Tesla T4,codebook_dist,64,2,9.125,0.5806627890001437,6717.78125,,0.6094,"{""anomaly"": 0.6094}",0.9153063581428262,0.6260518864570257,2.583582878112793,0.6094,0.6343000000000001,0.6824,0.734,9.125,8.88569458100028,6717.78125,0.0,
p0_anomaly_visa|pcb2|dinov2_s|codebook_dist|256|0,p0_anomaly_visa,pcb2,dinov2_s,901,200,100,1024,24.56067745099972,2,Tesla T4,codebook_dist,256,0,9.125,0.9727563430001283,6717.78125,,0.7489,"{""anomaly"": 0.7489}",0.9579117729886159,0.7327414026001015,3.831984043121338,0.7489,0.7991,0.8169,0.8029000000000001,9.125,25.451142462000007,6717.78125,0.0,
p0_anomaly_visa|pcb2|dinov2_s|codebook_dist|256|1,p0_anomaly_visa,pcb2,dinov2_s,901,200,100,1024,24.56067745099972,2,Tesla T4,codebook_dist,256,1,9.125,0.998802392000016,6717.78125,,0.7402000000000001,"{""anomaly"": 0.7402000000000001}",0.9557309303946254,0.7345019172036514,3.8028688430786133,0.7402000000000001,0.7963,0.8201999999999999,0.8035,9.125,25.128682701999878,6717.78125,0.0,
p0_anomaly_visa|pcb2|dinov2_s|codebook_dist|256|2,p0_anomaly_visa,pcb2,dinov2_s,901,200,100,1024,24.56067745099972,2,Tesla T4,codebook_dist,256,2,9.125,0.9768076889999975,6717.78125,,0.7517,"{""anomaly"": 0.7517}",0.9553702394517996,0.7211184953423363,3.786879777908325,0.7517,0.7984,0.8213,0.8046,9.125,26.00719239800037,6717.78125,0.0,
p0_anomaly_visa|pcb2|dinov2_s|codebook_dist|1024|0,p0_anomaly_visa,pcb2,dinov2_s,901,200,100,1024,24.56067745099972,2,Tesla T4,codebook_dist,1024,0,9.125,3.2179767950001406,6717.78125,,0.8417,"{""anomaly"": 0.8417}",0.9670283833191825,0.7619364281313209,4.53564977645874,0.8417,0.8755999999999999,0.8680999999999999,0.8451,9.125,93.65642814600005,6717.78125,0.0,
p0_anomaly_visa|pcb2|dinov2_s|codebook_dist|1024|1,p0_anomaly_visa,pcb2,dinov2_s,901,200,100,1024,24.56067745099972,2,Tesla T4,codebook_dist,1024,1,9.125,3.301467780999701,6717.78125,,0.8785,"{""anomaly"": 0.8785}",0.9685570050907664,0.7620714535188454,4.600926399230957,0.8785,0.8956999999999999,0.8827,0.8603999999999999,9.125,95.35904394699992,6717.78125,0.0,
p0_anomaly_visa|pcb2|dinov2_s|codebook_dist|1024|2,p0_anomaly_visa,pcb2,dinov2_s,901,200,100,1024,24.56067745099972,2,Tesla T4,codebook_dist,1024,2,9.125,3.1649278109998704,6717.78125,,0.8532000000000001,"{""anomaly"": 0.8532000000000001}",0.9678162781611974,0.7667513471852343,4.570438861846924,0.8532000000000001,0.8708,0.8559000000000001,0.8306,9.125,93.08591466400003,6717.78125,0.0,
p0_anomaly_visa|pcb3|dinov2_s|patch_knn|0|0,p0_anomaly_visa,pcb3,dinov2_s,905,201,100,1024,21.150646958999914,2,Tesla T4,patch_knn,0,0,4448.69140625,58.94825263899975,6916.71875,926720.0,0.9516831683168316,"{""anomaly"": 0.9516831683168316}",0.9834137075861384,0.8114394456423267,5.1895952224731445,0.9516831683168316,0.9647524752475247,0.9685148514851485,0.951881188118812,,,,,
p0_anomaly_visa|pcb3|dinov2_s|coreset_knn|64|0,p0_anomaly_visa,pcb3,dinov2_s,905,201,100,1024,21.150646958999914,2,Tesla T4,coreset_knn,64,0,23.25048828125,0.23994077900033517,6916.71875,64.0,0.6474257425742574,"{""anomaly"": 0.6474257425742574}",0.8670000650825964,0.4421238002312243,1.6611762046813965,0.6474257425742574,0.651980198019802,0.6836633663366336,0.6895049504950496,1819.8125,10.425870381000095,6916.71875,,
p0_anomaly_visa|pcb3|dinov2_s|coreset_knn|256|0,p0_anomaly_visa,pcb3,dinov2_s,905,201,100,1024,21.150646958999914,2,Tesla T4,coreset_knn,256,0,29.5322265625,0.318022209999981,6916.71875,256.0,0.8291089108910891,"{""anomaly"": 0.8291089108910891}",0.9426608047441383,0.6037273909158386,2.5550339221954346,0.8291089108910891,0.8366336633663366,0.8069306930693069,0.779009900990099,1819.8125,10.425870381000095,6916.71875,,
p0_anomaly_visa|pcb3|dinov2_s|coreset_knn|1024|0,p0_anomaly_visa,pcb3,dinov2_s,905,201,100,1024,21.150646958999914,2,Tesla T4,coreset_knn,1024,0,64.66015625,0.2904883890000747,6916.71875,1024.0,0.9028712871287129,"{""anomaly"": 0.9028712871287129}",0.9623809313797275,0.7201206634835128,3.53568696975708,0.9028712871287129,0.9294059405940593,0.9455445544554456,0.9316831683168317,1819.8125,10.425870381000095,6916.71875,,
p0_anomaly_visa|pcb3|dinov2_s|coreset_knn|64|1,p0_anomaly_visa,pcb3,dinov2_s,905,201,100,1024,21.150646958999914,2,Tesla T4,coreset_knn,64,1,23.25048828125,0.23611125500019625,6916.71875,64.0,0.594059405940594,"{""anomaly"": 0.594059405940594}",0.8965169749851222,0.4618235913655681,1.767833948135376,0.594059405940594,0.6078217821782178,0.6354455445544555,0.6604950495049504,1819.8125,10.409931610000058,6916.71875,,
p0_anomaly_visa|pcb3|dinov2_s|coreset_knn|256|1,p0_anomaly_visa,pcb3,dinov2_s,905,201,100,1024,21.150646958999914,2,Tesla T4,coreset_knn,256,1,29.5322265625,0.3013619490002384,6916.71875,256.0,0.7873267326732672,"{""anomaly"": 0.7873267326732672}",0.9339139358321621,0.6663412052551055,2.251387119293213,0.7873267326732672,0.795049504950495,0.8128712871287128,0.8174257425742575,1819.8125,10.409931610000058,6916.71875,,
p0_anomaly_visa|pcb3|dinov2_s|coreset_knn|1024|1,p0_anomaly_visa,pcb3,dinov2_s,905,201,100,1024,21.150646958999914,2,Tesla T4,coreset_knn,1024,1,64.66015625,0.29250779699987106,6916.71875,1024.0,0.9336633663366337,"{""anomaly"": 0.9336633663366337}",0.9603969048133183,0.7098854292713705,3.5855090618133545,0.9336633663366337,0.9461386138613862,0.951881188118812,0.9421782178217821,1819.8125,10.409931610000058,6916.71875,,
p0_anomaly_visa|pcb3|dinov2_s|coreset_knn|64|2,p0_anomaly_visa,pcb3,dinov2_s,905,201,100,1024,21.150646958999914,2,Tesla T4,coreset_knn,64,2,23.25048828125,0.2307006949999959,6916.71875,64.0,0.6605940594059406,"{""anomaly"": 0.6605940594059406}",0.8842548412584412,0.45213933218353414,1.615919828414917,0.6605940594059406,0.6934653465346535,0.7082178217821782,0.7321782178217822,1819.8125,10.40775204800002,6916.71875,,
p0_anomaly_visa|pcb3|dinov2_s|coreset_knn|256|2,p0_anomaly_visa,pcb3,dinov2_s,905,201,100,1024,21.150646958999914,2,Tesla T4,coreset_knn,256,2,29.5322265625,0.29941606400007004,6916.71875,256.0,0.8797029702970297,"{""anomaly"": 0.8797029702970297}",0.9193900215656378,0.5044087752796546,2.4936013221740723,0.8797029702970297,0.876039603960396,0.8768316831683168,0.8748514851485149,1819.8125,10.40775204800002,6916.71875,,
p0_anomaly_visa|pcb3|dinov2_s|coreset_knn|1024|2,p0_anomaly_visa,pcb3,dinov2_s,905,201,100,1024,21.150646958999914,2,Tesla T4,coreset_knn,1024,2,64.66015625,0.3073884580003323,6916.71875,1024.0,0.9383168316831683,"{""anomaly"": 0.9383168316831683}",0.9616903911865695,0.698150335561371,3.463557004928589,0.9383168316831683,0.9456435643564356,0.9404950495049506,0.9300990099009901,1819.8125,10.40775204800002,6916.71875,,
p0_anomaly_visa|pcb3|dinov2_s|codebook_dist|64|0,p0_anomaly_visa,pcb3,dinov2_s,905,201,100,1024,21.150646958999914,2,Tesla T4,codebook_dist,64,0,9.125,0.6082319510001071,6916.71875,,0.7075247524752475,"{""anomaly"": 0.7075247524752475}",0.9495972069841465,0.6376754472604361,3.0700225830078125,0.7075247524752475,0.7621782178217822,0.793960396039604,0.8022772277227723,9.125,10.022889820999808,6916.71875,0.0,
p0_anomaly_visa|pcb3|dinov2_s|codebook_dist|64|1,p0_anomaly_visa,pcb3,dinov2_s,905,201,100,1024,21.150646958999914,2,Tesla T4,codebook_dist,64,1,9.125,0.5751706409996586,6916.71875,,0.6803960396039604,"{""anomaly"": 0.6803960396039604}",0.943994534815873,0.6081945482968598,3.096062421798706,0.6803960396039604,0.6847524752475248,0.7371287128712871,0.7680198019801979,9.125,9.771175630000016,6916.71875,0.0,
p0_anomaly_visa|pcb3|dinov2_s|codebook_dist|64|2,p0_anomaly_visa,pcb3,dinov2_s,905,201,100,1024,21.150646958999914,2,Tesla T4,codebook_dist,64,2,9.125,0.5778696580000542,6916.71875,,0.664950495049505,"{""anomaly"": 0.664950495049505}",0.9508435944707198,0.6305831404224645,3.122434377670288,0.664950495049505,0.7088118811881188,0.7414851485148515,0.7732673267326733,9.125,9.384780826999759,6916.71875,0.0,
p0_anomaly_visa|pcb3|dinov2_s|codebook_dist|256|0,p0_anomaly_visa,pcb3,dinov2_s,905,201,100,1024,21.150646958999914,2,Tesla T4,codebook_dist,256,0,9.125,0.9913596639999014,6916.71875,,0.8024752475247525,"{""anomaly"": 0.8024752475247525}",0.9749728997860594,0.7266295643089827,4.143069744110107,0.8024752475247525,0.8413861386138615,0.8717821782178218,0.8778217821782178,9.125,27.25413292600024,6916.71875,0.0,
p0_anomaly_visa|pcb3|dinov2_s|codebook_dist|256|1,p0_anomaly_visa,pcb3,dinov2_s,905,201,100,1024,21.150646958999914,2,Tesla T4,codebook_dist,256,1,9.125,0.9771718510000937,6916.71875,,0.8154455445544555,"{""anomaly"": 0.8154455445544555}",0.9710538975803413,0.700582229021645,4.1150898933410645,0.8154455445544555,0.8560396039603961,0.8847524752475247,0.887029702970297,9.125,27.42180934199996,6916.71875,0.0,
p0_anomaly_visa|pcb3|dinov2_s|codebook_dist|256|2,p0_anomaly_visa,pcb3,dinov2_s,905,201,100,1024,21.150646958999914,2,Tesla T4,codebook_dist,256,2,9.125,0.9875360309997632,6916.71875,,0.8061386138613862,"{""anomaly"": 0.8061386138613862}",0.9729414811291341,0.7146078625189982,4.109217643737793,0.8061386138613862,0.852970297029703,0.8743564356435644,0.8813861386138614,9.125,25.805632713999785,6916.71875,0.0,
p0_anomaly_visa|pcb3|dinov2_s|codebook_dist|1024|0,p0_anomaly_visa,pcb3,dinov2_s,905,201,100,1024,21.150646958999914,2,Tesla T4,codebook_dist,1024,0,9.125,4.054236025999671,6916.71875,,0.8795049504950495,"{""anomaly"": 0.8795049504950495}",0.979029197196909,0.7700469716942039,4.605348110198975,0.8795049504950495,0.8964356435643565,0.9107920792079207,0.9064356435643564,9.125,90.21699787199987,6916.71875,0.0,
p0_anomaly_visa|pcb3|dinov2_s|codebook_dist|1024|1,p0_anomaly_visa,pcb3,dinov2_s,905,201,100,1024,21.150646958999914,2,Tesla T4,codebook_dist,1024,1,9.125,3.342355948999284,6916.71875,,0.8658415841584158,"{""anomaly"": 0.8658415841584158}",0.9788397202265035,0.7743021765544105,4.553988933563232,0.8658415841584158,0.9053465346534654,0.9197029702970297,0.9102970297029702,9.125,97.22654008100017,6916.71875,0.0,
p0_anomaly_visa|pcb3|dinov2_s|codebook_dist|1024|2,p0_anomaly_visa,pcb3,dinov2_s,905,201,100,1024,21.150646958999914,2,Tesla T4,codebook_dist,1024,2,9.125,3.2904226509999717,6916.71875,,0.8852475247524751,"{""anomaly"": 0.8852475247524751}",0.9782243713671427,0.75777409248506,4.5839338302612305,0.8852475247524751,0.909108910891089,0.915940594059406,0.9070297029702971,9.125,98.20711456699973,6916.71875,0.0,
p0_anomaly_visa|pcb4|dinov2_s|patch_knn|0|0,p0_anomaly_visa,pcb4,dinov2_s,904,201,100,1024,24.005561226999816,2,Tesla T4,patch_knn,0,0,4446.6875,58.82198454800073,6916.71875,925696.0,0.9645544554455445,"{""anomaly"": 0.9645544554455445}",0.9877347572554707,0.9133353882661033,4.494000434875488,0.9645544554455445,0.9787128712871287,0.9781188118811881,0.9731683168316831,,,,,
p0_anomaly_visa|pcb4|dinov2_s|coreset_knn|64|0,p0_anomaly_visa,pcb4,dinov2_s,904,201,100,1024,24.005561226999816,2,Tesla T4,coreset_knn,64,0,23.25048828125,0.2325372490004156,6916.71875,64.0,0.8122772277227723,"{""anomaly"": 0.8122772277227723}",0.795415245748794,0.4457760166147127,1.122841477394104,0.8122772277227723,0.8531683168316831,0.8517821782178218,0.8716831683168317,1817.3125,10.39208362699992,6916.71875,,
p0_anomaly_visa|pcb4|dinov2_s|coreset_knn|256|0,p0_anomaly_visa,pcb4,dinov2_s,904,201,100,1024,24.005561226999816,2,Tesla T4,coreset_knn,256,0,29.5322265625,0.2546751750005569,6916.71875,256.0,0.8791089108910891,"{""anomaly"": 0.8791089108910891}",0.9187275087111074,0.6849426027196118,1.9094016551971436,0.8791089108910891,0.9105940594059406,0.9185148514851484,0.9145544554455446,1817.3125,10.39208362699992,6916.71875,,
p0_anomaly_visa|pcb4|dinov2_s|coreset_knn|1024|0,p0_anomaly_visa,pcb4,dinov2_s,904,201,100,1024,24.005561226999816,2,Tesla T4,coreset_knn,1024,0,64.66015625,0.2867756770001506,6916.71875,1024.0,0.9516831683168318,"{""anomaly"": 0.9516831683168318}",0.9494670016175487,0.7886610259953835,2.6421656608581543,0.9516831683168318,0.9635643564356435,0.9685148514851485,0.971980198019802,1817.3125,10.39208362699992,6916.71875,,
p0_anomaly_visa|pcb4|dinov2_s|coreset_knn|64|1,p0_anomaly_visa,pcb4,dinov2_s,904,201,100,1024,24.005561226999816,2,Tesla T4,coreset_knn,64,1,23.25048828125,0.24326116100019135,6916.71875,64.0,0.7569306930693068,"{""anomaly"": 0.7569306930693068}",0.8141183509659194,0.4603886304208254,1.1167784929275513,0.7569306930693068,0.7902970297029703,0.8155445544554456,0.8359405940594059,1817.3125,10.394286015000034,6916.71875,,
p0_anomaly_visa|pcb4|dinov2_s|coreset_knn|256|1,p0_anomaly_visa,pcb4,dinov2_s,904,201,100,1024,24.005561226999816,2,Tesla T4,coreset_knn,256,1,29.5322265625,0.23271373599982326,6916.71875,256.0,0.8527722772277228,"{""anomaly"": 0.8527722772277228}",0.8116805008250143,0.4586469050607131,1.2393077611923218,0.8527722772277228,0.8699009900990099,0.8832673267326733,0.9044554455445545,1817.3125,10.394286015000034,6916.71875,,
p0_anomaly_visa|pcb4|dinov2_s|coreset_knn|1024|1,p0_anomaly_visa,pcb4,dinov2_s,904,201,100,1024,24.005561226999816,2,Tesla T4,coreset_knn,1024,1,64.66015625,0.2858056619998024,6916.71875,1024.0,0.9625742574257425,"{""anomaly"": 0.9625742574257425}",0.8813118028540197,0.5968583406354769,2.2137110233306885,0.9625742574257425,0.9639603960396039,0.9684158415841584,0.9636633663366336,1817.3125,10.394286015000034,6916.71875,,
p0_anomaly_visa|pcb4|dinov2_s|coreset_knn|64|2,p0_anomaly_visa,pcb4,dinov2_s,904,201,100,1024,24.005561226999816,2,Tesla T4,coreset_knn,64,2,23.25048828125,0.2366025079991232,6916.71875,64.0,0.6641584158415842,"{""anomaly"": 0.6641584158415842}",0.8619946304676965,0.6354079810069978,1.3574628829956055,0.6641584158415842,0.7015841584158417,0.7573267326732673,0.779009900990099,1817.3125,10.404811113000505,6916.71875,,
p0_anomaly_visa|pcb4|dinov2_s|coreset_knn|256|2,p0_anomaly_visa,pcb4,dinov2_s,904,201,100,1024,24.005561226999816,2,Tesla T4,coreset_knn,256,2,29.5322265625,0.23313836000033916,6916.71875,256.0,0.857029702970297,"{""anomaly"": 0.857029702970297}",0.8392537989171924,0.4935468405795751,1.4123106002807617,0.857029702970297,0.8908910891089109,0.9134653465346534,0.920990099009901,1817.3125,10.404811113000505,6916.71875,,
p0_anomaly_visa|pcb4|dinov2_s|coreset_knn|1024|2,p0_anomaly_visa,pcb4,dinov2_s,904,201,100,1024,24.005561226999816,2,Tesla T4,coreset_knn,1024,2,64.66015625,0.31345882000005076,6916.71875,1024.0,0.956039603960396,"{""anomaly"": 0.956039603960396}",0.9218339143764417,0.689137921197229,2.3365917205810547,0.956039603960396,0.9645544554455445,0.9667326732673268,0.9688118811881188,1817.3125,10.404811113000505,6916.71875,,
p0_anomaly_visa|pcb4|dinov2_s|codebook_dist|64|0,p0_anomaly_visa,pcb4,dinov2_s,904,201,100,1024,24.005561226999816,2,Tesla T4,codebook_dist,64,0,9.125,0.5779480390001481,6916.71875,,0.8469306930693069,"{""anomaly"": 0.8469306930693069}",0.9308672377831017,0.7133357811241972,2.411713123321533,0.8469306930693069,0.8681188118811881,0.9056435643564357,0.9126732673267327,9.125,7.507721056999799,6916.71875,0.0,
p0_anomaly_visa|pcb4|dinov2_s|codebook_dist|64|1,p0_anomaly_visa,pcb4,dinov2_s,904,201,100,1024,24.005561226999816,2,Tesla T4,codebook_dist,64,1,9.125,0.5834163649997208,6916.71875,,0.8247524752475247,"{""anomaly"": 0.8247524752475247}",0.9107631535222589,0.6726875356356468,2.210963010787964,0.8247524752475247,0.8485148514851485,0.8869306930693069,0.9000990099009901,9.125,8.652284853999845,6916.71875,0.0,
p0_anomaly_visa|pcb4|dinov2_s|codebook_dist|64|2,p0_anomaly_visa,pcb4,dinov2_s,904,201,100,1024,24.005561226999816,2,Tesla T4,codebook_dist,64,2,9.125,0.6610285690003366,6916.71875,,0.8150495049504951,"{""anomaly"": 0.8150495049504951}",0.9281016357972471,0.7055039681736962,2.4190433025360107,0.8150495049504951,0.8562376237623762,0.895841584158416,0.9079207920792078,9.125,9.220065704999797,6916.71875,0.0,
p0_anomaly_visa|pcb4|dinov2_s|codebook_dist|256|0,p0_anomaly_visa,pcb4,dinov2_s,904,201,100,1024,24.005561226999816,2,Tesla T4,codebook_dist,256,0,9.125,1.1770896680000078,6916.71875,,0.8806930693069307,"{""anomaly"": 0.8806930693069307}",0.9622343072094898,0.8174771693499986,3.1505587100982666,0.8806930693069307,0.9076237623762375,0.9484158415841584,0.9557425742574257,9.125,26.01101931300036,6916.71875,0.0,
p0_anomaly_visa|pcb4|dinov2_s|codebook_dist|256|1,p0_anomaly_visa,pcb4,dinov2_s,904,201,100,1024,24.005561226999816,2,Tesla T4,codebook_dist,256,1,9.125,1.142633396999372,6916.71875,,0.9243564356435644,"{""anomaly"": 0.9243564356435644}",0.9594582793844155,0.8156898559146526,3.211303472518921,0.9243564356435644,0.9385148514851485,0.9538613861386139,0.9552475247524753,9.125,25.93232329500006,6916.71875,0.0,
p0_anomaly_visa|pcb4|dinov2_s|codebook_dist|256|2,p0_anomaly_visa,pcb4,dinov2_s,904,201,100,1024,24.005561226999816,2,Tesla T4,codebook_dist,256,2,9.125,1.1919530760005728,6916.71875,,0.8887128712871288,"{""anomaly"": 0.8887128712871288}",0.964632307795243,0.8330325096396999,3.226142168045044,0.8887128712871288,0.9094059405940593,0.9514851485148516,0.9595049504950495,9.125,25.81387477699991,6916.71875,0.0,
p0_anomaly_visa|pcb4|dinov2_s|codebook_dist|1024|0,p0_anomaly_visa,pcb4,dinov2_s,904,201,100,1024,24.005561226999816,2,Tesla T4,codebook_dist,1024,0,9.125,3.949926868000148,6916.71875,,0.9318811881188118,"{""anomaly"": 0.9318811881188118}",0.9779357673657086,0.8792003139317242,3.835939645767212,0.9318811881188118,0.9662376237623762,0.9726732673267326,0.9674257425742575,9.125,88.72980220299996,6916.71875,0.0,
p0_anomaly_visa|pcb4|dinov2_s|codebook_dist|1024|1,p0_anomaly_visa,pcb4,dinov2_s,904,201,100,1024,24.005561226999816,2,Tesla T4,codebook_dist,1024,1,9.125,3.423352462999901,6916.71875,,0.9589108910891089,"{""anomaly"": 0.9589108910891089}",0.9779445475861522,0.8825823177112263,3.8506600856781006,0.9589108910891089,0.9768316831683168,0.9758415841584158,0.9678217821782178,9.125,93.93633473499995,6916.71875,0.0,
p0_anomaly_visa|pcb4|dinov2_s|codebook_dist|1024|2,p0_anomaly_visa,pcb4,dinov2_s,904,201,100,1024,24.005561226999816,2,Tesla T4,codebook_dist,1024,2,9.125,4.066323332000138,6916.71875,,0.9639603960396039,"{""anomaly"": 0.9639603960396039}",0.9770605071526747,0.8750193398327966,3.844369411468506,0.9639603960396039,0.9764356435643564,0.9763366336633663,0.968019801980198,9.125,94.94103084900053,6916.71875,0.0,
p0_anomaly_visa|pipe_fryum|dinov2_s|patch_knn|0|0,p0_anomaly_visa,pipe_fryum,dinov2_s,450,150,100,1024,12.184461282000484,2,Tesla T4,patch_knn,0,0,3764.9140625,20.938605729999836,6916.71875,460800.0,0.9974000000000001,"{""anomaly"": 0.9974000000000001}",0.994174369721547,0.96962081037087,5.44710636138916,0.9974000000000001,0.9982,0.989,0.9618000000000001,,,,,
p0_anomaly_visa|pipe_fryum|dinov2_s|coreset_knn|64|0,p0_anomaly_visa,pipe_fryum,dinov2_s,450,150,100,1024,12.184461282000484,2,Tesla T4,coreset_knn,64,0,23.25048828125,0.17190546399979212,6916.71875,64.0,0.9047999999999999,"{""anomaly"": 0.9047999999999999}",0.965264002060649,0.8445759220016319,2.6583480834960938,0.9047999999999999,0.9116,0.9149999999999999,0.9058,911.3125,5.214476939999258,6916.71875,,
p0_anomaly_visa|pipe_fryum|dinov2_s|coreset_knn|256|0,p0_anomaly_visa,pipe_fryum,dinov2_s,450,150,100,1024,12.184461282000484,2,Tesla T4,coreset_knn,256,0,29.5322265625,0.24709455700030958,6916.71875,256.0,0.9948,"{""anomaly"": 0.9948}",0.9906212421285226,0.9458031230052999,4.131643295288086,0.9948,0.9976,0.9964000000000001,0.9823999999999999,911.3125,5.214476939999258,6916.71875,,
p0_anomaly_visa|pipe_fryum|dinov2_s|coreset_knn|1024|0,p0_anomaly_visa,pipe_fryum,dinov2_s,450,150,100,1024,12.184461282000484,2,Tesla T4,coreset_knn,1024,0,64.66015625,0.21919926299960935,6916.71875,1024.0,0.9896000000000001,"{""anomaly"": 0.9896000000000001}",0.9934105410911535,0.9603020283303743,5.1175713539123535,0.9896000000000001,0.9897999999999999,0.9884,0.9738,911.3125,5.214476939999258,6916.71875,,
p0_anomaly_visa|pipe_fryum|dinov2_s|coreset_knn|64|1,p0_anomaly_visa,pipe_fryum,dinov2_s,450,150,100,1024,12.184461282000484,2,Tesla T4,coreset_knn,64,1,23.25048828125,0.23642671100060397,6916.71875,64.0,0.8976000000000001,"{""anomaly"": 0.8976000000000001}",0.9445845772869722,0.8377287923049309,2.3945491313934326,0.8976000000000001,0.9039999999999999,0.9059999999999999,0.8952,911.3125,5.22854084499977,6916.71875,,
p0_anomaly_visa|pipe_fryum|dinov2_s|coreset_knn|256|1,p0_anomaly_visa,pipe_fryum,dinov2_s,450,150,100,1024,12.184461282000484,2,Tesla T4,coreset_knn,256,1,29.5322265625,0.16755000600005587,6916.71875,256.0,0.9938,"{""anomaly"": 0.9938}",0.9919593290595697,0.9402599486713902,4.15462589263916,0.9938,0.9950000000000001,0.9945999999999999,0.983,911.3125,5.22854084499977,6916.71875,,
p0_anomaly_visa|pipe_fryum|dinov2_s|coreset_knn|1024|1,p0_anomaly_visa,pipe_fryum,dinov2_s,450,150,100,1024,12.184461282000484,2,Tesla T4,coreset_knn,1024,1,64.66015625,0.2289436429991838,6916.71875,1024.0,0.989,"{""anomaly"": 0.989}",0.9937950962566703,0.9628835764657206,5.119086742401123,0.989,0.9894000000000001,0.9882,0.973,911.3125,5.22854084499977,6916.71875,,
p0_anomaly_visa|pipe_fryum|dinov2_s|coreset_knn|64|2,p0_anomaly_visa,pipe_fryum,dinov2_s,450,150,100,1024,12.184461282000484,2,Tesla T4,coreset_knn,64,2,23.25048828125,0.24065752200021961,6916.71875,64.0,0.8674,"{""anomaly"": 0.8674}",0.9839830299783012,0.8914733610510303,2.905327796936035,0.8674,0.8926000000000001,0.9103999999999999,0.9002,911.3125,5.261964688000262,6916.71875,,
p0_anomaly_visa|pipe_fryum|dinov2_s|coreset_knn|256|2,p0_anomaly_visa,pipe_fryum,dinov2_s,450,150,100,1024,12.184461282000484,2,Tesla T4,coreset_knn,256,2,29.5322265625,0.17170446000000084,6916.71875,256.0,0.9902,"{""anomaly"": 0.9902}",0.9907222192847744,0.9184758380079981,3.938474416732788,0.9902,0.9946,0.9916,0.9667999999999999,911.3125,5.261964688000262,6916.71875,,
p0_anomaly_visa|pipe_fryum|dinov2_s|coreset_knn|1024|2,p0_anomaly_visa,pipe_fryum,dinov2_s,450,150,100,1024,12.184461282000484,2,Tesla T4,coreset_knn,1024,2,64.66015625,0.2163951940001425,6916.71875,1024.0,0.9974,"{""anomaly"": 0.9974}",0.9933772576589595,0.9546782859289251,4.969875335693359,0.9974,0.9965999999999999,0.9916,0.9805999999999999,911.3125,5.261964688000262,6916.71875,,
p0_anomaly_visa|pipe_fryum|dinov2_s|codebook_dist|64|0,p0_anomaly_visa,pipe_fryum,dinov2_s,450,150,100,1024,12.184461282000484,2,Tesla T4,codebook_dist,64,0,9.125,0.4399743469994064,6916.71875,,0.9498,"{""anomaly"": 0.9498}",0.9916791379078232,0.9626845803248323,4.5139641761779785,0.9498,0.9804,0.9616,0.8994,9.125,7.253228664999369,6916.71875,0.0,
p0_anomaly_visa|pipe_fryum|dinov2_s|codebook_dist|64|1,p0_anomaly_visa,pipe_fryum,dinov2_s,450,150,100,1024,12.184461282000484,2,Tesla T4,codebook_dist,64,1,9.125,0.5503980189996582,6916.71875,,0.9543999999999999,"{""anomaly"": 0.9543999999999999}",0.9920594473729412,0.9623745611392664,4.5785675048828125,0.9543999999999999,0.9854,0.9750000000000001,0.9254,9.125,9.519206220000342,6916.71875,0.0,
p0_anomaly_visa|pipe_fryum|dinov2_s|codebook_dist|64|2,p0_anomaly_visa,pipe_fryum,dinov2_s,450,150,100,1024,12.184461282000484,2,Tesla T4,codebook_dist,64,2,9.125,0.7885569380005109,6916.71875,,0.97,"{""anomaly"": 0.97}",0.9916738356793982,0.9685357550273765,4.489863872528076,0.97,0.992,0.9758,0.9326,9.125,7.058185553999465,6916.71875,0.0,
p0_anomaly_visa|pipe_fryum|dinov2_s|codebook_dist|256|0,p0_anomaly_visa,pipe_fryum,dinov2_s,450,150,100,1024,12.184461282000484,2,Tesla T4,codebook_dist,256,0,9.125,1.3805351319997499,6916.71875,,0.9918,"{""anomaly"": 0.9918}",0.9931517632304903,0.9702330805209888,4.926210880279541,0.9918,0.997,0.9822000000000001,0.9446,9.125,24.06644819400026,6916.71875,0.0,
p0_anomaly_visa|pipe_fryum|dinov2_s|codebook_dist|256|1,p0_anomaly_visa,pipe_fryum,dinov2_s,450,150,100,1024,12.184461282000484,2,Tesla T4,codebook_dist,256,1,9.125,1.350572674000432,6916.71875,,0.993,"{""anomaly"": 0.993}",0.993185559500647,0.9685981554970807,4.919704914093018,0.993,0.9985999999999999,0.9784,0.9452,9.125,23.116398457000287,6916.71875,0.0,
p0_anomaly_visa|pipe_fryum|dinov2_s|codebook_dist|256|2,p0_anomaly_visa,pipe_fryum,dinov2_s,450,150,100,1024,12.184461282000484,2,Tesla T4,codebook_dist,256,2,9.125,0.9183597840001312,6916.71875,,0.996,"{""anomaly"": 0.996}",0.9932976623689341,0.9703294565401263,4.960788249969482,0.996,0.9985999999999999,0.9788000000000001,0.9468,9.125,22.35377603500001,6916.71875,0.0,
p0_anomaly_visa|pipe_fryum|dinov2_s|codebook_dist|1024|0,p0_anomaly_visa,pipe_fryum,dinov2_s,450,150,100,1024,12.184461282000484,2,Tesla T4,codebook_dist,1024,0,9.125,2.6178812090001884,6916.71875,,0.9936,"{""anomaly"": 0.9936}",0.9937199796256398,0.9709810082348024,5.1496052742004395,0.9936,0.9954,0.9782,0.9431999999999999,9.125,94.49114693899992,6916.71875,0.0,
p0_anomaly_visa|pipe_fryum|dinov2_s|codebook_dist|1024|1,p0_anomaly_visa,pipe_fryum,dinov2_s,450,150,100,1024,12.184461282000484,2,Tesla T4,codebook_dist,1024,1,9.125,2.4782145690005564,6916.71875,,0.994,"{""anomaly"": 0.994}",0.9936475769681876,0.9697813700993613,5.1319355964660645,0.994,0.9995999999999999,0.9865999999999999,0.9532,9.125,91.58147998499953,6916.71875,0.0,
p0_anomaly_visa|pipe_fryum|dinov2_s|codebook_dist|1024|2,p0_anomaly_visa,pipe_fryum,dinov2_s,450,150,100,1024,12.184461282000484,2,Tesla T4,codebook_dist,1024,2,9.125,2.507769251999889,6916.71875,,0.996,"{""anomaly"": 0.996}",0.993611972721403,0.9690468603327553,5.104753494262695,0.996,0.9974000000000001,0.9774,0.9428,9.125,95.24842641000032,6916.71875,0.0,
