run_id,config,category,extractor,n_train,n_test,n_anomalous,patches_per_image,extract_seconds,n_cpu,gpu,method,k,vocab_seed,vocab_peak_gpu_mb,vocab_seconds,vocab_peak_rss_mb,score_peak_gpu_mb,score_seconds,score_peak_rss_mb,bank_size,image_auroc,image_auroc_by_type,pixel_auroc,aupro,pixel_dprime,image_auroc_top1,image_auroc_top3,image_auroc_top10,image_auroc_top30,empty_words,select_peak_gpu_mb,select_seconds,select_peak_rss_mb,n_words,n_patches,pixel_metrics_binned
p0_hybrid_3cad|Aluminum_Camera_Cover|dinov2_s|coreset_knn|256|0,p0_hybrid_3cad,Aluminum_Camera_Cover,dinov2_s,784,1446,1077,1024,62.37658269099995,2,Tesla T4,coreset_knn,256,0,1188.375,10.070637139000041,4302.2109375,29.5322265625,4.840934856999979,4302.2109375,256.0,0.8604147322810275,"{""bright shadow"": 0.8549201009251473, ""bruise"": 0.9437157482685937, ""bump"": 0.6982836495031618, ""deformation"": 0.6989837398373985, ""discoloration"": 0.8708722272407908, ""overwashing"": 0.9656368563685637, ""scratche"": 0.8518929128685225, ""uneven"": 0.6719173441734417, ""watermark"": 0.866118769883351, ""whitening"": 0.8546371574826859}",0.8106627034483396,0.7133880284303984,1.1381336450576782,0.8604147322810275,0.8699539270230214,0.8781771104619124,0.8783834449300854,,,,,,,
p0_hybrid_3cad|Aluminum_Camera_Cover|dinov2_s|coreset_knn|1024|0,p0_hybrid_3cad,Aluminum_Camera_Cover,dinov2_s,784,1446,1077,1024,62.37658269099995,2,Tesla T4,coreset_knn,1024,0,1188.375,10.070637139000041,4302.2109375,64.66015625,4.826783406000004,8314.578125,1024.0,0.9305684514598164,"{""bright shadow"": 0.9617325483599664, ""bruise"": 0.9641433303221921, ""bump"": 0.821138211382114, ""deformation"": 0.8398373983739839, ""discoloration"": 0.9582956940680517, ""overwashing"": 0.9682384823848238, ""scratche"": 0.9240535435657388, ""uneven"": 0.7661585365853659, ""watermark"": 0.985654530458348, ""whitening"": 0.9474304928234467}",0.8866332273539506,0.7940803409320458,1.7271605730056763,0.9305684514598164,0.9365760556398508,0.9408574958544386,0.9403492085060128,,,,,,,
p0_hybrid_3cad|Aluminum_Camera_Cover|dinov2_s|coreset_knn|256|1,p0_hybrid_3cad,Aluminum_Camera_Cover,dinov2_s,784,1446,1077,1024,62.37658269099995,2,Tesla T4,coreset_knn,256,1,1188.375,10.03297025500001,8332.859375,29.5322265625,5.258170750999966,8332.859375,256.0,0.8671658954286849,"{""bright shadow"": 0.8434258480515839, ""bruise"": 0.9477747666365552, ""bump"": 0.8023486901535681, ""deformation"": 0.6483062330623306, ""discoloration"": 0.894509685837599, ""overwashing"": 0.9574706413730805, ""scratche"": 0.8499794694916646, ""uneven"": 0.7131436314363144, ""watermark"": 0.8995227995758217, ""whitening"": 0.8646993877346181}",0.8447955651783509,0.6898451339590045,1.319122314453125,0.8671658954286849,0.8745939362829096,0.8822018907282853,0.8867978651931365,,,,,,,
p0_hybrid_3cad|Aluminum_Camera_Cover|dinov2_s|coreset_knn|1024|1,p0_hybrid_3cad,Aluminum_Camera_Cover,dinov2_s,784,1446,1077,1024,62.37658269099995,2,Tesla T4,coreset_knn,1024,1,1188.375,10.03297025500001,8332.859375,64.66015625,4.890821899000002,8349.421875,1024.0,0.9314491473605544,"{""bright shadow"": 0.9320624240725167, ""bruise"": 0.9694670280036134, ""bump"": 0.8182475158084914, ""deformation"": 0.7810298102981029, ""discoloration"": 0.9484592994078089, ""overwashing"": 0.9898102981029812, ""scratche"": 0.9245134269524514, ""uneven"": 0.8067073170731708, ""watermark"": 0.9869506303758689, ""whitening"": 0.9406303322292482}",0.8880156135646806,0.7839698070516319,1.7893595695495605,0.9314491473605544,0.93727935422344,0.9390306809289077,0.9348108894273717,,,,,,,
p0_hybrid_3cad|Aluminum_Camera_Cover|dinov2_s|coreset_knn|256|2,p0_hybrid_3cad,Aluminum_Camera_Cover,dinov2_s,784,1446,1077,1024,62.37658269099995,2,Tesla T4,coreset_knn,256,2,1188.375,10.150869280000052,8349.421875,29.5322265625,5.085887023000055,8349.421875,256.0,0.8383822371185643,"{""bright shadow"": 0.8513690309316886, ""bruise"": 0.9127009936766035, ""bump"": 0.7295392953929539, ""deformation"": 0.5413279132791329, ""discoloration"": 0.8931044866004216, ""overwashing"": 0.9472448057813911, ""scratche"": 0.7984889545865155, ""uneven"": 0.6909891598915988, ""watermark"": 0.9170790620949688, ""whitening"": 0.8627923316270201}",0.8428802679150424,0.6939209291215236,1.2931479215621948,0.8383822371185643,0.8426372564561301,0.849423647439817,0.8536786667773828,,,,,,,
p0_hybrid_3cad|Aluminum_Camera_Cover|dinov2_s|coreset_knn|1024|2,p0_hybrid_3cad,Aluminum_Camera_Cover,dinov2_s,784,1446,1077,1024,62.37658269099995,2,Tesla T4,coreset_knn,1024,2,1188.375,10.150869280000052,8349.421875,64.66015625,4.940888410999946,8349.421875,1024.0,0.9242261828375016,"{""bright shadow"": 0.9546304083730491, ""bruise"": 0.977801866907558, ""bump"": 0.8328816621499548, ""deformation"": 0.7473577235772358, ""discoloration"": 0.9855465221318881, ""overwashing"": 0.9765853658536585, ""scratche"": 0.9109673975527635, ""uneven"": 0.7679878048780487, ""watermark"": 0.9850948509485096, ""whitening"": 0.9118488407106293}",0.8825761442360216,0.7722434334571598,1.7368935346603394,0.9242261828375016,0.9283465815159544,0.9298349575882017,0.9273954299431573,,,,,,,
p0_hybrid_3cad|Aluminum_Camera_Cover|dinov2_s|codebook_dist|256|0,p0_hybrid_3cad,Aluminum_Camera_Cover,dinov2_s,784,1446,1077,1024,62.37658269099995,2,Tesla T4,codebook_dist,256,0,9.125,24.91787219899993,8349.421875,9.125,12.88618436999991,8349.421875,,0.866446241064082,"{""bright shadow"": 0.754041678347818, ""bruise"": 0.9589882565492321, ""bump"": 0.9340560072267389, ""deformation"": 0.6048780487804878, ""discoloration"": 0.8141624008832681, ""overwashing"": 0.9117976513098465, ""scratche"": 0.9169664120883634, ""uneven"": 0.7086043360433604, ""watermark"": 0.8119476846942383, ""whitening"": 0.8251279735019572}",0.9022683877479596,0.8497193537925087,1.834625482559204,0.866446241064082,0.8826007201576194,0.9027812376545308,0.9054786833847912,0.0,,,,,,
p0_hybrid_3cad|Aluminum_Camera_Cover|dinov2_s|codebook_dist|256|1,p0_hybrid_3cad,Aluminum_Camera_Cover,dinov2_s,784,1446,1077,1024,62.37658269099995,2,Tesla T4,codebook_dist,256,1,9.125,23.142033194000078,8424.6484375,9.125,12.881497523999997,8424.6484375,,0.8687737945160323,"{""bright shadow"": 0.7551630688720681, ""bruise"": 0.9622282445046673, ""bump"": 0.9199638663053297, ""deformation"": 0.6229674796747967, ""discoloration"": 0.8236976814212588, ""overwashing"": 0.9155194218608852, ""scratche"": 0.9174098710684077, ""uneven"": 0.6954945799457994, ""watermark"": 0.8289442677035466, ""whitening"": 0.8227692462109807}",0.9029758051796526,0.8500523807613647,1.855689287185669,0.8687737945160323,0.8880585184681931,0.9046080525800615,0.9054560369187721,0.0,,,,,,
p0_hybrid_3cad|Aluminum_Camera_Cover|dinov2_s|codebook_dist|256|2,p0_hybrid_3cad,Aluminum_Camera_Cover,dinov2_s,784,1446,1077,1024,62.37658269099995,2,Tesla T4,codebook_dist,256,2,9.125,24.540019538000024,8441.53515625,9.125,12.133406261000118,8441.53515625,,0.8842903981500353,"{""bright shadow"": 0.7923324922904401, ""bruise"": 0.9608912978018669, ""bump"": 0.858717253839205, ""deformation"": 0.6735094850948509, ""discoloration"": 0.8585767339154873, ""overwashing"": 0.923468834688347, ""scratche"": 0.9312884947031288, ""uneven"": 0.7403794037940379, ""watermark"": 0.8429951690821256, ""whitening"": 0.8395312656830272}",0.9005737810207404,0.8530354668688223,1.8700977563858032,0.8842903981500353,0.89368742341091,0.9115454200038752,0.9106798217471497,0.0,,,,,,
p0_hybrid_3cad|Aluminum_Camera_Cover|dinov2_s|codebook_dist|1024|0,p0_hybrid_3cad,Aluminum_Camera_Cover,dinov2_s,784,1446,1077,1024,62.37658269099995,2,Tesla T4,codebook_dist,1024,0,9.125,93.21548997700006,8450.54296875,9.125,29.99722739899994,8450.54296875,,0.9106420776371181,"{""bright shadow"": 0.879684141669003, ""bruise"": 0.9737187594098162, ""bump"": 0.8832881662149954, ""deformation"": 0.7211382113821138, ""discoloration"": 0.9288366957743652, ""overwashing"": 0.9654561878952123, ""scratche"": 0.9131395253346474, ""uneven"": 0.7593834688346883, ""watermark"": 0.9499823259102156, ""whitening"": 0.8935812506273211}",0.9184683059418344,0.8631568183518683,2.0339267253875732,0.9106420776371181,0.9218369806724993,0.9344208669570446,0.9350449029095678,0.0,,,,,,
p0_hybrid_3cad|Aluminum_Camera_Cover|dinov2_s|codebook_dist|1024|1,p0_hybrid_3cad,Aluminum_Camera_Cover,dinov2_s,784,1446,1077,1024,62.37658269099995,2,Tesla T4,codebook_dist,1024,1,9.125,100.84548937399995,8451.18359375,9.125,30.03968658599979,8451.18359375,,0.9171290320145542,"{""bright shadow"": 0.8474441640968133, ""bruise"": 0.9761156278229449, ""bump"": 0.9803071364046974, ""deformation"": 0.7160569105691057, ""discoloration"": 0.9226136705811503, ""overwashing"": 0.9560252935862692, ""scratche"": 0.9480824505214749, ""uneven"": 0.7887872628726287, ""watermark"": 0.9068575468363379, ""whitening"": 0.8768443239987955}",0.9188930669055857,0.8661856193913442,2.055305242538452,0.9171290320145542,0.9281679260618048,0.9406486451122635,0.936859136465088,0.0,,,,,,
p0_hybrid_3cad|Aluminum_Camera_Cover|dinov2_s|codebook_dist|1024|2,p0_hybrid_3cad,Aluminum_Camera_Cover,dinov2_s,784,1446,1077,1024,62.37658269099995,2,Tesla T4,codebook_dist,1024,2,9.125,99.108139983,8451.18359375,9.125,30.306464964000043,8451.18359375,,0.9229718202474504,"{""bright shadow"": 0.8449210354172507, ""bruise"": 0.979620596205962, ""bump"": 0.9718157181571816, ""deformation"": 0.7102981029810298, ""discoloration"": 0.9109204055003512, ""overwashing"": 0.962962962962963, ""scratche"": 0.9630040239796337, ""uneven"": 0.7605352303523036, ""watermark"": 0.9354895722870272, ""whitening"": 0.884447455585667}",0.9156422824766506,0.868614799443505,2.0162012577056885,0.9229718202474504,0.9331400834899715,0.944480930417475,0.9430869146203069,0.0,,,,,,
p0_hybrid_3cad|Aluminum_Camera_Cover|dinov2_s|hybrid_w75|256|0,p0_hybrid_3cad,Aluminum_Camera_Cover,dinov2_s,784,1446,1077,1024,62.37658269099995,2,Tesla T4,hybrid_w75,256,0,9.125,21.137959209999963,8451.18359375,30.5322265625,3.5198998869998377,8451.18359375,256.0,0.8658599492215907,"{""bright shadow"": 0.8570227081581161, ""bruise"": 0.9425594700391449, ""bump"": 0.5960252935862692, ""deformation"": 0.6848238482384824, ""discoloration"": 0.9192512295493326, ""overwashing"": 0.9621680216802168, ""scratche"": 0.8512687854151267, ""uneven"": 0.738719512195122, ""watermark"": 0.8597266407446683, ""whitening"": 0.8657532871625012}",0.9036553467400646,0.8176720313878725,1.8235512971878052,0.8658599492215907,0.8791559410487327,0.8916718879352211,0.8868859347832105,,1200.4697265625,2.2556770490000417,8451.18359375,192.0,64.0,
p0_hybrid_3cad|Aluminum_Camera_Cover|dinov2_s|hybrid_w75|256|1,p0_hybrid_3cad,Aluminum_Camera_Cover,dinov2_s,784,1446,1077,1024,62.37658269099995,2,Tesla T4,hybrid_w75,256,1,9.125,19.01906102299995,8451.18359375,30.5322265625,4.706117956000071,8451.18359375,256.0,0.8721657318708749,"{""bright shadow"": 0.8471170918605737, ""bruise"": 0.9565672990063233, ""bump"": 0.6269196025293586, ""deformation"": 0.6724932249322494, ""discoloration"": 0.9173441734417344, ""overwashing"": 0.9571815718157183, ""scratche"": 0.8655826558265582, ""uneven"": 0.7226287262872629, ""watermark"": 0.8823494756686697, ""whitening"": 0.8583759911673191}",0.9018921897322433,0.8142104605135302,1.7756799459457397,0.8721657318708749,0.8818382891349805,0.890141993341939,0.8831316539720642,,1200.4697265625,1.8397511519999625,8451.18359375,192.0,64.0,
p0_hybrid_3cad|Aluminum_Camera_Cover|dinov2_s|hybrid_w75|256|2,p0_hybrid_3cad,Aluminum_Camera_Cover,dinov2_s,784,1446,1077,1024,62.37658269099995,2,Tesla T4,hybrid_w75,256,2,9.125,21.142637972000102,8451.18359375,30.5322265625,3.356422045000045,8451.18359375,256.0,0.8914731022890545,"{""bright shadow"": 0.840669096346136, ""bruise"": 0.9663836193917494, ""bump"": 0.5983739837398374, ""deformation"": 0.7160569105691058, ""discoloration"": 0.9456990866204958, ""overwashing"": 0.9564588979223126, ""scratche"": 0.8879773343187977, ""uneven"": 0.7515243902439026, ""watermark"": 0.9400259219983504, ""whitening"": 0.8691157281943189}",0.901640476403994,0.8340084211006076,1.7959709167480469,0.8914731022890545,0.9010953340731179,0.9146429533004707,0.9100985624526627,,1200.4697265625,1.8404935959999875,8451.18359375,192.0,64.0,
p0_hybrid_3cad|Aluminum_Camera_Cover|dinov2_s|hybrid_w75|1024|0,p0_hybrid_3cad,Aluminum_Camera_Cover,dinov2_s,784,1446,1077,1024,62.37658269099995,2,Tesla T4,hybrid_w75,1024,0,9.125,71.0391326719996,8451.18359375,64.66015625,3.65255583499993,8451.18359375,1024.0,0.9391741085470278,"{""bright shadow"": 0.9357536678815064, ""bruise"": 0.9741403191809695, ""bump"": 0.9071364046973803, ""deformation"": 0.7646341463414633, ""discoloration"": 0.9686339455987153, ""overwashing"": 0.984390243902439, ""scratche"": 0.9497084667816375, ""uneven"": 0.7952913279132792, ""watermark"": 0.9885412984564628, ""whitening"": 0.9234668272608652}",0.9195805257698375,0.8537884779036417,2.0231518745422363,0.9391741085470278,0.9457868766245693,0.9503463651163903,0.9398031770475551,,2709.7529296875,4.129039441999794,8451.18359375,768.0,256.0,
p0_hybrid_3cad|Aluminum_Camera_Cover|dinov2_s|hybrid_w75|1024|1,p0_hybrid_3cad,Aluminum_Camera_Cover,dinov2_s,784,1446,1077,1024,62.37658269099995,2,Tesla T4,hybrid_w75,1024,1,9.125,70.89342007000005,8451.18359375,64.66015625,3.446596865999709,8451.18359375,1024.0,0.9379361017379904,"{""bright shadow"": 0.9208017942248388, ""bruise"": 0.9758867810900331, ""bump"": 0.8149954832881663, ""deformation"": 0.810230352303523, ""discoloration"": 0.9642677908260564, ""overwashing"": 0.9819692863595303, ""scratche"": 0.9437381949577072, ""uneven"": 0.8118224932249323, ""watermark"": 0.9775539059738423, ""whitening"": 0.9306433805078791}",0.9192708326334921,0.8546335022829399,2.0339508056640625,0.9379361017379904,0.9445161582535047,0.9483031506266779,0.940427213000078,,2709.7529296875,4.103527825999663,8451.18359375,768.0,256.0,
p0_hybrid_3cad|Aluminum_Camera_Cover|dinov2_s|hybrid_w75|1024|2,p0_hybrid_3cad,Aluminum_Camera_Cover,dinov2_s,784,1446,1077,1024,62.37658269099995,2,Tesla T4,hybrid_w75,1024,2,9.125,74.8473535510002,8451.18359375,64.66015625,3.616688929999782,8451.18359375,1024.0,0.9262077486141622,"{""bright shadow"": 0.9351929726193814, ""bruise"": 0.9765371875940981, ""bump"": 0.9000903342366756, ""deformation"": 0.8296070460704607, ""discoloration"": 0.9715949011341964, ""overwashing"": 0.9782113821138212, ""scratche"": 0.9032027593003202, ""uneven"": 0.7928861788617886, ""watermark"": 0.9696594792034877, ""whitening"": 0.9291629027401385}",0.9163648501613966,0.8435641864223594,2.0143485069274902,0.9262077486141622,0.9342396952288927,0.938454454182425,0.9307798184759934,,2709.7529296875,3.6255411580000327,8451.18359375,768.0,256.0,
p0_hybrid_3cad|Aluminum_Ipad|dinov2_s|coreset_knn|256|0,p0_hybrid_3cad,Aluminum_Ipad,dinov2_s,2096,2047,1134,1024,78.01920176500016,2,Tesla T4,coreset_knn,256,0,3162.3125,26.680585198000244,8451.18359375,29.5322265625,5.343672737999896,8451.18359375,256.0,0.8831333028120177,"{""Multiple-defects"": 0.8368017524644031, ""bruise"": 0.8903710395663611, ""scratche"": 0.8164959302450443, ""uneven"": 0.9658671792923084}",0.9410314522585151,0.7329204605243816,2.3688457956481384,0.8831333028120177,0.8909635656623609,0.8906119910135974,0.8870976933225929,,,,,,,True
p0_hybrid_3cad|Aluminum_Ipad|dinov2_s|coreset_knn|1024|0,p0_hybrid_3cad,Aluminum_Ipad,dinov2_s,2096,2047,1134,1024,78.01920176500016,2,Tesla T4,coreset_knn,1024,0,3162.3125,26.680585198000244,8451.18359375,64.66015625,5.443450067999947,8451.18359375,1024.0,0.9295034877364196,"{""Multiple-defects"": 0.8928806133625411, ""bruise"": 0.9336283421676087, ""scratche"": 0.8849193565706677, ""uneven"": 0.9914500301763641}",0.9503418530956605,0.6514166273371307,2.720620647020391,0.9295034877364196,0.9329680434098104,0.9340150404407432,0.9344264986835269,,,,,,,True
p0_hybrid_3cad|Aluminum_Ipad|dinov2_s|coreset_knn|256|1,p0_hybrid_3cad,Aluminum_Ipad,dinov2_s,2096,2047,1134,1024,78.01920176500016,2,Tesla T4,coreset_knn,256,1,3162.3125,27.699636913000177,8451.18359375,29.5322265625,6.273966359000042,8451.18359375,256.0,0.8876120161260723,"{""Multiple-defects"": 0.84052573932092, ""bruise"": 0.8937928222511813, ""scratche"": 0.825682408779503, ""uneven"": 0.9694883429823189}",0.9420909494626675,0.619736171536604,2.4637504012023497,0.8876120161260723,0.8947091878818787,0.898025000434639,0.8992656532817176,,,,,,,True
p0_hybrid_3cad|Aluminum_Ipad|dinov2_s|coreset_knn|1024|1,p0_hybrid_3cad,Aluminum_Ipad,dinov2_s,2096,2047,1134,1024,78.01920176500016,2,Tesla T4,coreset_knn,1024,1,3162.3125,27.699636913000177,8451.18359375,64.66015625,6.216035636000015,8451.18359375,1024.0,0.9200974170853689,"{""Multiple-defects"": 0.8123767798466593, ""bruise"": 0.9273131011104804, ""scratche"": 0.8620417498872495, ""uneven"": 0.9914165008829381}",0.9496280067826185,0.6030058858615286,2.8333966256434757,0.9200974170853689,0.9261673920308457,0.9292088990884171,0.9307475211089671,,,,,,,True
p0_hybrid_3cad|Aluminum_Ipad|dinov2_s|coreset_knn|256|2,p0_hybrid_3cad,Aluminum_Ipad,dinov2_s,2096,2047,1134,1024,78.01920176500016,2,Tesla T4,coreset_knn,256,2,3162.3125,26.48257581300004,8451.18359375,29.5322265625,4.785824355999921,8451.18359375,256.0,0.8928856358575235,"{""Multiple-defects"": 0.8382256297918949, ""bruise"": 0.8992772683301221, ""scratche"": 0.8414298906857376, ""uneven"": 0.9519636989516509}",0.9118440878778624,0.6076216165776454,2.0299302973823794,0.8928856358575235,0.8957590825060704,0.8947265734414329,0.8922766583409153,,,,,,,True
p0_hybrid_3cad|Aluminum_Ipad|dinov2_s|coreset_knn|1024|2,p0_hybrid_3cad,Aluminum_Ipad,dinov2_s,2096,2047,1134,1024,78.01920176500016,2,Tesla T4,coreset_knn,1024,2,3162.3125,26.48257581300004,8451.18359375,64.66015625,6.9146621109998705,8451.18359375,1024.0,0.9416999406959247,"{""Multiple-defects"": 0.9123767798466593, ""bruise"": 0.9488271600003197, ""scratche"": 0.8911474776109786, ""uneven"": 0.9901423877327492}",0.9514296213370902,0.7337556047692073,2.774201478852223,0.9416999406959247,0.9447477258722239,0.9440745183717071,0.9421736971937775,,,,,,,True
p0_hybrid_3cad|Aluminum_Ipad|dinov2_s|codebook_dist|256|0,p0_hybrid_3cad,Aluminum_Ipad,dinov2_s,2096,2047,1134,1024,78.01920176500016,2,Tesla T4,codebook_dist,256,0,9.125,23.89403075600012,8451.18359375,9.125,18.341893296000308,8451.18359375,,0.9326985672367197,"{""Multiple-defects"": 0.9095290251916758, ""bruise"": 0.9425798749077265, ""scratche"": 0.8691611365247084, ""uneven"": 0.9844424078503252}",0.9835673520026846,0.8958816439844982,3.3677683344330176,0.9326985672367197,0.9339865474403627,0.932610673574529,0.9275031825232629,0.0,,,,,,True
p0_hybrid_3cad|Aluminum_Ipad|dinov2_s|codebook_dist|256|1,p0_hybrid_3cad,Aluminum_Ipad,dinov2_s,2096,2047,1134,1024,78.01920176500016,2,Tesla T4,codebook_dist,256,1,9.125,26.759395381000104,8451.18359375,9.125,17.513932986000327,8451.18359375,,0.9355034375114696,"{""Multiple-defects"": 0.9347207009857612, ""bruise"": 0.945143546981556, ""scratche"": 0.8714590984257886, ""uneven"": 0.9880412186780517}",0.9814102652035577,0.8721321145069674,3.3175940996028617,0.9355034375114696,0.9385343200604244,0.9378784981194621,0.932508291946043,0.0,,,,,,True
p0_hybrid_3cad|Aluminum_Ipad|dinov2_s|codebook_dist|256|2,p0_hybrid_3cad,Aluminum_Ipad,dinov2_s,2096,2047,1134,1024,78.01920176500016,2,Tesla T4,codebook_dist,256,2,9.125,27.022385296000266,8451.18359375,9.125,17.218520003999856,8451.18359375,,0.9249610273706659,"{""Multiple-defects"": 0.8813800657174151, ""bruise"": 0.9380481448021681, ""scratche"": 0.8446352253935527, ""uneven"": 0.9868453405458569}",0.9803622054022602,0.8712961574680045,3.3245354199991812,0.9249610273706659,0.9268724730572119,0.9276094276094278,0.924897280318967,0.0,,,,,,True
p0_hybrid_3cad|Aluminum_Ipad|dinov2_s|codebook_dist|1024|0,p0_hybrid_3cad,Aluminum_Ipad,dinov2_s,2096,2047,1134,1024,78.01920176500016,2,Tesla T4,codebook_dist,1024,0,9.125,93.88169287500023,8451.18359375,9.125,39.97432023900001,8451.18359375,,0.923251447347833,"{""Multiple-defects"": 0.9128148959474262, ""bruise"": 0.9278534176520282, ""scratche"": 0.8748953031376844, ""uneven"": 0.9863759304378926}",0.978970765403212,0.8361130557615253,3.143424126083796,0.923251447347833,0.9294522969221763,0.9340024842032875,0.9348524448926054,0.0,,,,,,True
p0_hybrid_3cad|Aluminum_Ipad|dinov2_s|codebook_dist|1024|1,p0_hybrid_3cad,Aluminum_Ipad,dinov2_s,2096,2047,1134,1024,78.01920176500016,2,Tesla T4,codebook_dist,1024,1,9.125,91.856481326,8451.18359375,9.125,40.512114914999984,8451.18359375,,0.9373888048586844,"{""Multiple-defects"": 0.9013143483023001, ""bruise"": 0.9506719645669607, ""scratche"": 0.8610967935914782, ""uneven"": 0.988465923061448}",0.9834969814525092,0.8925967838019561,3.405908544709494,0.9373888048586844,0.9421398919390886,0.9437548172487932,0.9398710764172611,0.0,,,,,,True
p0_hybrid_3cad|Aluminum_Ipad|dinov2_s|codebook_dist|1024|2,p0_hybrid_3cad,Aluminum_Ipad,dinov2_s,2096,2047,1134,1024,78.01920176500016,2,Tesla T4,codebook_dist,1024,2,9.125,89.56296818999999,8451.18359375,9.125,39.406178312000065,8451.18359375,,0.9464070809452335,"{""Multiple-defects"": 0.9331872946330778, ""bruise"": 0.9564388942631841, ""scratche"": 0.8871475205635376, ""uneven"": 0.9869682812884191}",0.9811357932776094,0.882973391675563,3.276202573099212,0.9464070809452335,0.9516411002354779,0.9525432176034586,0.9489270212161778,0.0,,,,,,True
p0_hybrid_3cad|Aluminum_Ipad|dinov2_s|hybrid_w75|256|0,p0_hybrid_3cad,Aluminum_Ipad,dinov2_s,2096,2047,1134,1024,78.01920176500016,2,Tesla T4,hybrid_w75,256,0,9.125,17.074641588000304,8451.18359375,30.5322265625,5.323843619999934,8451.18359375,256.0,0.9191769482934142,"{""Multiple-defects"": 0.9177984665936473, ""bruise"": 0.9255042732309464, ""scratche"": 0.8638779717801688, ""uneven"": 0.9813577128551311}",0.9820463808875558,0.8718958161582335,3.1065627336221784,0.9191769482934142,0.9217891286164378,0.9196197971298372,0.9162064322706893,,3198.4072265625,4.623731633000261,8451.18359375,192.0,64.0,True
p0_hybrid_3cad|Aluminum_Ipad|dinov2_s|hybrid_w75|256|1,p0_hybrid_3cad,Aluminum_Ipad,dinov2_s,2096,2047,1134,1024,78.01920176500016,2,Tesla T4,hybrid_w75,256,1,9.125,17.113808430000063,8451.18359375,30.5322265625,4.794690563000131,8451.18359375,256.0,0.9355884335804014,"{""Multiple-defects"": 0.9215772179627602, ""bruise"": 0.9447557982427387, ""scratche"": 0.8762160943238193, ""uneven"": 0.9837159398260947}",0.9808545971103345,0.8759828140298228,2.964249486960037,0.9355884335804014,0.9391891761369674,0.9374467567238651,0.9304481031388662,,3198.4072265625,4.8177929929997845,8451.18359375,192.0,64.0,True
p0_hybrid_3cad|Aluminum_Ipad|dinov2_s|hybrid_w75|256|2,p0_hybrid_3cad,Aluminum_Ipad,dinov2_s,2096,2047,1134,1024,78.01920176500016,2,Tesla T4,hybrid_w75,256,2,9.125,18.207791882999572,8451.18359375,30.5322265625,4.260370192999744,8451.18359375,256.0,0.9288157922696074,"{""Multiple-defects"": 0.8702081051478642, ""bruise"": 0.9382280282377018, ""scratche"": 0.8661276120524881, ""uneven"": 0.9863424011444665}",0.9804539001454319,0.8679960310622863,3.123789284592349,0.9288157922696074,0.9315559496282388,0.9311889211487605,0.9247920010972219,,3198.4072265625,5.726748689000033,8451.18359375,192.0,64.0,True
p0_hybrid_3cad|Aluminum_Ipad|dinov2_s|hybrid_w75|1024|0,p0_hybrid_3cad,Aluminum_Ipad,dinov2_s,2096,2047,1134,1024,78.01920176500016,2,Tesla T4,hybrid_w75,1024,0,9.125,66.31014450799967,8451.18359375,64.66015625,5.808540401999835,8451.18359375,1024.0,0.9390694089489271,"{""Multiple-defects"": 0.9096385542168675, ""bruise"": 0.946914399469144, ""scratche"": 0.8859126344952001, ""uneven"": 0.986923575563851}",0.9797941617748165,0.8573697010702218,3.0345369578365777,0.9390694089489271,0.9435466734663523,0.9439354338952733,0.9403414523896452,,3371.6904296875,9.132295644999886,8451.18359375,768.0,256.0,True
p0_hybrid_3cad|Aluminum_Ipad|dinov2_s|hybrid_w75|1024|1,p0_hybrid_3cad,Aluminum_Ipad,dinov2_s,2096,2047,1134,1024,78.01920176500016,2,Tesla T4,hybrid_w75,1024,1,9.125,66.18541151299996,8451.18359375,64.66015625,5.9441288229995735,8451.18359375,1024.0,0.9407983062601535,"{""Multiple-defects"": 0.8980284775465498, ""bruise"": 0.9513461943327391, ""scratche"": 0.8767422631703283, ""uneven"": 0.9900306234213291}",0.9793931875615307,0.8458996078535099,3.014382061877182,0.9407983062601535,0.9446665932609707,0.9449592501801337,0.9407558082256877,,3371.6904296875,10.107874944999821,8451.18359375,768.0,256.0,True
p0_hybrid_3cad|Aluminum_Ipad|dinov2_s|hybrid_w75|1024|2,p0_hybrid_3cad,Aluminum_Ipad,dinov2_s,2096,2047,1134,1024,78.01920176500016,2,Tesla T4,hybrid_w75,1024,2,9.125,66.8743714709999,8451.18359375,64.66015625,4.614152882000326,8451.18359375,1024.0,0.9352798398983138,"{""Multiple-defects"": 0.9198247535596933, ""bruise"": 0.9395211902687057, ""scratche"": 0.8929729613641734, ""uneven"": 0.9893488611216665}",0.9820054659167973,0.8571018338427574,3.073154560778587,0.9352798398983138,0.9406389386309065,0.940601269918539,0.9382947856843438,,3371.6904296875,9.878232822999962,8451.18359375,768.0,256.0,True
p0_hybrid_3cad|Aluminum_Middle_Frame|dinov2_s|coreset_knn|256|0,p0_hybrid_3cad,Aluminum_Middle_Frame,dinov2_s,1548,1479,748,1024,60.579904644999715,2,Tesla T4,coreset_knn,256,0,2337.359375,19.350063457000033,8451.18359375,29.5322265625,3.396334656000363,8451.18359375,256.0,0.7307887151876047,"{""Multiple-defects"": 0.7566364785537412, ""abrasion"": 0.7206299422775351, ""bruise"": 0.7248920709933021, ""bump"": 0.7336846305229558, ""discoloration"": 0.8396032831737346, ""scratche"": 0.6772065317148349}",0.9026375826744196,0.5720804677004814,1.5426994562149048,0.7307887151876047,0.7286644915396827,0.7265960481941812,0.7246803148569464,,,,,,,
p0_hybrid_3cad|Aluminum_Middle_Frame|dinov2_s|coreset_knn|1024|0,p0_hybrid_3cad,Aluminum_Middle_Frame,dinov2_s,1548,1479,748,1024,60.579904644999715,2,Tesla T4,coreset_knn,1024,0,2337.359375,19.350063457000033,8451.18359375,64.66015625,3.956426280999949,9172.59375,1024.0,0.8219913385077946,"{""Multiple-defects"": 0.8632357270255763, ""abrasion"": 0.8295352173767976, ""bruise"": 0.7783680068221791, ""bump"": 0.8295143638850889, ""discoloration"": 0.806515047879617, ""scratche"": 0.7790611092832777}",0.946874147776422,0.7130931223369695,2.1761960983276367,0.8219913385077946,0.8355084603173442,0.846776081406322,0.8494864554452548,,,,,,,
p0_hybrid_3cad|Aluminum_Middle_Frame|dinov2_s|coreset_knn|256|1,p0_hybrid_3cad,Aluminum_Middle_Frame,dinov2_s,1548,1479,748,1024,60.579904644999715,2,Tesla T4,coreset_knn,256,1,2337.359375,20.344159809999837,9172.59375,29.5322265625,3.0928707530001702,9172.59375,256.0,0.6927099716892104,"{""Multiple-defects"": 0.7217787320992572, ""abrasion"": 0.7180274265122952, ""bruise"": 0.5944711922824097, ""bump"": 0.7043568651450788, ""discoloration"": 0.5982387140902873, ""scratche"": 0.6981592754852899}",0.8971801269207909,0.5154120217988788,1.4684237241744995,0.6927099716892104,0.7102313876676152,0.7267990519177451,0.7410623495760695,,,,,,,
p0_hybrid_3cad|Aluminum_Middle_Frame|dinov2_s|coreset_knn|1024|1,p0_hybrid_3cad,Aluminum_Middle_Frame,dinov2_s,1548,1479,748,1024,60.579904644999715,2,Tesla T4,coreset_knn,1024,1,2337.359375,20.344159809999837,9172.59375,64.66015625,3.487793978999889,9172.6171875,1024.0,0.8267811290664755,"{""Multiple-defects"": 0.85786766870422, ""abrasion"": 0.8622001267892296, ""bruise"": 0.7788299252047542, ""bump"": 0.8348363213094295, ""discoloration"": 0.8270348837209303, ""scratche"": 0.7775026407383677}",0.9463024439293852,0.6740331965565586,2.0818214416503906,0.8267811290664755,0.8345958579924944,0.8375266099475481,0.8356291652340578,,,,,,,
p0_hybrid_3cad|Aluminum_Middle_Frame|dinov2_s|coreset_knn|256|2,p0_hybrid_3cad,Aluminum_Middle_Frame,dinov2_s,1548,1479,748,1024,60.579904644999715,2,Tesla T4,coreset_knn,256,2,2337.359375,19.297997732000113,9172.6171875,29.5322265625,3.3378947269998207,9172.6171875,256.0,0.7208680512374083,"{""Multiple-defects"": 0.7351642452683163, ""abrasion"": 0.7956024156684797, ""bruise"": 0.6925755503046884, ""bump"": 0.7228652170782633, ""discoloration"": 0.6886969904240766, ""scratche"": 0.6903496164435747}",0.876656022909558,0.48118848220584126,1.4443228244781494,0.7208680512374083,0.7287742232821496,0.7299922456235323,0.7245477223347989,,,,,,,
p0_hybrid_3cad|Aluminum_Middle_Frame|dinov2_s|coreset_knn|1024|2,p0_hybrid_3cad,Aluminum_Middle_Frame,dinov2_s,1548,1479,748,1024,60.579904644999715,2,Tesla T4,coreset_knn,1024,2,2337.359375,19.297997732000113,9172.6171875,64.66015625,3.572429139000178,9172.6171875,1024.0,0.831402664286707,"{""Multiple-defects"": 0.8383521792585154, ""abrasion"": 0.8533582463047613, ""bruise"": 0.7831470854726668, ""bump"": 0.8431522547819618, ""discoloration"": 0.8408857729138167, ""scratche"": 0.7903513480752913}",0.9329622920275354,0.6290861480289749,2.1558010578155518,0.831402664286707,0.8391963612954199,0.8417540253260862,0.8377433301389204,,,,,,,
p0_hybrid_3cad|Aluminum_Middle_Frame|dinov2_s|codebook_dist|256|0,p0_hybrid_3cad,Aluminum_Middle_Frame,dinov2_s,1548,1479,748,1024,60.579904644999715,2,Tesla T4,codebook_dist,256,0,9.125,22.45046121300038,9172.6171875,9.125,11.87630695900043,9172.6171875,,0.7936494582909647,"{""Multiple-defects"": 0.8337633552096141, ""abrasion"": 0.8280004003870408, ""bruise"": 0.7259758025831896, ""bump"": 0.8037655698754411, ""discoloration"": 0.7841997264021887, ""scratche"": 0.7451903929072364}",0.9653153212254484,0.7730865793839384,2.4746851921081543,0.7936494582909647,0.7951162059152724,0.7969295229595382,0.7942255499389159,0.0,,,,,,
p0_hybrid_3cad|Aluminum_Middle_Frame|dinov2_s|codebook_dist|256|1,p0_hybrid_3cad,Aluminum_Middle_Frame,dinov2_s,1548,1479,748,1024,60.579904644999715,2,Tesla T4,codebook_dist,256,1,9.125,23.324574194999514,9172.6171875,9.125,11.760292963999746,9172.6171875,,0.7797629062817765,"{""Multiple-defects"": 0.8134166825399575, ""abrasion"": 0.7863267825564711, ""bruise"": 0.7178566987048519, ""bump"": 0.792983656130751, ""discoloration"": 0.7596614227086183, ""scratche"": 0.7308005333425687}",0.9613283330635705,0.7786947941968718,2.3934295177459717,0.7797629062817765,0.7868808386431304,0.7912710227729942,0.7974388611308222,0.0,,,,,,
p0_hybrid_3cad|Aluminum_Middle_Frame|dinov2_s|codebook_dist|256|2,p0_hybrid_3cad,Aluminum_Middle_Frame,dinov2_s,1548,1479,748,1024,60.579904644999715,2,Tesla T4,codebook_dist,256,2,9.125,22.746331196999563,9172.6171875,9.125,11.673740743999588,9172.6171875,,0.798139315420236,"{""Multiple-defects"": 0.8316507645154029, ""abrasion"": 0.8250642287544626, ""bruise"": 0.7754010695187166, ""bump"": 0.8053705570355436, ""discoloration"": 0.7497435020519836, ""scratche"": 0.7408786299329859}",0.9626375958321873,0.7875610966032347,2.4411706924438477,0.798139315420236,0.8028925287314278,0.808804326356833,0.8093374397389848,0.0,,,,,,
p0_hybrid_3cad|Aluminum_Middle_Frame|dinov2_s|codebook_dist|1024|0,p0_hybrid_3cad,Aluminum_Middle_Frame,dinov2_s,1548,1479,748,1024,60.579904644999715,2,Tesla T4,codebook_dist,1024,0,9.125,83.67030288600017,9172.6171875,9.125,27.443912153999918,9172.6171875,,0.8227100814209529,"{""Multiple-defects"": 0.849694367002026, ""abrasion"": 0.8439825164325514, ""bruise"": 0.7851191216444293, ""bump"": 0.8377522979816162, ""discoloration"": 0.7756497948016415, ""scratche"": 0.7440301996571369}",0.9676744614822528,0.8041361442894384,2.6071929931640625,0.8227100814209529,0.8331858051017944,0.8401821181152476,0.8414156857868131,0.0,,,,,,
p0_hybrid_3cad|Aluminum_Middle_Frame|dinov2_s|codebook_dist|1024|1,p0_hybrid_3cad,Aluminum_Middle_Frame,dinov2_s,1548,1479,748,1024,60.579904644999715,2,Tesla T4,codebook_dist,1024,1,9.125,88.67199764699944,9172.6171875,9.125,28.074888740999995,9172.6171875,,0.82439446366782,"{""Multiple-defects"": 0.853417375192644, ""abrasion"": 0.8735110606920022, ""bruise"": 0.7601577628937409, ""bump"": 0.8372993016055871, ""discoloration"": 0.8195109439124487, ""scratche"": 0.7589914976882717}",0.9656556736977805,0.7903007726179777,2.6089837551116943,0.82439446366782,0.8345519652955076,0.840248871591915,0.8413041251819717,0.0,,,,,,
p0_hybrid_3cad|Aluminum_Middle_Frame|dinov2_s|codebook_dist|1024|2,p0_hybrid_3cad,Aluminum_Middle_Frame,dinov2_s,1548,1479,748,1024,60.579904644999715,2,Tesla T4,codebook_dist,1024,2,9.125,85.24932395899941,9172.6171875,9.125,27.389416107000216,9172.6171875,,0.827671785042832,"{""Multiple-defects"": 0.8632876759770731, ""abrasion"": 0.8712755663808348, ""bruise"": 0.7934869508056922, ""bump"": 0.8384662922696617, ""discoloration"": 0.7771887824897401, ""scratche"": 0.7506623491315867}",0.9667688956305923,0.8088406681033058,2.6201703548431396,0.827671785042832,0.8350366138247365,0.8391497253048713,0.8401043914643336,0.0,,,,,,
p0_hybrid_3cad|Aluminum_Middle_Frame|dinov2_s|hybrid_w75|256|0,p0_hybrid_3cad,Aluminum_Middle_Frame,dinov2_s,1548,1479,748,1024,60.579904644999715,2,Tesla T4,hybrid_w75,256,0,9.125,16.873907817000145,9172.6171875,29.5322265625,3.415669289000107,9172.6171875,256.0,0.7874386416673372,"{""Multiple-defects"": 0.8362049559299728, ""abrasion"": 0.8117513596476593, ""bruise"": 0.7295290209106898, ""bump"": 0.7964906280749753, ""discoloration"": 0.8033515731874146, ""scratche"": 0.7270255762004536}",0.9628419823240009,0.7834066053881902,2.347050666809082,0.7874386416673372,0.7954271125189287,0.8001894701419928,0.8003412657190722,,2346.4541015625,3.7235717140001725,9172.6171875,192.0,64.0,
p0_hybrid_3cad|Aluminum_Middle_Frame|dinov2_s|hybrid_w75|256|1,p0_hybrid_3cad,Aluminum_Middle_Frame,dinov2_s,1548,1479,748,1024,60.579904644999715,2,Tesla T4,hybrid_w75,256,1,9.125,17.617591391000133,9172.6171875,29.5322265625,3.167907596999612,9172.6171875,256.0,0.7960699576435475,"{""Multiple-defects"": 0.8303174080936466, ""abrasion"": 0.8015081245203697, ""bruise"": 0.7482722475882532, ""bump"": 0.8093545251637986, ""discoloration"": 0.8549931600547195, ""scratche"": 0.7169734540857852}",0.9616087935494195,0.7668929656588674,2.3296289443969727,0.7960699576435475,0.7981941812914696,0.8018793389759834,0.8027123857875448,,2346.4541015625,3.9470877779995135,9172.6171875,192.0,64.0,
p0_hybrid_3cad|Aluminum_Middle_Frame|dinov2_s|hybrid_w75|256|2,p0_hybrid_3cad,Aluminum_Middle_Frame,dinov2_s,1548,1479,748,1024,60.579904644999715,2,Tesla T4,hybrid_w75,256,2,9.125,16.756788259000132,9172.6171875,29.5322265625,3.080969067999831,9172.6171875,256.0,0.8123660358310717,"{""Multiple-defects"": 0.8530883651664964, ""abrasion"": 0.8199592939841847, ""bruise"": 0.7851013555527919, ""bump"": 0.8229534163726689, ""discoloration"": 0.7941176470588236, ""scratche"": 0.7368612443505516}",0.9618679368594159,0.7847423989696061,2.2751882076263428,0.8123660358310717,0.8179020022385275,0.8164828050359555,0.8110163353987286,,2346.4541015625,3.37832348899974,9172.6171875,192.0,64.0,
p0_hybrid_3cad|Aluminum_Middle_Frame|dinov2_s|hybrid_w75|1024|0,p0_hybrid_3cad,Aluminum_Middle_Frame,dinov2_s,1548,1479,748,1024,60.579904644999715,2,Tesla T4,hybrid_w75,1024,0,9.125,65.51054394400035,9172.6171875,64.66015625,3.2557033410002987,9172.6171875,1024.0,0.8364484955778106,"{""Multiple-defects"": 0.8644305529100071, ""abrasion"": 0.8645023522738648, ""bruise"": 0.7966848473004424, ""bump"": 0.8467012263901889, ""discoloration"": 0.8415697674418605, ""scratche"": 0.7724462761259936}",0.9672173104176109,0.7948160597764308,2.5468716621398926,0.8364484955778106,0.8446911782994505,0.8465456447471416,0.8436670153697593,,3094.7373046875,7.549624422999841,9172.6171875,768.0,256.0,
p0_hybrid_3cad|Aluminum_Middle_Frame|dinov2_s|hybrid_w75|1024|1,p0_hybrid_3cad,Aluminum_Middle_Frame,dinov2_s,1548,1479,748,1024,60.579904644999715,2,Tesla T4,hybrid_w75,1024,1,9.125,63.06335881799987,9172.6171875,64.66015625,3.899745452999923,9172.6171875,1024.0,0.8520816111545972,"{""Multiple-defects"": 0.882751216471281, ""abrasion"": 0.8846218010743718, ""bruise"": 0.7889210652548547, ""bump"": 0.8647790817673457, ""discoloration"": 0.8455027359781122, ""scratche"": 0.7941263052174065}",0.9662262514953441,0.8074578116725111,2.54177188873291,0.8520816111545972,0.8598305010351361,0.8586453982164934,0.8505087895125716,,3094.7373046875,6.746918344999358,9172.6171875,768.0,256.0,
p0_hybrid_3cad|Aluminum_Middle_Frame|dinov2_s|hybrid_w75|1024|2,p0_hybrid_3cad,Aluminum_Middle_Frame,dinov2_s,1548,1479,748,1024,60.579904644999715,2,Tesla T4,hybrid_w75,1024,2,9.125,62.83385522400022,9172.6171875,64.66015625,3.295831284000087,9172.6171875,1024.0,0.8313642581768437,"{""Multiple-defects"": 0.8643439713241787, ""abrasion"": 0.8850555537019118, ""bruise"": 0.7627693783644537, ""bump"": 0.838970288237694, ""discoloration"": 0.8173734610123119, ""scratche"": 0.7963081611802802}",0.9669772603268211,0.7996220369012436,2.5035250186920166,0.8313642581768437,0.8398483507319108,0.8456787639816529,0.8445302384104991,,3094.7373046875,7.739638201999696,9172.6171875,768.0,256.0,
p0_hybrid_3cad|Aluminum_New_Ipad|dinov2_s|coreset_knn|256|0,p0_hybrid_3cad,Aluminum_New_Ipad,dinov2_s,2233,4936,3937,1024,132.81844381500014,2,Tesla T4,coreset_knn,256,0,3367.8125,28.31120480000027,9172.6171875,29.5322265625,11.389288739000222,9172.6171875,256.0,0.6837182623314195,"{""Multiple-defects"": 0.7396675025541006, ""bruise"": 0.6494699828033161, ""bump"": 0.6911173947670298, ""knife mark"": 0.930692597359264, ""scratche"": 0.5683806550232542}",0.8552336653177407,0.5201608721209421,1.4984156519665206,0.6837182623314195,0.6818295308262288,0.6728497611149377,0.6621339398834953,,,,,,,True
p0_hybrid_3cad|Aluminum_New_Ipad|dinov2_s|coreset_knn|1024|0,p0_hybrid_3cad,Aluminum_New_Ipad,dinov2_s,2233,4936,3937,1024,132.81844381500014,2,Tesla T4,coreset_knn,1024,0,3367.8125,28.31120480000027,9172.6171875,64.66015625,13.75344338800005,9172.6171875,1024.0,0.7427202411962381,"{""Multiple-defects"": 0.803473576669453, ""bruise"": 0.6883635772524661, ""bump"": 0.746496715693796, ""knife mark"": 0.9884646551313219, ""scratche"": 0.679079801823484}",0.9077581653597555,0.6065275316856982,2.0256726189292635,0.7427202411962381,0.7446294402098312,0.7399671706250319,0.7258744647619425,,,,,,,True
p0_hybrid_3cad|Aluminum_New_Ipad|dinov2_s|coreset_knn|256|1,p0_hybrid_3cad,Aluminum_New_Ipad,dinov2_s,2233,4936,3937,1024,132.81844381500014,2,Tesla T4,coreset_knn,256,1,3367.8125,28.98281997899994,9172.6171875,29.5322265625,11.176289814000484,9172.6171875,256.0,0.6673281104319966,"{""Multiple-defects"": 0.6537568496331383, ""bruise"": 0.6628679962013295, ""bump"": 0.6699981733558376, ""knife mark"": 0.9593879593879594, ""scratche"": 0.6188083390249455}",0.8368461865688094,0.4570652884456164,1.2991964549595172,0.6673281104319966,0.6725613090865822,0.6794883529707,0.6827884526639924,,,,,,,True
p0_hybrid_3cad|Aluminum_New_Ipad|dinov2_s|coreset_knn|1024|1,p0_hybrid_3cad,Aluminum_New_Ipad,dinov2_s,2233,4936,3937,1024,132.81844381500014,2,Tesla T4,coreset_knn,1024,1,3367.8125,28.98281997899994,9172.6171875,64.66015625,13.235869746999924,9172.6171875,1024.0,0.7559614478588316,"{""Multiple-defects"": 0.79402082494866, ""bruise"": 0.727530949753172, ""bump"": 0.7580424219840279, ""knife mark"": 0.9733066399733066, ""scratche"": 0.7124344561167666}",0.8832712535369298,0.5472533791680431,1.874490004700055,0.7559614478588316,0.7620945812462196,0.7562163382585023,0.7469150633996964,,,,,,,True
p0_hybrid_3cad|Aluminum_New_Ipad|dinov2_s|coreset_knn|256|2,p0_hybrid_3cad,Aluminum_New_Ipad,dinov2_s,2233,4936,3937,1024,132.81844381500014,2,Tesla T4,coreset_knn,256,2,3367.8125,28.814475450999453,9172.6171875,29.5322265625,10.599417591999554,9172.6171875,256.0,0.6489861718462175,"{""Multiple-defects"": 0.7050968494267463, ""bruise"": 0.6525072080627636, ""bump"": 0.6528801794495225, ""knife mark"": 0.932313265646599, ""scratche"": 0.558222482410208}",0.8217446962866547,0.41662419289466257,1.334097405074138,0.6489861718462175,0.6610857746240016,0.6610829778216113,0.6546390179867447,,,,,,,True
p0_hybrid_3cad|Aluminum_New_Ipad|dinov2_s|coreset_knn|1024|2,p0_hybrid_3cad,Aluminum_New_Ipad,dinov2_s,2233,4936,3937,1024,132.81844381500014,2,Tesla T4,coreset_knn,1024,2,3367.8125,28.814475450999453,9172.6171875,64.66015625,12.854195359999721,9172.6171875,1024.0,0.7732244563588226,"{""Multiple-defects"": 0.8214296770997802, ""bruise"": 0.7422080199857977, ""bump"": 0.7755150771209165, ""knife mark"": 0.9863673197006531, ""scratche"": 0.7249632303783928}",0.9027372368456711,0.6105380155726758,2.065879047744352,0.7732244563588226,0.779196265099237,0.7716185832772066,0.7526555003059956,,,,,,,True
p0_hybrid_3cad|Aluminum_New_Ipad|dinov2_s|codebook_dist|256|0,p0_hybrid_3cad,Aluminum_New_Ipad,dinov2_s,2233,4936,3937,1024,132.81844381500014,2,Tesla T4,codebook_dist,256,0,9.125,22.71498750399951,9172.6171875,9.125,39.96381924799971,9172.6171875,,0.8040494139046336,"{""Multiple-defects"": 0.8376933634665593, ""bruise"": 0.7300035077812855, ""bump"": 0.8099801991772795, ""knife mark"": 0.8868868868868869, ""scratche"": 0.743931657289058}",0.9462992872780588,0.7761475924884566,2.523956912368655,0.8040494139046336,0.8047624713868047,0.7802993493874875,0.735189215123175,0.0,,,,,,True
p0_hybrid_3cad|Aluminum_New_Ipad|dinov2_s|codebook_dist|256|1,p0_hybrid_3cad,Aluminum_New_Ipad,dinov2_s,2233,4936,3937,1024,132.81844381500014,2,Tesla T4,codebook_dist,256,1,9.125,21.446968555999774,9172.6171875,9.125,39.926107387999764,9172.6171875,,0.7770277262276246,"{""Multiple-defects"": 0.7933810098758552, ""bruise"": 0.7262048373159485, ""bump"": 0.7815219599161205, ""knife mark"": 0.8917012250345584, ""scratche"": 0.7285046779631618}",0.9429031307427037,0.7416058659906859,2.4208434278795234,0.7770277262276246,0.7782879399592633,0.7606275312650725,0.7198626108963929,0.0,,,,,,True
p0_hybrid_3cad|Aluminum_New_Ipad|dinov2_s|codebook_dist|256|2,p0_hybrid_3cad,Aluminum_New_Ipad,dinov2_s,2233,4936,3937,1024,132.81844381500014,2,Tesla T4,codebook_dist,256,2,9.125,22.631464592000157,9172.6171875,9.125,39.24479033100033,9172.6171875,,0.798641415100648,"{""Multiple-defects"": 0.8319969453990073, ""bruise"": 0.7296270629603963, ""bump"": 0.8055810555080628, ""knife mark"": 0.8519948519948519, ""scratche"": 0.7262605565854665}",0.9444738699141908,0.7737870220079487,2.4898394441948914,0.798641415100648,0.7993743044543147,0.774392375611578,0.7291267645598354,0.0,,,,,,True
p0_hybrid_3cad|Aluminum_New_Ipad|dinov2_s|codebook_dist|1024|0,p0_hybrid_3cad,Aluminum_New_Ipad,dinov2_s,2233,4936,3937,1024,132.81844381500014,2,Tesla T4,codebook_dist,1024,0,9.125,87.87715199000013,9172.6171875,9.125,92.37720186600018,9210.3046875,,0.8304955959261269,"{""Multiple-defects"": 0.8754321331640919, ""bruise"": 0.8082355860133636, ""bump"": 0.8337559457267487, ""knife mark"": 0.94994994994995, ""scratche"": 0.7747928433849011}",0.9509887870479203,0.7637655934506451,2.6145810744183704,0.8304955959261269,0.833086579086071,0.8144108039967831,0.7691725253320376,0.0,,,,,,True
p0_hybrid_3cad|Aluminum_New_Ipad|dinov2_s|codebook_dist|1024|1,p0_hybrid_3cad,Aluminum_New_Ipad,dinov2_s,2233,4936,3937,1024,132.81844381500014,2,Tesla T4,codebook_dist,1024,1,9.125,82.85124061700026,9210.3046875,9.125,91.2045061280005,9210.3046875,,0.8217972862372152,"{""Multiple-defects"": 0.8560106498250828, ""bruise"": 0.8029995807773587, ""bump"": 0.8246653953223296, ""knife mark"": 0.9381286047952714, ""scratche"": 0.773473834845676}",0.9505842779128125,0.764452695462525,2.5680247989097493,0.8217972862372152,0.8240771886949179,0.8091221778039152,0.765150342112496,0.0,,,,,,True
p0_hybrid_3cad|Aluminum_New_Ipad|dinov2_s|codebook_dist|1024|2,p0_hybrid_3cad,Aluminum_New_Ipad,dinov2_s,2233,4936,3937,1024,132.81844381500014,2,Tesla T4,codebook_dist,1024,2,9.125,84.93702026899973,9210.3046875,9.125,90.42004188900046,9210.3046875,,0.8251735352319554,"{""Multiple-defects"": 0.8646068749161532, ""bruise"": 0.8034829701496369, ""bump"": 0.8292502721699802, ""knife mark"": 0.9433719433719432, ""scratche"": 0.7611582701835409}",0.9504853867399725,0.7625199020119243,2.5934550461205474,0.8251735352319554,0.828960024286415,0.8131102908852466,0.7688056357093694,0.0,,,,,,True
p0_hybrid_3cad|Aluminum_New_Ipad|dinov2_s|hybrid_w75|256|0,p0_hybrid_3cad,Aluminum_New_Ipad,dinov2_s,2233,4936,3937,1024,132.81844381500014,2,Tesla T4,hybrid_w75,256,0,9.125,18.030805874999714,9210.3046875,30.5322265625,11.245031340000423,9210.3046875,256.0,0.744824072230727,"{""Multiple-defects"": 0.8006666460274707, ""bruise"": 0.6869861314305759, ""bump"": 0.7439421903655481, ""knife mark"": 0.9516659516659517, ""scratche"": 0.7449218171239832}",0.9367620592363762,0.7167014069294219,2.2716069336272864,0.744824072230727,0.7466999638703982,0.7362083953397136,0.7094506241064533,,3506.6572265625,4.842742593999901,9210.3046875,192.0,64.0,True
p0_hybrid_3cad|Aluminum_New_Ipad|dinov2_s|hybrid_w75|256|1,p0_hybrid_3cad,Aluminum_New_Ipad,dinov2_s,2233,4936,3937,1024,132.81844381500014,2,Tesla T4,hybrid_w75,256,1,9.125,16.589707105999878,9210.3046875,30.5322265625,11.221034862000124,9210.3046875,256.0,0.736435571970243,"{""Multiple-defects"": 0.7859818581468068, ""bruise"": 0.7338706227595116, ""bump"": 0.7336950088774906, ""knife mark"": 0.8882215548882215, ""scratche"": 0.742547601753378}",0.9366719311511377,0.723706299207344,2.3045751747599836,0.736435571970243,0.7485300896527718,0.746514485020962,0.7185753190325199,,3506.6572265625,4.787405889999718,9210.3046875,192.0,64.0,True
p0_hybrid_3cad|Aluminum_New_Ipad|dinov2_s|hybrid_w75|256|2,p0_hybrid_3cad,Aluminum_New_Ipad,dinov2_s,2233,4936,3937,1024,132.81844381500014,2,Tesla T4,hybrid_w75,256,2,9.125,16.927700082999763,9210.3046875,30.5322265625,11.409823302000405,9210.3046875,256.0,0.7821857925998134,"{""Multiple-defects"": 0.8337306378543492, ""bruise"": 0.7341615119392897, ""bump"": 0.7861169198395476, ""knife mark"": 0.9726869726869727, ""scratche"": 0.7213711906852702}",0.9421130182517073,0.7533393593793908,2.350023207005715,0.7821857925998134,0.7804150353045451,0.7621517885678415,0.7229140494317025,,3506.6572265625,4.814656805000595,9210.3046875,192.0,64.0,True
p0_hybrid_3cad|Aluminum_New_Ipad|dinov2_s|hybrid_w75|1024|0,p0_hybrid_3cad,Aluminum_New_Ipad,dinov2_s,2233,4936,3937,1024,132.81844381500014,2,Tesla T4,hybrid_w75,1024,0,9.125,61.161275888999626,9210.3046875,64.66015625,12.47445493900068,9210.3046875,1024.0,0.8198915196629193,"{""Multiple-defects"": 0.8609846960362424, ""bruise"": 0.8040519151630263, ""bump"": 0.8201117906227395, ""knife mark"": 0.9628676295342962, ""scratche"": 0.798628953863611}",0.9477126666336765,0.7473223289037673,2.398682149553118,0.8198915196629193,0.8217185943881398,0.8026329606212765,0.7559108511610417,,3923.1904296875,9.584686496000359,9210.3046875,768.0,256.0,True
p0_hybrid_3cad|Aluminum_New_Ipad|dinov2_s|hybrid_w75|1024|1,p0_hybrid_3cad,Aluminum_New_Ipad,dinov2_s,2233,4936,3937,1024,132.81844381500014,2,Tesla T4,hybrid_w75,1024,1,9.125,64.57466957499946,9210.3046875,64.66015625,13.028865206999399,9210.3046875,1024.0,0.8029990874796564,"{""Multiple-defects"": 0.8436580910807714, ""bruise"": 0.7830993386548942, ""bump"": 0.8025827287141156, ""knife mark"": 0.9678726345393012, ""scratche"": 0.7898150858439668}",0.9452042972957378,0.7317627351237784,2.3959504350007585,0.8029990874796564,0.8069321544048493,0.793261892830092,0.753856726932673,,3923.1904296875,10.156744649999382,9210.3046875,768.0,256.0,True
p0_hybrid_3cad|Aluminum_New_Ipad|dinov2_s|hybrid_w75|1024|2,p0_hybrid_3cad,Aluminum_New_Ipad,dinov2_s,2233,4936,3937,1024,132.81844381500014,2,Tesla T4,hybrid_w75,1024,2,9.125,62.92289855200033,9210.3046875,64.66015625,12.587529172000359,9210.3046875,1024.0,0.8149607570486412,"{""Multiple-defects"": 0.8628731824608113, ""bruise"": 0.787240231684676, ""bump"": 0.8151240291386276, ""knife mark"": 0.9494732828066161, ""scratche"": 0.7976749312489385}",0.9462722160638699,0.7416098708761275,2.4186569721421147,0.8149607570486412,0.8177158616579495,0.8016517914917711,0.7580324800289241,,3923.1904296875,9.720761004000451,9210.3046875,768.0,256.0,True
p0_hybrid_3cad|Aluminum_New_Middle_Frame|dinov2_s|coreset_knn|256|0,p0_hybrid_3cad,Aluminum_New_Middle_Frame,dinov2_s,1072,1406,736,1024,52.10417258000052,2,Tesla T4,coreset_knn,256,0,1622.125,13.39635666599952,9210.3046875,29.5322265625,2.9467889199995625,9210.3046875,256.0,0.6636822680077872,"{""Multiple-defects"": 0.72451205510907, ""bruise"": 0.24626865671641796, ""bump"": 0.6677965136151304, ""discoloration"": 0.5164179104477612, ""ink"": 0.5221393034825871, ""scratche"": 0.6537141876822782}",0.8593893277638499,0.4681787124398867,1.3978561162948608,0.6636822680077872,0.6646151038286827,0.659496674237508,0.6507036826735886,,,,,,,
p0_hybrid_3cad|Aluminum_New_Middle_Frame|dinov2_s|coreset_knn|1024|0,p0_hybrid_3cad,Aluminum_New_Middle_Frame,dinov2_s,1072,1406,736,1024,52.10417258000052,2,Tesla T4,coreset_knn,1024,0,1622.125,13.39635666599952,9210.3046875,64.66015625,3.373691840999527,9210.3046875,1024.0,0.6785508598312784,"{""Multiple-defects"": 0.725028702640643, ""bruise"": 0.23134328358208955, ""bump"": 0.6838783183320041, ""discoloration"": 0.6591044776119404, ""ink"": 0.7407960199004975, ""scratche"": 0.6565448618974095}",0.8901349832958915,0.519275060146602,1.7717065811157227,0.6785508598312784,0.6890391791044777,0.6872323166774822,0.6814122323166776,,,,,,,
p0_hybrid_3cad|Aluminum_New_Middle_Frame|dinov2_s|coreset_knn|256|1,p0_hybrid_3cad,Aluminum_New_Middle_Frame,dinov2_s,1072,1406,736,1024,52.10417258000052,2,Tesla T4,coreset_knn,256,1,1622.125,14.08630758199979,9210.3046875,29.5322265625,3.5688982559995566,9210.3046875,256.0,0.6425393413367942,"{""Multiple-defects"": 0.649540757749713, ""bruise"": 0.21940298507462686, ""bump"": 0.6441722684288481, ""discoloration"": 0.3761194029850746, ""ink"": 0.5519900497512438, ""scratche"": 0.6497855549837023}",0.8491882760500123,0.43318283784310985,1.4185359477996826,0.6425393413367942,0.6451756164828033,0.6467411583387411,0.6419887654120701,,,,,,,
p0_hybrid_3cad|Aluminum_New_Middle_Frame|dinov2_s|coreset_knn|1024|1,p0_hybrid_3cad,Aluminum_New_Middle_Frame,dinov2_s,1072,1406,736,1024,52.10417258000052,2,Tesla T4,coreset_knn,1024,1,1622.125,14.08630758199979,9210.3046875,64.66015625,3.783212997999726,9210.3046875,1024.0,0.6949140168721609,"{""Multiple-defects"": 0.7607347876004592, ""bruise"": 0.6298507462686567, ""bump"": 0.6941153013558163, ""discoloration"": 0.5734328358208955, ""ink"": 0.6624378109452737, ""scratche"": 0.6924686910276204}",0.893007555595002,0.5159229581356966,1.817152738571167,0.6949140168721609,0.704994727449708,0.7054935918234913,0.697939649578196,,,,,,,
p0_hybrid_3cad|Aluminum_New_Middle_Frame|dinov2_s|coreset_knn|256|2,p0_hybrid_3cad,Aluminum_New_Middle_Frame,dinov2_s,1072,1406,736,1024,52.10417258000052,2,Tesla T4,coreset_knn,256,2,1622.125,13.368180956000288,9210.3046875,29.5322265625,2.8358939170002486,9210.3046875,256.0,0.6335415314730695,"{""Multiple-defects"": 0.672675086107922, ""bruise"": 0.15671641791044777, ""bump"": 0.6387717899054346, ""discoloration"": 0.675223880597015, ""ink"": 0.5870646766169154, ""scratche"": 0.6150883513467147}",0.8353469958252541,0.3864592607762242,1.284493327140808,0.6335415314730695,0.6374422047371837,0.6438290882543802,0.6462159312134977,,,,,,,
p0_hybrid_3cad|Aluminum_New_Middle_Frame|dinov2_s|coreset_knn|1024|2,p0_hybrid_3cad,Aluminum_New_Middle_Frame,dinov2_s,1072,1406,736,1024,52.10417258000052,2,Tesla T4,coreset_knn,1024,2,1622.125,13.368180956000288,9210.3046875,64.66015625,3.927798851999796,9210.3046875,1024.0,0.6870934052563271,"{""Multiple-defects"": 0.7010907003444318, ""bruise"": 0.5164179104477612, ""bump"": 0.7038495499601229, ""discoloration"": 0.6268656716417911, ""ink"": 0.7674129353233831, ""scratche"": 0.6344827586206896}",0.8861698296644633,0.49031490346636103,1.766937494277954,0.6870934052563271,0.6901261356262167,0.6900531310837119,0.68257422128488,,,,,,,
p0_hybrid_3cad|Aluminum_New_Middle_Frame|dinov2_s|codebook_dist|256|0,p0_hybrid_3cad,Aluminum_New_Middle_Frame,dinov2_s,1072,1406,736,1024,52.10417258000052,2,Tesla T4,codebook_dist,256,0,9.125,22.6016572059998,9210.3046875,9.125,10.186133723999774,9210.3046875,,0.7518717553536665,"{""Multiple-defects"": 0.8050516647531573, ""bruise"": 0.4537313432835821, ""bump"": 0.7630511564315825, ""discoloration"": 0.7044776119402985, ""ink"": 0.6972636815920398, ""scratche"": 0.7152170183564935}",0.9440608509193508,0.6925004851466259,2.3996219635009766,0.7518717553536665,0.7567711713173264,0.7494281310837119,0.723723434458144,0.0,,,,,,
p0_hybrid_3cad|Aluminum_New_Middle_Frame|dinov2_s|codebook_dist|256|1,p0_hybrid_3cad,Aluminum_New_Middle_Frame,dinov2_s,1072,1406,736,1024,52.10417258000052,2,Tesla T4,codebook_dist,256,1,9.125,20.71819820699966,9210.3046875,9.125,11.280473293999421,9210.3046875,,0.7698227611940298,"{""Multiple-defects"": 0.8025832376578645, ""bruise"": 0.5149253731343284, ""bump"": 0.7658710265466561, ""discoloration"": 0.7226865671641791, ""ink"": 0.786318407960199, ""scratche"": 0.7790787442099845}",0.9468798212992493,0.7032174421454332,2.460700750350952,0.7698227611940298,0.7766892439974042,0.7678881408176509,0.7360277417261518,0.0,,,,,,
p0_hybrid_3cad|Aluminum_New_Middle_Frame|dinov2_s|codebook_dist|256|2,p0_hybrid_3cad,Aluminum_New_Middle_Frame,dinov2_s,1072,1406,736,1024,52.10417258000052,2,Tesla T4,codebook_dist,256,2,9.125,22.02600601099948,9210.3046875,9.125,11.26789245800046,9210.3046875,,0.7392379136924074,"{""Multiple-defects"": 0.7522388059701492, ""bruise"": 0.4582089552238806, ""bump"": 0.753150279138658, ""discoloration"": 0.6776119402985075, ""ink"": 0.6611940298507463, ""scratche"": 0.7014753817121291}",0.9418356747253012,0.6914269469266218,2.3691234588623047,0.7392379136924074,0.7485094905905256,0.7448237751460092,0.7219723393900065,0.0,,,,,,
p0_hybrid_3cad|Aluminum_New_Middle_Frame|dinov2_s|codebook_dist|1024|0,p0_hybrid_3cad,Aluminum_New_Middle_Frame,dinov2_s,1072,1406,736,1024,52.10417258000052,2,Tesla T4,codebook_dist,1024,0,9.125,86.19138923099945,9210.3046875,9.125,25.624840960000256,9210.3046875,,0.7589876703439324,"{""Multiple-defects"": 0.782548794489093, ""bruise"": 0.3791044776119403, ""bump"": 0.7666714139227526, ""discoloration"": 0.7229850746268658, ""ink"": 0.826865671641791, ""scratche"": 0.7332046663235546}",0.9459035590408211,0.6771300698894067,2.4758474826812744,0.7589876703439324,0.7645177644386761,0.7600066920830629,0.7363481505515899,0.0,,,,,,
p0_hybrid_3cad|Aluminum_New_Middle_Frame|dinov2_s|codebook_dist|1024|1,p0_hybrid_3cad,Aluminum_New_Middle_Frame,dinov2_s,1072,1406,736,1024,52.10417258000052,2,Tesla T4,codebook_dist,1024,1,9.125,88.19198263800081,9210.3046875,9.125,25.832546345999617,9210.3046875,,0.7528350097339389,"{""Multiple-defects"": 0.784443168771527, ""bruise"": 0.5119402985074627, ""bump"": 0.7641221374045802, ""discoloration"": 0.7143283582089552, ""ink"": 0.8420398009950248, ""scratche"": 0.7135357694287184}",0.9421867130342394,0.6603825096906246,2.4919426441192627,0.7528350097339389,0.7604700681375731,0.7557531635301752,0.7342147955872809,0.0,,,,,,
p0_hybrid_3cad|Aluminum_New_Middle_Frame|dinov2_s|codebook_dist|1024|2,p0_hybrid_3cad,Aluminum_New_Middle_Frame,dinov2_s,1072,1406,736,1024,52.10417258000052,2,Tesla T4,codebook_dist,1024,2,9.125,83.55163308999909,9210.3046875,9.125,24.433099435998884,9210.3046875,,0.7546966255678131,"{""Multiple-defects"": 0.8076349024110218, ""bruise"": 0.4776119402985075, ""bump"": 0.7655975845961034, ""discoloration"": 0.6997014925373135, ""ink"": 0.7870646766169155, ""scratche"": 0.7160147538171213}",0.9459502576161456,0.677081533768079,2.5333800315856934,0.7546966255678131,0.762690622972096,0.7602916125892277,0.7382969662556781,0.0,,,,,,
p0_hybrid_3cad|Aluminum_New_Middle_Frame|dinov2_s|hybrid_w75|256|0,p0_hybrid_3cad,Aluminum_New_Middle_Frame,dinov2_s,1072,1406,736,1024,52.10417258000052,2,Tesla T4,hybrid_w75,256,0,9.125,17.687028008998823,9210.3046875,30.5322265625,3.9481735410008696,9210.3046875,256.0,0.748580467229072,"{""Multiple-defects"": 0.8270952927669346, ""bruise"": 0.4671641791044776, ""bump"": 0.7429474763586646, ""discoloration"": 0.8349253731343285, ""ink"": 0.8335820895522388, ""scratche"": 0.7500171556013039}",0.9458290850281456,0.694538311026823,2.377202033996582,0.748580467229072,0.7533095392602207,0.7451046398442569,0.7161471852693057,,1658.2197265625,2.373437845999433,9210.3046875,192.0,64.0,
p0_hybrid_3cad|Aluminum_New_Middle_Frame|dinov2_s|hybrid_w75|256|1,p0_hybrid_3cad,Aluminum_New_Middle_Frame,dinov2_s,1072,1406,736,1024,52.10417258000052,2,Tesla T4,hybrid_w75,256,1,9.125,17.25197046699941,9210.3046875,30.5322265625,3.8492186829989805,9210.3046875,256.0,0.7453256813757301,"{""Multiple-defects"": 0.7941446613088404, ""bruise"": 0.4328358208955224, ""bump"": 0.7398456192320839, ""discoloration"": 0.7728358208955224, ""ink"": 0.7786069651741294, ""scratche"": 0.7543918339337794}",0.9445424377692069,0.6767268032422604,2.393829822540283,0.7453256813757301,0.7504988643737832,0.7447173101881895,0.7192792829331603,,1658.2197265625,2.3396985909985233,9210.3046875,192.0,64.0,
p0_hybrid_3cad|Aluminum_New_Middle_Frame|dinov2_s|hybrid_w75|256|2,p0_hybrid_3cad,Aluminum_New_Middle_Frame,dinov2_s,1072,1406,736,1024,52.10417258000052,2,Tesla T4,hybrid_w75,256,2,9.125,17.260627781999574,9210.3046875,30.5322265625,3.5614087759986433,9210.3046875,256.0,0.7833448247890981,"{""Multiple-defects"": 0.8012629161882893, ""bruise"": 0.408955223880597, ""bump"": 0.7939500968440243, ""discoloration"": 0.722089552238806, ""ink"": 0.841542288557214, ""scratche"": 0.7506347572482415}",0.9455531710985303,0.703831127427465,2.3519136905670166,0.7833448247890981,0.7814183160285528,0.7614069597663855,0.7245274983776768,,1658.2197265625,2.3426690279993636,9210.3046875,192.0,64.0,
p0_hybrid_3cad|Aluminum_New_Middle_Frame|dinov2_s|hybrid_w75|1024|0,p0_hybrid_3cad,Aluminum_New_Middle_Frame,dinov2_s,1072,1406,736,1024,52.10417258000052,2,Tesla T4,hybrid_w75,1024,0,9.125,62.71661361599945,9210.3046875,64.66015625,3.6774649809995026,9210.3046875,1024.0,0.7531655580791694,"{""Multiple-defects"": 0.7750287026406429, ""bruise"": 0.3716417910447761, ""bump"": 0.7649367665489347, ""discoloration"": 0.6555223880597015, ""ink"": 0.8002487562189053, ""scratche"": 0.717824669754675}",0.9440649244324744,0.6739359897994478,2.388310194015503,0.7531655580791694,0.7613390249837767,0.7570611615833874,0.734764357560026,,2854.8779296875,4.6735878300005425,9210.3046875,768.0,256.0,
p0_hybrid_3cad|Aluminum_New_Middle_Frame|dinov2_s|hybrid_w75|1024|1,p0_hybrid_3cad,Aluminum_New_Middle_Frame,dinov2_s,1072,1406,736,1024,52.10417258000052,2,Tesla T4,hybrid_w75,1024,1,9.125,66.79200703899915,9210.3046875,64.66015625,3.0796916620001866,9210.3046875,1024.0,0.7540679753406878,"{""Multiple-defects"": 0.7913892078071183, ""bruise"": 0.4597014925373134, ""bump"": 0.7545402757206335, ""discoloration"": 0.6376119402985074, ""ink"": 0.7186567164179105, ""scratche"": 0.7533281866529422}",0.9456691577939412,0.6829852257983138,2.352186679840088,0.7540679753406878,0.7632482965606749,0.7586875405580792,0.7360703277092797,,2854.8779296875,5.003772897998715,9210.3046875,768.0,256.0,
p0_hybrid_3cad|Aluminum_New_Middle_Frame|dinov2_s|hybrid_w75|1024|2,p0_hybrid_3cad,Aluminum_New_Middle_Frame,dinov2_s,1072,1406,736,1024,52.10417258000052,2,Tesla T4,hybrid_w75,1024,2,9.125,63.27587346799919,9210.3046875,64.66015625,3.0936626990005607,9210.3046875,1024.0,0.7567103341985724,"{""Multiple-defects"": 0.7912169919632606, ""bruise"": 0.5223880597014925, ""bump"": 0.7656830352056511, ""discoloration"": 0.6340298507462687, ""ink"": 0.7853233830845772, ""scratche"": 0.7284182535597873}",0.942487452354123,0.669743793102432,2.422170639038086,0.7567103341985724,0.7614252109020117,0.7546073977936405,0.7326046398442569,,2854.8779296875,4.706694597000023,9210.3046875,768.0,256.0,
p0_hybrid_3cad|Aluminum_Pc|dinov2_s|coreset_knn|256|0,p0_hybrid_3cad,Aluminum_Pc,dinov2_s,1698,3161,2250,1024,89.33900662300039,2,Tesla T4,coreset_knn,256,0,2565.9453125,21.57526000500002,9210.3046875,29.5322265625,8.034664954999243,9210.3046875,256.0,0.6756755701914867,"{""Multiple-defects"": 0.6864693339389581, ""abrasion"": 0.8886338688753618, ""black spot"": 0.4319272385134076, ""bruise"": 0.6601948408342481, ""bump"": 0.698771489646179, ""deformation"": 0.8238045898006708, ""dirt"": 0.7567881034732722, ""discoloration"": 0.6668274081077137, ""fluff"": 0.5787138675448226, ""knife mark"": 0.6699780461031833, ""pinhole"": 0.7627843597410955, ""scrape"": 0.5090183824602282, ""scratche"": 0.7856298707579983, ""uneven"": 0.8552198278352302, ""wear crack"": 0.9290489971060772}",0.7462869136953202,0.40511537974144135,0.8869398417025907,0.6756755701914867,0.6787030125625075,0.681282595438468,0.6806361751433101,,,,,,,True
p0_hybrid_3cad|Aluminum_Pc|dinov2_s|coreset_knn|1024|0,p0_hybrid_3cad,Aluminum_Pc,dinov2_s,1698,3161,2250,1024,89.33900662300039,2,Tesla T4,coreset_knn,1024,0,2565.9453125,21.57526000500002,9210.3046875,64.66015625,9.033764292000342,9210.3046875,1024.0,0.7488613245517746,"{""Multiple-defects"": 0.7698436731140467, ""abrasion"": 0.9646741842131523, ""black spot"": 0.4790810726046731, ""bruise"": 0.7130900109769485, ""bump"": 0.7828029183826746, ""deformation"": 0.890045856971388, ""dirt"": 0.7789698237474888, ""discoloration"": 0.7720855567470162, ""fluff"": 0.5959110867178924, ""knife mark"": 0.7301866081229418, ""pinhole"": 0.8283053862750294, ""scrape"": 0.5761652064407077, ""scratche"": 0.8553271845599337, ""uneven"": 0.8945057484545612, ""wear crack"": 0.9762498752619498}",0.7492209697078294,0.47292376594443336,1.0450756972507964,0.7488613245517746,0.7535396999634102,0.7539434077326503,0.7536867910720819,,,,,,,True
p0_hybrid_3cad|Aluminum_Pc|dinov2_s|coreset_knn|256|1,p0_hybrid_3cad,Aluminum_Pc,dinov2_s,1698,3161,2250,1024,89.33900662300039,2,Tesla T4,coreset_knn,256,1,2565.9453125,21.109973010999965,9210.3046875,29.5322265625,6.758588069000325,9210.3046875,256.0,0.7183024759116965,"{""Multiple-defects"": 0.763207035340727, ""abrasion"": 0.9508033130426106, ""black spot"": 0.5093304061470911, ""bruise"": 0.5729967069154774, ""bump"": 0.7409770309417891, ""deformation"": 0.8723083394031413, ""dirt"": 0.7573265952819833, ""discoloration"": 0.7321814940070936, ""fluff"": 0.5205817782656421, ""knife mark"": 0.7570252469813392, ""pinhole"": 0.7557061205950264, ""scrape"": 0.5920593338855479, ""scratche"": 0.7827478960848884, ""uneven"": 0.8375989369692067, ""wear crack"": 0.9258557030236505}",0.7466986373348751,0.34983519653723216,0.8490159857423516,0.7183024759116965,0.7246737407000854,0.7235365288449811,0.717724600561044,,,,,,,True
p0_hybrid_3cad|Aluminum_Pc|dinov2_s|coreset_knn|1024|1,p0_hybrid_3cad,Aluminum_Pc,dinov2_s,1698,3161,2250,1024,89.33900662300039,2,Tesla T4,coreset_knn,1024,1,2565.9453125,21.109973010999965,9210.3046875,64.66015625,8.186076212001353,9210.3046875,1024.0,0.762672764971338,"{""Multiple-defects"": 0.7942957719822855, ""abrasion"": 0.9469114858796528, ""black spot"": 0.48201348596518734, ""bruise"": 0.721185510428101, ""bump"": 0.8013873872386783, ""deformation"": 0.9337997681504355, ""dirt"": 0.8166849615806805, ""discoloration"": 0.7402016459077555, ""fluff"": 0.6263721185510428, ""knife mark"": 0.7100439077936334, ""pinhole"": 0.8115371512926304, ""scrape"": 0.6117213157073622, ""scratche"": 0.8532400923577727, ""uneven"": 0.8672366976717315, ""wear crack"": 0.9770481987825566}",0.7815860146717364,0.45844885282320247,1.108297939289127,0.762672764971338,0.7657716794731064,0.7629335284790828,0.7569871935601902,,,,,,,True
p0_hybrid_3cad|Aluminum_Pc|dinov2_s|coreset_knn|256|2,p0_hybrid_3cad,Aluminum_Pc,dinov2_s,1698,3161,2250,1024,89.33900662300039,2,Tesla T4,coreset_knn,256,2,2565.9453125,22.09334905200012,9210.3046875,29.5322265625,8.031183226999929,9210.3046875,256.0,0.6927354555433589,"{""Multiple-defects"": 0.727531953013614, ""abrasion"": 0.8642351062768188, ""black spot"": 0.5533009251999372, ""bruise"": 0.5423984632272228, ""bump"": 0.7052090984871618, ""deformation"": 0.8238558839521117, ""dirt"": 0.7376716442640266, ""discoloration"": 0.6869095131437853, ""fluff"": 0.6004848152213684, ""knife mark"": 0.7519484083424808, ""pinhole"": 0.6969605208372762, ""scrape"": 0.602495291585013, ""scratche"": 0.7348446614599762, ""uneven"": 0.8225778496735802, ""wear crack"": 0.9447160961979842}",0.7448105345637094,0.3359528451084316,0.9103431898528108,0.6927354555433589,0.6920448835223807,0.689089889010855,0.685825344554214,,,,,,,True
p0_hybrid_3cad|Aluminum_Pc|dinov2_s|coreset_knn|1024|2,p0_hybrid_3cad,Aluminum_Pc,dinov2_s,1698,3161,2250,1024,89.33900662300039,2,Tesla T4,coreset_knn,1024,2,2565.9453125,22.09334905200012,9210.3046875,64.66015625,8.969450116999724,9210.3046875,1024.0,0.7480668374191974,"{""Multiple-defects"": 0.7784801342468174, ""abrasion"": 0.9575890629677677, ""black spot"": 0.5001568135486907, ""bruise"": 0.6566959385290889, ""bump"": 0.8069728382426978, ""deformation"": 0.9184833345301969, ""dirt"": 0.8232089969554501, ""discoloration"": 0.7379428056572527, ""fluff"": 0.5390596414196854, ""knife mark"": 0.8037870472008781, ""pinhole"": 0.8276619099890231, ""scrape"": 0.5559117264786892, ""scratche"": 0.8448128661611383, ""uneven"": 0.8557397885493097, ""wear crack"": 0.9685660113761102}",0.7693037601744467,0.45656928707642486,1.1641028438702725,0.7480668374191974,0.7479682888157092,0.7413896816684962,0.732638126600805,,,,,,,True
p0_hybrid_3cad|Aluminum_Pc|dinov2_s|codebook_dist|256|0,p0_hybrid_3cad,Aluminum_Pc,dinov2_s,1698,3161,2250,1024,89.33900662300039,2,Tesla T4,codebook_dist,256,0,9.125,21.019199899999876,9210.3046875,9.125,25.14653758500026,9210.3046875,,0.7420963532138065,"{""Multiple-defects"": 0.7308565804913131, ""abrasion"": 0.9040015966470412, ""black spot"": 0.3834091265485338, ""bruise"": 0.587403951701427, ""bump"": 0.809316788128389, ""deformation"": 0.8813976630384603, ""dirt"": 0.7706853343827019, ""discoloration"": 0.7693064218320718, ""fluff"": 0.5240578119282839, ""knife mark"": 0.7845225027442371, ""pinhole"": 0.7273174609182784, ""scrape"": 0.5772079043007639, ""scratche"": 0.8426090650247506, ""uneven"": 0.8281240972904268, ""wear crack"": 0.943019658716695}",0.8609445618467677,0.5692395729883133,1.6254033396457763,0.7420963532138065,0.7433038175387243,0.7361246493474813,0.7167778997438712,0.0,,,,,,True
p0_hybrid_3cad|Aluminum_Pc|dinov2_s|codebook_dist|256|1,p0_hybrid_3cad,Aluminum_Pc,dinov2_s,1698,3161,2250,1024,89.33900662300039,2,Tesla T4,codebook_dist,256,1,9.125,21.214481568000338,9210.3046875,9.125,25.35336545899918,9210.3046875,,0.7761673374801806,"{""Multiple-defects"": 0.781224371348903, ""abrasion"": 0.9486079233609421, ""black spot"": 0.45475929120275993, ""bruise"": 0.6686333699231614, ""bump"": 0.8342831557488672, ""deformation"": 0.8934312709664844, ""dirt"": 0.7856181264627302, ""discoloration"": 0.790346630457542, ""fluff"": 0.6763172338090011, ""knife mark"": 0.8227771679473106, ""pinhole"": 0.7454862031113971, ""scrape"": 0.617396106213761, ""scratche"": 0.8741078600838623, ""uneven"": 0.8815067306025767, ""wear crack"": 0.9480091807204869}",0.8623285842820274,0.6754280969950696,1.632761793744223,0.7761673374801806,0.7789918282717405,0.7688240029271862,0.7404293206488596,0.0,,,,,,True
p0_hybrid_3cad|Aluminum_Pc|dinov2_s|codebook_dist|256|2,p0_hybrid_3cad,Aluminum_Pc,dinov2_s,1698,3161,2250,1024,89.33900662300039,2,Tesla T4,codebook_dist,256,2,9.125,21.82170598600169,9210.3046875,9.125,25.344546381000328,9210.3046875,,0.7650328088791316,"{""Multiple-defects"": 0.7660080497621661, ""abrasion"": 0.8983135415627183, ""black spot"": 0.40664889446448177, ""bruise"": 0.66602634467618, ""bump"": 0.8599056642704457, ""deformation"": 0.8782892374611446, ""dirt"": 0.7722179649151876, ""discoloration"": 0.7678280235782313, ""fluff"": 0.6088547383827296, ""knife mark"": 0.7959934138309551, ""pinhole"": 0.7289450774064121, ""scrape"": 0.5924005396438441, ""scratche"": 0.8544839362243504, ""uneven"": 0.8433762782367554, ""wear crack"": 0.9460133719189701}",0.8641265919742872,0.6595968710752625,1.6103622418911838,0.7650328088791316,0.764811074521283,0.7527010611050127,0.7277085010367119,0.0,,,,,,True
p0_hybrid_3cad|Aluminum_Pc|dinov2_s|codebook_dist|1024|0,p0_hybrid_3cad,Aluminum_Pc,dinov2_s,1698,3161,2250,1024,89.33900662300039,2,Tesla T4,codebook_dist,1024,0,9.125,86.57722721699974,9210.3046875,9.125,58.421414348000326,9210.3046875,,0.7615089645078668,"{""Multiple-defects"": 0.765415042204474, ""abrasion"": 0.9485081329208662, ""black spot"": 0.3686529716167477, ""bruise"": 0.6859906695938529, ""bump"": 0.8478516543829386, ""deformation"": 0.9151799911774059, ""dirt"": 0.7968228983286042, ""discoloration"": 0.7773519539602672, ""fluff"": 0.557446030003659, ""knife mark"": 0.8331503841931943, ""pinhole"": 0.760361860782013, ""scrape"": 0.5510966846922077, ""scratche"": 0.8797477404729761, ""uneven"": 0.8367901091917499, ""wear crack"": 0.9633769084921665}",0.875831134289409,0.5833434842374142,1.688193675461581,0.7615089645078668,0.7665790950115868,0.7665583607757045,0.7551335528723015,0.0,,,,,,True
p0_hybrid_3cad|Aluminum_Pc|dinov2_s|codebook_dist|1024|1,p0_hybrid_3cad,Aluminum_Pc,dinov2_s,1698,3161,2250,1024,89.33900662300039,2,Tesla T4,codebook_dist,1024,1,9.125,83.10991791699962,9210.3046875,9.125,58.462594793998505,9210.3046875,,0.7590681790462251,"{""Multiple-defects"": 0.7542362188828747, ""abrasion"": 0.9485081329208662, ""black spot"": 0.3733573780774659, ""bruise"": 0.6794045005488474, ""bump"": 0.8293105155864413, ""deformation"": 0.9148824850990489, ""dirt"": 0.7940683056148127, ""discoloration"": 0.7896867445416649, ""fluff"": 0.5404317599707281, ""knife mark"": 0.8310098792535674, ""pinhole"": 0.7725500586698967, ""scrape"": 0.5562641561106136, ""scratche"": 0.882969327630367, ""uneven"": 0.8359235080016176, ""wear crack"": 0.9672687356551243}",0.8598112765992795,0.5936503118735225,1.6246345097900863,0.7590681790462251,0.7634540797658251,0.7638968166849617,0.7522058787657031,0.0,,,,,,True
p0_hybrid_3cad|Aluminum_Pc|dinov2_s|codebook_dist|1024|2,p0_hybrid_3cad,Aluminum_Pc,dinov2_s,1698,3161,2250,1024,89.33900662300039,2,Tesla T4,codebook_dist,1024,2,9.125,87.51848993100066,9210.3046875,9.125,59.21146356200006,9210.3046875,,0.760354677399683,"{""Multiple-defects"": 0.7459593474393429, ""abrasion"": 0.9472108571998803, ""black spot"": 0.3490512780304218, ""bruise"": 0.6551180021953896, ""bump"": 0.8687367430651272, ""deformation"": 0.9154467207648984, ""dirt"": 0.7930741668910383, ""discoloration"": 0.7682023819343541, ""fluff"": 0.5262532016099524, ""knife mark"": 0.824259055982437, ""pinhole"": 0.7405276505545252, ""scrape"": 0.5347906410852139, ""scratche"": 0.8850911170832442, ""uneven"": 0.8342480790340284, ""wear crack"": 0.967468316535276}",0.8759662244341103,0.6005152222058567,1.6988596896720025,0.760354677399683,0.7644805464080986,0.7628374191974631,0.7498682766190999,0.0,,,,,,True
p0_hybrid_3cad|Aluminum_Pc|dinov2_s|hybrid_w75|256|0,p0_hybrid_3cad,Aluminum_Pc,dinov2_s,1698,3161,2250,1024,89.33900662300039,2,Tesla T4,hybrid_w75,256,0,9.125,16.24911276199964,9210.3046875,30.5322265625,6.462896901999557,9210.3046875,256.0,0.7222683254055372,"{""Multiple-defects"": 0.7181258437740515, ""abrasion"": 0.8987127033230217, ""black spot"": 0.3433432648580838, ""bruise"": 0.569360592755214, ""bump"": 0.7863704266153858, ""deformation"": 0.8874401140781928, ""dirt"": 0.7730257026282543, ""discoloration"": 0.7743443969975192, ""fluff"": 0.4749359678009513, ""knife mark"": 0.7978046103183314, ""pinhole"": 0.7058556342026572, ""scrape"": 0.5318151921863881, ""scratche"": 0.8340335869386932, ""uneven"": 0.795366572303426, ""wear crack"": 0.9566909490070852}",0.8548665694095112,0.5588449120314447,1.58075542011057,0.7222683254055372,0.7242297841200147,0.7207805829979266,0.7072689352360044,,2687.5400390625,3.9182950329995947,9210.3046875,192.0,64.0,True
p0_hybrid_3cad|Aluminum_Pc|dinov2_s|hybrid_w75|256|1,p0_hybrid_3cad,Aluminum_Pc,dinov2_s,1698,3161,2250,1024,89.33900662300039,2,Tesla T4,hybrid_w75,256,1,9.125,17.256939265000256,9210.3046875,30.5322265625,7.840619086000515,9210.3046875,256.0,0.7509754848152215,"{""Multiple-defects"": 0.7558386010068512, ""abrasion"": 0.9531982836044308, ""black spot"": 0.4170769954524071, ""bruise"": 0.6449643249176729, ""bump"": 0.8283242408986242, ""deformation"": 0.8744626937636572, ""dirt"": 0.7556696974090259, ""discoloration"": 0.7689510986465994, ""fluff"": 0.5891877058177827, ""knife mark"": 0.7951701427003294, ""pinhole"": 0.7310269124493737, ""scrape"": 0.5712996572228994, ""scratche"": 0.8518217108057755, ""uneven"": 0.79761973539777, ""wear crack"": 0.9499051990819279}",0.8530784296663712,0.6506629672854157,1.5592076581957914,0.7509754848152215,0.754341261129406,0.7469759726795951,0.7221456275155507,,2687.5400390625,3.661850462000075,9210.3046875,192.0,64.0,True
p0_hybrid_3cad|Aluminum_Pc|dinov2_s|hybrid_w75|256|2,p0_hybrid_3cad,Aluminum_Pc,dinov2_s,1698,3161,2250,1024,89.33900662300039,2,Tesla T4,hybrid_w75,256,2,9.125,16.8140783380004,9210.3046875,30.5322265625,6.813410818000193,9210.3046875,256.0,0.7225310403707769,"{""Multiple-defects"": 0.7171795551181599, ""abrasion"": 0.9002095599241593, ""black spot"": 0.342637603888976, ""bruise"": 0.5720362239297475, ""bump"": 0.7967056774757971, ""deformation"": 0.8924669409193964, ""dirt"": 0.757492285069279, ""discoloration"": 0.7561531189127111, ""fluff"": 0.4740212221002562, ""knife mark"": 0.7742590559824368, ""pinhole"": 0.7326166773912715, ""scrape"": 0.5294166503920499, ""scratche"": 0.8322966215392122, ""uneven"": 0.8229244901496332, ""wear crack"": 0.952399960083824}",0.8533138527447242,0.562037171028725,1.5243248252430677,0.7225310403707769,0.7243378460787901,0.7198202219782901,0.7041931942919868,,2687.5400390625,4.118589609000992,9210.3046875,192.0,64.0,True
p0_hybrid_3cad|Aluminum_Pc|dinov2_s|hybrid_w75|1024|0,p0_hybrid_3cad,Aluminum_Pc,dinov2_s,1698,3161,2250,1024,89.33900662300039,2,Tesla T4,hybrid_w75,1024,0,9.125,64.6467504379998,9210.3046875,64.66015625,8.173838548998901,9210.3046875,1024.0,0.7605395779973168,"{""Multiple-defects"": 0.7620336374074216, ""abrasion"": 0.9562917872467818, ""black spot"": 0.37108358162145205, ""bruise"": 0.7031421514818881, ""bump"": 0.8582529320006933, ""deformation"": 0.9295526124111329, ""dirt"": 0.830810015947642, ""discoloration"": 0.7970152852420322, ""fluff"": 0.5597786315404317, ""knife mark"": 0.8315038419319429, ""pinhole"": 0.7672129906506682, ""scrape"": 0.5321597651067728, ""scratche"": 0.8690042099330869, ""uneven"": 0.842856317522676, ""wear crack"": 0.975551342181419}",0.8640680442387065,0.5743614946247395,1.6242287699267886,0.7605395779973168,0.7624756677643615,0.7580370776924015,0.7445064032199049,,3171.3232421875,7.294002223999996,9210.3046875,768.0,256.0,True
p0_hybrid_3cad|Aluminum_Pc|dinov2_s|hybrid_w75|1024|1,p0_hybrid_3cad,Aluminum_Pc,dinov2_s,1698,3161,2250,1024,89.33900662300039,2,Tesla T4,hybrid_w75,1024,1,9.125,63.247297911000715,9210.3046875,64.66015625,8.901011152998763,9210.3046875,1024.0,0.767835101841688,"{""Multiple-defects"": 0.7616803563092218, ""abrasion"": 0.9542959784452649, ""black spot"": 0.3555904030108201, ""bruise"": 0.7235181119648738, ""bump"": 0.8766599539463367, ""deformation"": 0.9125742482842106, ""dirt"": 0.8115071557276887, ""discoloration"": 0.7906638833017139, ""fluff"": 0.504024881083059, ""knife mark"": 0.8546652030735455, ""pinhole"": 0.794238994662932, ""scrape"": 0.5481313372796472, ""scratche"": 0.8756303333880079, ""uneven"": 0.854006586169045, ""wear crack"": 0.976748827462329}",0.8706606811669763,0.5737606605492339,1.6330633050038195,0.767835101841688,0.7689806073911452,0.7631701427003292,0.7502188071716063,,3171.3232421875,8.279429919000904,9210.3046875,768.0,256.0,True
p0_hybrid_3cad|Aluminum_Pc|dinov2_s|hybrid_w75|1024|2,p0_hybrid_3cad,Aluminum_Pc,dinov2_s,1698,3161,2250,1024,89.33900662300039,2,Tesla T4,hybrid_w75,1024,2,9.125,63.37529876999906,9210.3046875,64.66015625,7.003103546998318,9210.3046875,1024.0,0.7554604220026834,"{""Multiple-defects"": 0.7575608463605737, ""abrasion"": 0.9449156770781358, ""black spot"": 0.34544456641053795, ""bruise"": 0.7029363336992316, ""bump"": 0.8605019684227032, ""deformation"": 0.9154056854437458, ""dirt"": 0.812024936312988, ""discoloration"": 0.7692366262063539, ""fluff"": 0.5064032199048665, ""knife mark"": 0.8373216245883643, ""pinhole"": 0.7872743101555698, ""scrape"": 0.5412106968005226, ""scratche"": 0.8551421325561149, ""uneven"": 0.8832977063955167, ""wear crack"": 0.9770481987825567}",0.8674485174886434,0.5713390139484964,1.6043233984864296,0.7554604220026834,0.7592423466276375,0.7561165995853153,0.741711428222954,,3171.3232421875,7.40529348400014,9210.3046875,768.0,256.0,True
p0_hybrid_3cad|Copper_Stator|dinov2_s|coreset_knn|256|0,p0_hybrid_3cad,Copper_Stator,dinov2_s,409,959,763,1024,26.379262512000423,2,Tesla T4,coreset_knn,256,0,981.8125,5.173202502001004,9210.3046875,29.5322265625,2.4311116009994294,9210.3046875,256.0,0.5918969160403349,"{""wire damage"": 0.5918969160403349}",0.8171172160488656,0.4622623547164055,0.9915205836296082,0.5918969160403349,0.5978013748094257,0.5994663920614117,0.6042875865942707,,,,,,,
p0_hybrid_3cad|Copper_Stator|dinov2_s|coreset_knn|1024|0,p0_hybrid_3cad,Copper_Stator,dinov2_s,409,959,763,1024,26.379262512000423,2,Tesla T4,coreset_knn,1024,0,981.8125,5.173202502001004,9210.3046875,64.66015625,2.2493654059999244,9210.3046875,1024.0,0.6616337229518282,"{""wire damage"": 0.6616337229518282}",0.8637854580187244,0.5838215358962802,1.2968379259109497,0.6616337229518282,0.6742584320753202,0.6826236392328885,0.6773744884585551,,,,,,,
p0_hybrid_3cad|Copper_Stator|dinov2_s|coreset_knn|256|1,p0_hybrid_3cad,Copper_Stator,dinov2_s,409,959,763,1024,26.379262512000423,2,Tesla T4,coreset_knn,256,1,981.8125,5.20591610199881,9210.3046875,29.5322265625,1.9339872589989682,9210.3046875,256.0,0.5548452670714419,"{""wire damage"": 0.5548452670714419}",0.7957219033546388,0.41502748314625615,0.920153021812439,0.5548452670714419,0.5632706555754674,0.5679413967421831,0.5783427394548908,,,,,,,
p0_hybrid_3cad|Copper_Stator|dinov2_s|coreset_knn|1024|1,p0_hybrid_3cad,Copper_Stator,dinov2_s,409,959,763,1024,26.379262512000423,2,Tesla T4,coreset_knn,1024,1,981.8125,5.20591610199881,9210.3046875,64.66015625,2.274814686001264,9210.3046875,1024.0,0.6546660603953246,"{""wire damage"": 0.6546660603953246}",0.8366448132786052,0.5171154663187191,1.1340161561965942,0.6546660603953246,0.65994195843475,0.6575079573113649,0.6507208387942334,,,,,,,
p0_hybrid_3cad|Copper_Stator|dinov2_s|coreset_knn|256|2,p0_hybrid_3cad,Copper_Stator,dinov2_s,409,959,763,1024,26.379262512000423,2,Tesla T4,coreset_knn,256,2,981.8125,5.192727671999819,9210.3046875,29.5322265625,1.9921367400002055,9210.3046875,256.0,0.6119907989408083,"{""wire damage"": 0.6119907989408083}",0.7990095822949845,0.44647149849779866,0.9358956813812256,0.6119907989408083,0.6250434643057748,0.6257656404632627,0.6255784096076177,,,,,,,
p0_hybrid_3cad|Copper_Stator|dinov2_s|coreset_knn|1024|2,p0_hybrid_3cad,Copper_Stator,dinov2_s,409,959,763,1024,26.379262512000423,2,Tesla T4,coreset_knn,1024,2,981.8125,5.192727671999819,9210.3046875,64.66015625,2.8207961990010517,9210.3046875,1024.0,0.6607243159386953,"{""wire damage"": 0.6607243159386953}",0.8901452790854114,0.6361822891614543,1.4043503999710083,0.6607243159386953,0.6882639687591945,0.6902800438655147,0.6821187846042741,,,,,,,
p0_hybrid_3cad|Copper_Stator|dinov2_s|codebook_dist|256|0,p0_hybrid_3cad,Copper_Stator,dinov2_s,409,959,763,1024,26.379262512000423,2,Tesla T4,codebook_dist,256,0,9.125,22.81535958099994,9210.3046875,9.125,7.410650576999615,9210.3046875,,0.6792735442800975,"{""wire damage"": 0.6792735442800975}",0.9114025099969776,0.6817576680943297,1.7368450164794922,0.6792735442800975,0.6990564902238745,0.7004239441517104,0.6844157059940621,0.0,,,,,,
p0_hybrid_3cad|Copper_Stator|dinov2_s|codebook_dist|256|1,p0_hybrid_3cad,Copper_Stator,dinov2_s,409,959,763,1024,26.379262512000423,2,Tesla T4,codebook_dist,256,1,9.125,24.672076720000405,9210.3046875,9.125,8.455122702000153,9210.3046875,,0.6744924706448765,"{""wire damage"": 0.6744924706448765}",0.9165425681171572,0.6947924111496622,1.7516708374023438,0.6744924706448765,0.6990263995506459,0.6998087570545912,0.6843354641987857,0.0,,,,,,
p0_hybrid_3cad|Copper_Stator|dinov2_s|codebook_dist|256|2,p0_hybrid_3cad,Copper_Stator,dinov2_s,409,959,763,1024,26.379262512000423,2,Tesla T4,codebook_dist,256,2,9.125,21.780585360998884,9210.3046875,9.125,7.664937020999787,9210.3046875,,0.6738906571803033,"{""wire damage"": 0.6738906571803033}",0.9105595271578806,0.6706156840218378,1.6923716068267822,0.6738906571803033,0.679226736566186,0.6787854066921657,0.6682402974295878,0.0,,,,,,
p0_hybrid_3cad|Copper_Stator|dinov2_s|codebook_dist|1024|0,p0_hybrid_3cad,Copper_Stator,dinov2_s,409,959,763,1024,26.379262512000423,2,Tesla T4,codebook_dist,1024,0,9.125,85.39960908099965,9210.3046875,9.125,17.30539171900091,9210.3046875,,0.7182175622542596,"{""wire damage"": 0.7182175622542596}",0.9344328050282673,0.7477675993911461,1.9857295751571655,0.7182175622542596,0.7361382298659962,0.7415144301495172,0.7190266670232968,0.0,,,,,,
p0_hybrid_3cad|Copper_Stator|dinov2_s|codebook_dist|1024|1,p0_hybrid_3cad,Copper_Stator,dinov2_s,409,959,763,1024,26.379262512000423,2,Tesla T4,codebook_dist,1024,1,9.125,83.88205198799915,9210.3046875,9.125,17.997190048999983,9210.3046875,,0.6546593735790516,"{""wire damage"": 0.6546593735790516}",0.9251382355729184,0.7118022781033538,1.8130650520324707,0.6546593735790516,0.6818479685452163,0.6980300639259636,0.6926538636424425,0.0,,,,,,
p0_hybrid_3cad|Copper_Stator|dinov2_s|codebook_dist|1024|2,p0_hybrid_3cad,Copper_Stator,dinov2_s,409,959,763,1024,26.379262512000423,2,Tesla T4,codebook_dist,1024,2,9.125,84.10743348199867,9210.3046875,9.125,18.231483217999994,9210.3046875,,0.6766723727498862,"{""wire damage"": 0.6766723727498862}",0.9194181141733442,0.6930622173279237,1.779463291168213,0.6766723727498862,0.7006646695375398,0.7036269291464947,0.6909687859416375,0.0,,,,,,
p0_hybrid_3cad|Copper_Stator|dinov2_s|hybrid_w75|256|0,p0_hybrid_3cad,Copper_Stator,dinov2_s,409,959,763,1024,26.379262512000423,2,Tesla T4,hybrid_w75,256,0,9.125,17.29512667400013,9210.3046875,30.5322265625,2.5205707929999335,9210.3046875,256.0,0.697000294219916,"{""wire damage"": 0.697000294219916}",0.9160621151704972,0.6926610193405199,1.698555588722229,0.697000294219916,0.7096316901596811,0.7017679942225908,0.6819081498916736,,981.8125,0.9322955650004587,9210.3046875,192.0,64.0,
p0_hybrid_3cad|Copper_Stator|dinov2_s|hybrid_w75|256|1,p0_hybrid_3cad,Copper_Stator,dinov2_s,409,959,763,1024,26.379262512000423,2,Tesla T4,hybrid_w75,256,1,9.125,18.081999359999827,9210.3046875,30.5322265625,1.9169195630001923,9210.3046875,256.0,0.7056530344772247,"{""wire damage"": 0.7056530344772247}",0.912385732534035,0.6845754781069365,1.7120513916015625,0.7056530344772247,0.7163452536978094,0.7096517506085003,0.6894909995452965,,981.8125,0.9491686660003325,9210.3046875,192.0,64.0,
p0_hybrid_3cad|Copper_Stator|dinov2_s|hybrid_w75|256|2,p0_hybrid_3cad,Copper_Stator,dinov2_s,409,959,763,1024,26.379262512000423,2,Tesla T4,hybrid_w75,256,2,9.125,16.426061193998976,9210.3046875,30.5322265625,1.992081287999099,9210.3046875,256.0,0.6781902800438655,"{""wire damage"": 0.6781902800438655}",0.9050583828041315,0.6601739833616233,1.6497902870178223,0.6781902800438655,0.6937237542461283,0.7007649717816353,0.6851713162329152,,981.8125,0.9423634150007274,9210.3046875,192.0,64.0,
p0_hybrid_3cad|Copper_Stator|dinov2_s|hybrid_w75|1024|0,p0_hybrid_3cad,Copper_Stator,dinov2_s,409,959,763,1024,26.379262512000423,2,Tesla T4,hybrid_w75,1024,0,9.125,62.09823997199965,9210.3046875,64.66015625,2.9252182390009693,9210.3046875,1024.0,0.6942921336293363,"{""wire damage"": 0.6942921336293363}",0.9270484324726805,0.7192395601440935,1.8093771934509277,0.6942921336293363,0.7206515633776447,0.7279669403803462,0.7119052076925134,,1903.3857421875,1.8542173209989414,9210.3046875,768.0,256.0,
p0_hybrid_3cad|Copper_Stator|dinov2_s|hybrid_w75|1024|1,p0_hybrid_3cad,Copper_Stator,dinov2_s,409,959,763,1024,26.379262512000423,2,Tesla T4,hybrid_w75,1024,1,9.125,60.96583604699845,9210.3046875,64.66015625,2.1474803569999494,9210.3046875,1024.0,0.6965255302645306,"{""wire damage"": 0.6965255302645306}",0.9138974886259553,0.6763421575775661,1.7039824724197388,0.6965255302645306,0.7181573809078021,0.7220758552438014,0.7039545831438735,,1903.3857421875,1.8468242129983992,9210.3046875,768.0,256.0,
p0_hybrid_3cad|Copper_Stator|dinov2_s|hybrid_w75|1024|2,p0_hybrid_3cad,Copper_Stator,dinov2_s,409,959,763,1024,26.379262512000423,2,Tesla T4,hybrid_w75,1024,2,9.125,60.65080531199965,9210.3046875,64.66015625,2.1299539009996806,9210.3046875,1024.0,0.6962246235322438,"{""wire damage"": 0.6962246235322438}",0.9162113607616839,0.6861717981796005,1.7184157371520996,0.6962246235322438,0.7106882071308209,0.7247505817530158,0.7119587022226977,,1903.3857421875,1.8471682380004495,9210.3046875,768.0,256.0,
p0_hybrid_3cad|Iron_Stator|dinov2_s|coreset_knn|256|0,p0_hybrid_3cad,Iron_Stator,dinov2_s,653,1112,817,1024,31.939256793000823,2,Tesla T4,coreset_knn,256,0,1103.8125,8.208539167000708,9210.3046875,29.5322265625,2.326632170999801,9210.3046875,256.0,0.590602244673568,"{""Multiple-defects"": 0.8711864406779661, ""fracture"": 0.8278719397363465, ""inner warping"": 0.49099474738723126, ""outer warping"": 0.6187437686939182, ""paint nodule"": 0.7414898162654893}",0.7659746606177764,0.26599355999037694,0.9437519907951355,0.590602244673568,0.5912453581727278,0.591058647802004,0.5769142999398378,,,,,,,
p0_hybrid_3cad|Iron_Stator|dinov2_s|coreset_knn|1024|0,p0_hybrid_3cad,Iron_Stator,dinov2_s,653,1112,817,1024,31.939256793000823,2,Tesla T4,coreset_knn,1024,0,1103.8125,8.208539167000708,9210.3046875,64.66015625,2.5920066150010825,9210.3046875,1024.0,0.5861709852083894,"{""Multiple-defects"": 0.8627118644067797, ""fracture"": 0.4252354048964218, ""inner warping"": 0.40728867709969135, ""outer warping"": 0.663672618508112, ""paint nodule"": 0.820623842757442}",0.8300818803874687,0.3850432231455823,1.2729789018630981,0.5861709852083894,0.5815011513806194,0.5802626392548181,0.5739974690371967,,,,,,,
p0_hybrid_3cad|Iron_Stator|dinov2_s|coreset_knn|256|1,p0_hybrid_3cad,Iron_Stator,dinov2_s,653,1112,817,1024,31.939256793000823,2,Tesla T4,coreset_knn,256,1,1103.8125,8.61253814200063,9210.3046875,29.5322265625,2.26750781300143,9210.3046875,256.0,0.5023255813953489,"{""Multiple-defects"": 0.8440677966101695, ""fracture"": 0.41280602636534836, ""inner warping"": 0.313261493474847, ""outer warping"": 0.5746759720837488, ""paint nodule"": 0.7732516735507764}",0.7620135575416002,0.32491584406803137,0.9010332822799683,0.5023255813953489,0.50349355849221,0.5056075348007385,0.5032010455780761,,,,,,,
p0_hybrid_3cad|Iron_Stator|dinov2_s|coreset_knn|1024|1,p0_hybrid_3cad,Iron_Stator,dinov2_s,653,1112,817,1024,31.939256793000823,2,Tesla T4,coreset_knn,1024,1,1103.8125,8.61253814200063,9210.3046875,64.66015625,2.60535759800041,9210.3046875,1024.0,0.5770595191170673,"{""Multiple-defects"": 0.8627118644067796, ""fracture"": 0.5544256120527307, ""inner warping"": 0.36300427790112094, ""outer warping"": 0.6798513550258316, ""paint nodule"": 0.8139296396524712}",0.7886352424714494,0.28511850195948374,1.177042007446289,0.5770595191170673,0.574773354355538,0.566246914092484,0.5563097732506276,,,,,,,
p0_hybrid_3cad|Iron_Stator|dinov2_s|coreset_knn|256|2,p0_hybrid_3cad,Iron_Stator,dinov2_s,653,1112,817,1024,31.939256793000823,2,Tesla T4,coreset_knn,256,2,1103.8125,8.177052487000765,9210.3046875,29.5322265625,3.043181373999687,9210.3046875,256.0,0.5318320436487356,"{""Multiple-defects"": 0.8813559322033898, ""fracture"": 0.5596986817325801, ""inner warping"": 0.3860886987599502, ""outer warping"": 0.5864769328378501, ""paint nodule"": 0.7354507904856858}",0.7425782444324159,0.26770806350959975,0.8583532571792603,0.5318320436487356,0.525817895151754,0.5212580129867436,0.5146235711470241,,,,,,,
p0_hybrid_3cad|Iron_Stator|dinov2_s|coreset_knn|1024|2,p0_hybrid_3cad,Iron_Stator,dinov2_s,653,1112,817,1024,31.939256793000823,2,Tesla T4,coreset_knn,1024,2,1103.8125,8.177052487000765,9210.3046875,64.66015625,3.4540155970007618,9210.3046875,1024.0,0.5949422235130594,"{""Multiple-defects"": 0.8254237288135593, ""fracture"": 0.40640301318267424, ""inner warping"": 0.4316023176476959, ""outer warping"": 0.6747394181093085, ""paint nodule"": 0.7841618003133458}",0.8238126306414388,0.3880786968699534,1.2937612533569336,0.5949422235130594,0.5992863514719001,0.5960790822147999,0.5854241437254942,,,,,,,
p0_hybrid_3cad|Iron_Stator|dinov2_s|codebook_dist|256|0,p0_hybrid_3cad,Iron_Stator,dinov2_s,653,1112,817,1024,31.939256793000823,2,Tesla T4,codebook_dist,256,0,9.125,23.28682571399986,9210.3046875,9.125,8.109421137000027,9210.3046875,,0.5733875484928324,"{""Multiple-defects"": 0.6627118644067796, ""fracture"": 0.4794726930320151, ""inner warping"": 0.41079763903178645, ""outer warping"": 0.6419740777666999, ""paint nodule"": 0.7910838911835921}",0.8713644438484373,0.42291378584633094,1.6333485841751099,0.5733875484928324,0.5841835570400183,0.5805157355351327,0.5654004937452026,0.0,,,,,,
p0_hybrid_3cad|Iron_Stator|dinov2_s|codebook_dist|256|1,p0_hybrid_3cad,Iron_Stator,dinov2_s,653,1112,817,1024,31.939256793000823,2,Tesla T4,codebook_dist,256,1,9.125,21.56213455500074,9210.3046875,9.125,9.034765399001117,9210.3046875,,0.5821338920814056,"{""Multiple-defects"": 0.6559322033898305, ""fracture"": 0.5269303201506591, ""inner warping"": 0.4113174852439486, ""outer warping"": 0.6502039336535848, ""paint nodule"": 0.8204244409628257}",0.87377072162492,0.4362177958000018,1.6532742977142334,0.5821338920814056,0.5898802979067693,0.5847644337489368,0.5672634483330913,0.0,,,,,,
p0_hybrid_3cad|Iron_Stator|dinov2_s|codebook_dist|256|2,p0_hybrid_3cad,Iron_Stator,dinov2_s,653,1112,817,1024,31.939256793000823,2,Tesla T4,codebook_dist,256,2,9.125,21.251997362998736,9210.3046875,9.125,9.388975269001094,9210.3046875,,0.6092483870298528,"{""Multiple-defects"": 0.8169491525423729, ""fracture"": 0.4866290018832391, ""inner warping"": 0.44072128661937515, ""outer warping"": 0.6819450738693013, ""paint nodule"": 0.8298248112804443}",0.8785356210401722,0.45458781677425836,1.6730549335479736,0.6092483870298528,0.6093189220587929,0.6029396510590628,0.5845818724975624,0.0,,,,,,
p0_hybrid_3cad|Iron_Stator|dinov2_s|codebook_dist|1024|0,p0_hybrid_3cad,Iron_Stator,dinov2_s,653,1112,817,1024,31.939256793000823,2,Tesla T4,codebook_dist,1024,0,9.125,84.58690147599918,9210.3046875,9.125,21.527898026999537,9210.3046875,,0.6503516378648632,"{""Multiple-defects"": 0.847457627118644, ""fracture"": 0.5329566854990584, ""inner warping"": 0.4680511182108626, ""outer warping"": 0.7445753648146469, ""paint nodule"": 0.8392821535393817}",0.8888816380258149,0.46204551195024945,1.8104888200759888,0.6503516378648632,0.6513121589942534,0.6391967304939528,0.6114391220463455,0.0,,,,,,
p0_hybrid_3cad|Iron_Stator|dinov2_s|codebook_dist|1024|1,p0_hybrid_3cad,Iron_Stator,dinov2_s,653,1112,817,1024,31.939256793000823,2,Tesla T4,codebook_dist,1024,1,9.125,83.87417318199914,9210.3046875,9.125,20.039534706000268,9210.3046875,,0.6438105512105057,"{""Multiple-defects"": 0.8949152542372881, ""fracture"": 0.5269303201506591, ""inner warping"": 0.45395570477067204, ""outer warping"": 0.7448925949424453, ""paint nodule"": 0.8301096709870388}",0.8911867470093625,0.4772409300256111,1.8116437196731567,0.6438105512105057,0.6476609339667656,0.6346368483289422,0.6083314316536315,0.0,,,,,,
p0_hybrid_3cad|Iron_Stator|dinov2_s|codebook_dist|1024|2,p0_hybrid_3cad,Iron_Stator,dinov2_s,653,1112,817,1024,31.939256793000823,2,Tesla T4,codebook_dist,1024,2,9.125,88.56634418900103,9210.3046875,9.125,19.989505343999554,9210.3046875,,0.6315913947264693,"{""Multiple-defects"": 0.8830508474576271, ""fracture"": 0.5340866290018833, ""inner warping"": 0.4599014458222776, ""outer warping"": 0.7193147829239555, ""paint nodule"": 0.810625267055975}",0.8831010948128859,0.44217632593184963,1.7647234201431274,0.6315913947264693,0.6337032964753231,0.6251312158994253,0.6022654191647823,0.0,,,,,,
p0_hybrid_3cad|Iron_Stator|dinov2_s|hybrid_w75|256|0,p0_hybrid_3cad,Iron_Stator,dinov2_s,653,1112,817,1024,31.939256793000823,2,Tesla T4,hybrid_w75,256,0,9.125,17.292903139999908,9210.3046875,30.5322265625,3.2455454660012037,9210.3046875,256.0,0.5966765554011161,"{""Multiple-defects"": 0.7169491525423729, ""fracture"": 0.5363465160075329, ""inner warping"": 0.4409920398548763, ""outer warping"": 0.6647421372246896, ""paint nodule"": 0.7947870673693206}",0.8678152061602769,0.43564434978704514,1.5692874193191528,0.5966765554011161,0.6007468414828953,0.592214177540817,0.574594942223513,,1103.8125,1.4563619700002164,9210.3046875,192.0,64.0,
p0_hybrid_3cad|Iron_Stator|dinov2_s|hybrid_w75|256|1,p0_hybrid_3cad,Iron_Stator,dinov2_s,653,1112,817,1024,31.939256793000823,2,Tesla T4,hybrid_w75,256,1,9.125,16.697389711998767,9210.3046875,30.5322265625,3.525501180998617,9210.3046875,256.0,0.5662510632118333,"{""Multiple-defects"": 0.7610169491525425, ""fracture"": 0.45235404896421844, ""inner warping"": 0.42324145773541993, ""outer warping"": 0.6149551345962113, ""paint nodule"": 0.7946731234866827}",0.8721263595480842,0.4418096822897727,1.5943487882614136,0.5662510632118333,0.5672427027363443,0.5679065618322512,0.5549986515362114,,1103.8125,1.4605021419993136,9210.3046875,192.0,64.0,
p0_hybrid_3cad|Iron_Stator|dinov2_s|hybrid_w75|256|2,p0_hybrid_3cad,Iron_Stator,dinov2_s,653,1112,817,1024,31.939256793000823,2,Tesla T4,hybrid_w75,256,2,9.125,18.690068362999227,9210.3046875,30.5322265625,2.4457771990000765,9210.3046875,256.0,0.606460178827044,"{""Multiple-defects"": 0.8169491525423729, ""fracture"": 0.47532956685499056, ""inner warping"": 0.4279958845508204, ""outer warping"": 0.6834859059186078, ""paint nodule"": 0.8401652186298249}",0.8719081957945594,0.4326161498223638,1.654477596282959,0.606460178827044,0.6044603033006244,0.602738418770616,0.5885110885214613,,1103.8125,1.904699922999498,9210.3046875,192.0,64.0,
p0_hybrid_3cad|Iron_Stator|dinov2_s|hybrid_w75|1024|0,p0_hybrid_3cad,Iron_Stator,dinov2_s,653,1112,817,1024,31.939256793000823,2,Tesla T4,hybrid_w75,1024,0,9.125,66.82676049200018,9210.3046875,64.66015625,2.4634282770002756,9210.3046875,1024.0,0.6337489367881667,"{""Multiple-defects"": 0.9237288135593221, ""fracture"": 0.5574387947269304, ""inner warping"": 0.4490063356257108, ""outer warping"": 0.7296383576543098, ""paint nodule"": 0.8191995442244695}",0.8857317194426255,0.44818758541385545,1.7711386680603027,0.6337489367881667,0.636798539509989,0.6272037010144597,0.5993817812169366,,2644.0654296875,2.8864680690003297,9210.3046875,768.0,256.0,
p0_hybrid_3cad|Iron_Stator|dinov2_s|hybrid_w75|1024|1,p0_hybrid_3cad,Iron_Stator,dinov2_s,653,1112,817,1024,31.939256793000823,2,Tesla T4,hybrid_w75,1024,1,9.125,66.30659326800014,9210.3046875,64.66015625,2.6174990180006716,9210.3046875,1024.0,0.6316868244715059,"{""Multiple-defects"": 0.8949152542372881, ""fracture"": 0.4711864406779661, ""inner warping"": 0.45797368278550926, ""outer warping"": 0.7259675518897852, ""paint nodule"": 0.7999999999999999}",0.8869965862425906,0.4697384181072765,1.7521620988845825,0.6316868244715059,0.639993361409041,0.6354832686762234,0.6135800676306453,,2644.0654296875,3.348397895000744,9210.3046875,768.0,256.0,
p0_hybrid_3cad|Iron_Stator|dinov2_s|hybrid_w75|1024|2,p0_hybrid_3cad,Iron_Stator,dinov2_s,653,1112,817,1024,31.939256793000823,2,Tesla T4,hybrid_w75,1024,2,9.125,66.52378863800004,9210.3046875,64.66015625,2.649064596998869,9210.3046875,1024.0,0.6342509802294463,"{""Multiple-defects"": 0.9186440677966101, ""fracture"": 0.5306967984934086, ""inner warping"": 0.4447717550224725, ""outer warping"": 0.7276987220157708, ""paint nodule"": 0.8419883207520297}",0.8853660241393004,0.4470173001662678,1.7920103073120117,0.6342509802294463,0.6395348837209303,0.6357571105532851,0.6136879447337302,,2644.0654296875,2.886615666999205,9210.3046875,768.0,256.0,
