run_id,config,category,extractor,n_train,n_test,n_anomalous,patches_per_image,extract_seconds,n_cpu,gpu,method,k,vocab_seed,vocab_peak_gpu_mb,vocab_seconds,vocab_peak_rss_mb,select_peak_gpu_mb,select_seconds,select_peak_rss_mb,score_peak_gpu_mb,score_seconds,score_peak_rss_mb,n_words,n_patches,bank_size,image_auroc,image_auroc_by_type,pixel_auroc,aupro,pixel_dprime,image_auroc_top1,image_auroc_top3,image_auroc_top10,image_auroc_top30,vocab_cache_hit
p0_hybrid_visa|candle|dinov2_s|hybrid_w50|64|0,p0_hybrid_visa,candle,dinov2_s,900,200,100,1024,43.418640239999945,2,Tesla T4,hybrid_w50,64,0,8.125,3.1136278120002316,4569.08203125,1378.34423828125,0.7089590199993836,4569.08203125,22.25048828125,0.20456567099972744,4569.08203125,32,32,64,0.862,"{""anomaly"": 0.862}",0.9693921218604193,0.9115536749740379,4.722280979156494,0.862,0.8661,0.8842,0.8941,
p0_hybrid_visa|candle|dinov2_s|hybrid_w50|64|1,p0_hybrid_visa,candle,dinov2_s,900,200,100,1024,43.418640239999945,2,Tesla T4,hybrid_w50,64,1,8.125,3.50025260899929,4569.08203125,1378.34423828125,0.7051734119995672,4569.08203125,22.25048828125,0.2267846089998784,4569.08203125,32,32,64,0.8755,"{""anomaly"": 0.8755}",0.9689661026281936,0.9170928509939987,4.657687664031982,0.8755,0.8799,0.8845999999999998,0.8947999999999999,
p0_hybrid_visa|candle|dinov2_s|hybrid_w50|64|2,p0_hybrid_visa,candle,dinov2_s,900,200,100,1024,43.418640239999945,2,Tesla T4,hybrid_w50,64,2,8.125,3.323462389999804,4569.08203125,1378.34423828125,0.8019527859996742,4569.08203125,22.25048828125,0.27905619499961176,4569.08203125,32,32,64,0.8505,"{""anomaly"": 0.8505}",0.9727549982411362,0.91895658794162,4.764638423919678,0.8505,0.8689,0.8828,0.9002,
p0_hybrid_visa|candle|dinov2_s|hybrid_w50|256|0,p0_hybrid_visa,candle,dinov2_s,900,200,100,1024,43.418640239999945,2,Tesla T4,hybrid_w50,256,0,8.125,11.171973307000371,4569.08203125,1427.89111328125,1.6527432820003014,4569.08203125,28.5322265625,0.21586488100001588,4569.08203125,128,128,256,0.9043,"{""anomaly"": 0.9043}",0.981253543940791,0.9394517302871402,5.360054969787598,0.9043,0.9212,0.9295,0.9238000000000001,
p0_hybrid_visa|candle|dinov2_s|hybrid_w50|256|1,p0_hybrid_visa,candle,dinov2_s,900,200,100,1024,43.418640239999945,2,Tesla T4,hybrid_w50,256,1,8.125,11.394259665999925,4569.08203125,1427.89111328125,1.6525097780004216,4569.08203125,28.5322265625,0.21656645300026867,4569.08203125,128,128,256,0.8772000000000001,"{""anomaly"": 0.8772000000000001}",0.9820328473610369,0.9482937521058499,5.375260829925537,0.8772000000000001,0.8874000000000001,0.9003,0.9219999999999999,
p0_hybrid_visa|candle|dinov2_s|hybrid_w50|256|2,p0_hybrid_visa,candle,dinov2_s,900,200,100,1024,43.418640239999945,2,Tesla T4,hybrid_w50,256,2,8.125,11.239774986999691,4569.08203125,1427.89111328125,1.6491607000007207,4569.08203125,28.5322265625,0.2189378189996205,4569.08203125,128,128,256,0.9209999999999999,"{""anomaly"": 0.9209999999999999}",0.9852364455789383,0.948252299452815,5.602724075317383,0.9209999999999999,0.9468,0.9475,0.9407,
p0_hybrid_visa|candle|dinov2_s|hybrid_w50|1024|0,p0_hybrid_visa,candle,dinov2_s,900,200,100,1024,43.418640239999945,2,Tesla T4,hybrid_w50,1024,0,8.125,35.521897122000155,4569.08203125,1999.080078125,5.464571599999545,4569.08203125,63.66015625,0.29493888200067886,4569.08203125,512,512,1024,0.9374,"{""anomaly"": 0.9374}",0.9893669239286123,0.959177652170256,6.011608600616455,0.9374,0.9484,0.9511999999999999,0.9460999999999999,
p0_hybrid_visa|candle|dinov2_s|hybrid_w50|1024|1,p0_hybrid_visa,candle,dinov2_s,900,200,100,1024,43.418640239999945,2,Tesla T4,hybrid_w50,1024,1,8.125,35.67520455799968,4569.08203125,1999.080078125,5.461724843999946,4569.08203125,63.66015625,0.24369334600032744,4569.08203125,512,512,1024,0.9223,"{""anomaly"": 0.9223}",0.9904853278323266,0.9634536362412424,6.037896633148193,0.9223,0.9317,0.9410000000000001,0.9429000000000001,
p0_hybrid_visa|candle|dinov2_s|hybrid_w50|1024|2,p0_hybrid_visa,candle,dinov2_s,900,200,100,1024,43.418640239999945,2,Tesla T4,hybrid_w50,1024,2,8.125,39.17115316200034,4569.08203125,1999.080078125,5.443205797000701,4569.08203125,63.66015625,0.24855439600014506,4569.08203125,512,512,1024,0.9258,"{""anomaly"": 0.9258}",0.9899146147829079,0.9611538639462462,5.931091785430908,0.9258,0.9238999999999999,0.9333,0.9333,
p0_hybrid_visa|capsules|dinov2_s|hybrid_w50|64|0,p0_hybrid_visa,capsules,dinov2_s,542,160,100,1024,15.854355777000137,2,Tesla T4,hybrid_w50,64,0,8.125,2.6640880960003415,4569.08203125,1048.3125,0.4290382010003668,4569.08203125,22.25048828125,0.15926020500046434,4569.08203125,32,32,64,0.8771666666666667,"{""anomaly"": 0.8771666666666667}",0.9516266904814984,0.7732940664496096,3.8481273651123047,0.8771666666666667,0.8928333333333333,0.9139999999999999,0.9278333333333333,
p0_hybrid_visa|capsules|dinov2_s|hybrid_w50|64|1,p0_hybrid_visa,capsules,dinov2_s,542,160,100,1024,15.854355777000137,2,Tesla T4,hybrid_w50,64,1,8.125,5.415852420999727,4569.08203125,1048.3125,0.42697776800014253,4569.08203125,22.25048828125,0.16011325799991027,4569.08203125,32,32,64,0.9226666666666666,"{""anomaly"": 0.9226666666666666}",0.9555876602120276,0.7862260512520706,4.026821136474609,0.9226666666666666,0.9268333333333334,0.9259999999999999,0.9275,
p0_hybrid_visa|capsules|dinov2_s|hybrid_w50|64|2,p0_hybrid_visa,capsules,dinov2_s,542,160,100,1024,15.854355777000137,2,Tesla T4,hybrid_w50,64,2,8.125,2.5759920039999997,4569.08203125,1048.3125,0.42904384299981757,4569.08203125,22.25048828125,0.15738789999977598,4569.08203125,32,32,64,0.8775000000000001,"{""anomaly"": 0.8775000000000001}",0.9509286601568313,0.746526168549964,3.7652063369750977,0.8775000000000001,0.9013333333333333,0.9101666666666667,0.9116666666666666,
p0_hybrid_visa|capsules|dinov2_s|hybrid_w50|256|0,p0_hybrid_visa,capsules,dinov2_s,542,160,100,1024,15.854355777000137,2,Tesla T4,hybrid_w50,256,0,8.125,9.622221469000579,4569.08203125,1048.3125,1.0168188810002903,4569.08203125,28.5322265625,0.17965269799969974,4569.08203125,128,128,256,0.9163333333333333,"{""anomaly"": 0.9163333333333333}",0.9744939378365172,0.8558336324820752,4.651065349578857,0.9163333333333333,0.9133333333333333,0.9176666666666667,0.9163333333333332,
p0_hybrid_visa|capsules|dinov2_s|hybrid_w50|256|1,p0_hybrid_visa,capsules,dinov2_s,542,160,100,1024,15.854355777000137,2,Tesla T4,hybrid_w50,256,1,8.125,8.449441830000069,4569.08203125,1048.3125,0.9999728690008851,4569.08203125,28.5322265625,0.16288665500087518,4569.08203125,128,128,256,0.9078333333333335,"{""anomaly"": 0.9078333333333335}",0.9786903636794305,0.8564858883056474,4.521602153778076,0.9078333333333335,0.9225,0.9293333333333332,0.9186666666666667,
p0_hybrid_visa|capsules|dinov2_s|hybrid_w50|256|2,p0_hybrid_visa,capsules,dinov2_s,542,160,100,1024,15.854355777000137,2,Tesla T4,hybrid_w50,256,2,8.125,8.0921294030004,4569.08203125,1048.3125,1.0016031109998949,4569.08203125,28.5322265625,0.1622697140001037,4569.08203125,128,128,256,0.8978333333333333,"{""anomaly"": 0.8978333333333333}",0.974582604611183,0.8566576070387704,4.594082832336426,0.8978333333333333,0.9075,0.9066666666666666,0.9065,
p0_hybrid_visa|capsules|dinov2_s|hybrid_w50|1024|0,p0_hybrid_visa,capsules,dinov2_s,542,160,100,1024,15.854355777000137,2,Tesla T4,hybrid_w50,1024,0,8.125,35.75276467900039,4569.08203125,1819.681640625,3.302639221999925,4569.08203125,63.66015625,0.2002306900003532,4569.08203125,512,512,1024,0.9478333333333334,"{""anomaly"": 0.9478333333333334}",0.9811864950839638,0.8942786905159972,5.134538173675537,0.9478333333333334,0.9616666666666667,0.954,0.9395,
p0_hybrid_visa|capsules|dinov2_s|hybrid_w50|1024|1,p0_hybrid_visa,capsules,dinov2_s,542,160,100,1024,15.854355777000137,2,Tesla T4,hybrid_w50,1024,1,8.125,36.23388388100011,4569.08203125,1819.681640625,3.301551348999965,4569.08203125,63.66015625,0.21729533300003823,4569.08203125,512,512,1024,0.9636666666666667,"{""anomaly"": 0.9636666666666667}",0.9823483109007064,0.9004198749713263,5.155875205993652,0.9636666666666667,0.9701666666666667,0.9601666666666666,0.9461666666666667,
p0_hybrid_visa|capsules|dinov2_s|hybrid_w50|1024|2,p0_hybrid_visa,capsules,dinov2_s,542,160,100,1024,15.854355777000137,2,Tesla T4,hybrid_w50,1024,2,8.125,34.266258021000795,4569.08203125,1819.681640625,3.3314350559994637,4569.08203125,63.66015625,0.2216405830004078,4569.08203125,512,512,1024,0.9425,"{""anomaly"": 0.9425}",0.9837008480393242,0.9042793149717617,5.182436466217041,0.9425,0.9523333333333333,0.955,0.9464999999999999,
p0_hybrid_visa|cashew|dinov2_s|hybrid_w50|64|0,p0_hybrid_visa,cashew,dinov2_s,450,150,100,1024,14.186950927999987,2,Tesla T4,hybrid_w50,64,0,8.125,2.7928808890001164,4569.08203125,1002.3125,0.35871467200013285,4569.08203125,22.25048828125,0.14732587199978298,4569.08203125,32,32,64,0.9062000000000001,"{""anomaly"": 0.9062000000000001}",0.989563899888421,0.8800256622173157,3.984980821609497,0.9062000000000001,0.9112,0.9138,0.9013000000000001,
p0_hybrid_visa|cashew|dinov2_s|hybrid_w50|64|1,p0_hybrid_visa,cashew,dinov2_s,450,150,100,1024,14.186950927999987,2,Tesla T4,hybrid_w50,64,1,8.125,2.8161450839997997,4569.08203125,1002.3125,0.3621685519992752,4569.08203125,22.25048828125,0.14411172000018269,4569.08203125,32,32,64,0.8982,"{""anomaly"": 0.8982}",0.9890942560709897,0.8973315841175615,4.049476623535156,0.8982,0.9318,0.9234,0.895,
p0_hybrid_visa|cashew|dinov2_s|hybrid_w50|64|2,p0_hybrid_visa,cashew,dinov2_s,450,150,100,1024,14.186950927999987,2,Tesla T4,hybrid_w50,64,2,8.125,2.6982121740002185,4569.08203125,1002.3125,0.4456992010000249,4569.08203125,22.25048828125,0.19656502300040302,4569.08203125,32,32,64,0.8463999999999998,"{""anomaly"": 0.8463999999999998}",0.9891485014494495,0.8809259939748875,4.100525379180908,0.8463999999999998,0.8566,0.8582,0.842,
p0_hybrid_visa|cashew|dinov2_s|hybrid_w50|256|0,p0_hybrid_visa,cashew,dinov2_s,450,150,100,1024,14.186950927999987,2,Tesla T4,hybrid_w50,256,0,8.125,8.34430388400051,4569.08203125,1002.3125,0.8803351919996203,4569.08203125,28.5322265625,0.19284097099989594,4569.08203125,128,128,256,0.9368000000000001,"{""anomaly"": 0.9368000000000001}",0.9960858678143335,0.9456337710829562,5.527106761932373,0.9368000000000001,0.9398,0.9304,0.9192,
p0_hybrid_visa|cashew|dinov2_s|hybrid_w50|256|1,p0_hybrid_visa,cashew,dinov2_s,450,150,100,1024,14.186950927999987,2,Tesla T4,hybrid_w50,256,1,8.125,8.338184858999739,4569.08203125,1002.3125,0.8800054029998137,4569.08203125,28.5322265625,0.18451803999960248,4569.08203125,128,128,256,0.9058,"{""anomaly"": 0.9058}",0.9958602080378611,0.9418327383317712,5.43609094619751,0.9058,0.9268000000000001,0.9276,0.9224,
p0_hybrid_visa|cashew|dinov2_s|hybrid_w50|256|2,p0_hybrid_visa,cashew,dinov2_s,450,150,100,1024,14.186950927999987,2,Tesla T4,hybrid_w50,256,2,8.125,9.002919769000073,4569.08203125,1002.3125,0.9223476990000563,4569.08203125,28.5322265625,0.19649604500045825,4569.08203125,128,128,256,0.9259999999999999,"{""anomaly"": 0.9259999999999999}",0.9959067855678687,0.9418456365042465,5.406914234161377,0.9259999999999999,0.9296000000000001,0.909,0.9039999999999999,
p0_hybrid_visa|cashew|dinov2_s|hybrid_w50|1024|0,p0_hybrid_visa,cashew,dinov2_s,450,150,100,1024,14.186950927999987,2,Tesla T4,hybrid_w50,1024,0,8.125,35.25562322600035,4569.08203125,1525.080078125,2.7505760129997725,4569.08203125,63.66015625,0.19315012599963666,4569.08203125,512,512,1024,0.9508,"{""anomaly"": 0.9508}",0.9971806501898574,0.9569793398424458,6.299201011657715,0.9508,0.9657999999999999,0.973,0.9526,
p0_hybrid_visa|cashew|dinov2_s|hybrid_w50|1024|1,p0_hybrid_visa,cashew,dinov2_s,450,150,100,1024,14.186950927999987,2,Tesla T4,hybrid_w50,1024,1,8.125,34.845887806000064,4569.08203125,1525.080078125,2.744050541999968,4569.08203125,63.66015625,0.18611948099987785,4569.08203125,512,512,1024,0.95,"{""anomaly"": 0.95}",0.997105414359145,0.9460388361146248,6.2603631019592285,0.95,0.9686,0.9666,0.9494,
p0_hybrid_visa|cashew|dinov2_s|hybrid_w50|1024|2,p0_hybrid_visa,cashew,dinov2_s,450,150,100,1024,14.186950927999987,2,Tesla T4,hybrid_w50,1024,2,8.125,38.10439790000055,4569.08203125,1525.080078125,2.7619410999996035,4569.08203125,63.66015625,0.1854555239997353,4569.08203125,512,512,1024,0.943,"{""anomaly"": 0.943}",0.9970364888490872,0.9490444547462947,6.282855987548828,0.943,0.9596,0.96,0.949,
p0_hybrid_visa|chewinggum|dinov2_s|hybrid_w50|64|0,p0_hybrid_visa,chewinggum,dinov2_s,453,150,100,1024,12.261313721000079,2,Tesla T4,hybrid_w50,64,0,8.125,2.844002379999438,4569.08203125,1002.8125,0.36031641400040826,4569.08203125,22.25048828125,0.15807160399981512,4569.08203125,32,32,64,0.9518000000000001,"{""anomaly"": 0.9518000000000001}",0.9934762648184944,0.8880589985717606,6.235066890716553,0.9518000000000001,0.9663999999999999,0.9743999999999999,0.9807999999999999,
p0_hybrid_visa|chewinggum|dinov2_s|hybrid_w50|64|1,p0_hybrid_visa,chewinggum,dinov2_s,453,150,100,1024,12.261313721000079,2,Tesla T4,hybrid_w50,64,1,8.125,3.900966542999413,4569.08203125,1002.8125,0.4530625190000137,4569.08203125,22.25048828125,0.1894517150003594,4569.08203125,32,32,64,0.9750000000000001,"{""anomaly"": 0.9750000000000001}",0.993832462153273,0.8938510143115264,6.866399765014648,0.9750000000000001,0.9766,0.9775999999999999,0.9757999999999999,
p0_hybrid_visa|chewinggum|dinov2_s|hybrid_w50|64|2,p0_hybrid_visa,chewinggum,dinov2_s,453,150,100,1024,12.261313721000079,2,Tesla T4,hybrid_w50,64,2,8.125,2.943549474000065,4569.08203125,1002.8125,0.3787483370006157,4569.08203125,22.25048828125,0.16101304099993285,4569.08203125,32,32,64,0.9722,"{""anomaly"": 0.9722}",0.9945129341204058,0.9043915530558015,6.524796009063721,0.9722,0.979,0.9816,0.9782,
p0_hybrid_visa|chewinggum|dinov2_s|hybrid_w50|256|0,p0_hybrid_visa,chewinggum,dinov2_s,453,150,100,1024,12.261313721000079,2,Tesla T4,hybrid_w50,256,0,8.125,10.815712104999875,4569.08203125,1002.8125,0.844765488000121,4569.08203125,28.5322265625,0.16604456099958043,4569.08203125,128,128,256,0.9867999999999999,"{""anomaly"": 0.9867999999999999}",0.993775938719498,0.9158046241004592,7.265695095062256,0.9867999999999999,0.9885999999999999,0.9885999999999999,0.9836,
p0_hybrid_visa|chewinggum|dinov2_s|hybrid_w50|256|1,p0_hybrid_visa,chewinggum,dinov2_s,453,150,100,1024,12.261313721000079,2,Tesla T4,hybrid_w50,256,1,8.125,10.59376976800013,4569.08203125,1002.8125,0.8428349650002929,4569.08203125,28.5322265625,0.1541946570005166,4569.08203125,128,128,256,0.9782,"{""anomaly"": 0.9782}",0.9943407979606261,0.9145260660844994,7.164156436920166,0.9782,0.9848,0.9858,0.9816,
p0_hybrid_visa|chewinggum|dinov2_s|hybrid_w50|256|2,p0_hybrid_visa,chewinggum,dinov2_s,453,150,100,1024,12.261313721000079,2,Tesla T4,hybrid_w50,256,2,8.125,9.97935295300067,4569.08203125,1002.8125,0.8420078079998348,4569.08203125,28.5322265625,0.1560793240005296,4569.08203125,128,128,256,0.9808000000000001,"{""anomaly"": 0.9808000000000001}",0.9937440077865077,0.9129150920812433,7.114371299743652,0.9808000000000001,0.9808,0.9804,0.9795999999999999,
p0_hybrid_visa|chewinggum|dinov2_s|hybrid_w50|1024|0,p0_hybrid_visa,chewinggum,dinov2_s,453,150,100,1024,12.261313721000079,2,Tesla T4,hybrid_w50,1024,0,8.125,36.84840162799992,4569.08203125,1537.603515625,2.781144227999903,4569.08203125,63.66015625,0.18706031500005338,4569.08203125,512,512,1024,0.9878,"{""anomaly"": 0.9878}",0.9934353446924252,0.9164103196253824,7.405093669891357,0.9878,0.9885999999999999,0.9898,0.9852,
p0_hybrid_visa|chewinggum|dinov2_s|hybrid_w50|1024|1,p0_hybrid_visa,chewinggum,dinov2_s,453,150,100,1024,12.261313721000079,2,Tesla T4,hybrid_w50,1024,1,8.125,36.009801475999666,4569.08203125,1537.603515625,2.7710717579993798,4569.08203125,63.66015625,0.1998861730007775,4569.08203125,512,512,1024,0.982,"{""anomaly"": 0.982}",0.9932792725319243,0.9093686430680211,7.401948928833008,0.982,0.9844,0.9839999999999999,0.9788000000000001,
p0_hybrid_visa|chewinggum|dinov2_s|hybrid_w50|1024|2,p0_hybrid_visa,chewinggum,dinov2_s,453,150,100,1024,12.261313721000079,2,Tesla T4,hybrid_w50,1024,2,8.125,37.134272848000364,4569.08203125,1537.603515625,2.763979106000079,4569.08203125,63.66015625,0.1910838750000039,4569.08203125,512,512,1024,0.985,"{""anomaly"": 0.985}",0.9930459518426015,0.9108296788654713,7.322220802307129,0.985,0.9832000000000001,0.9838,0.9782,
p0_hybrid_visa|fryum|dinov2_s|hybrid_w50|64|0,p0_hybrid_visa,fryum,dinov2_s,450,150,100,1024,29.654036887999837,2,Tesla T4,hybrid_w50,64,0,8.125,2.8114682089999405,4569.08203125,1002.3125,0.3672573799995007,4569.08203125,22.25048828125,0.15159456099991075,4569.08203125,32,32,64,0.8392000000000001,"{""anomaly"": 0.8392000000000001}",0.8691771653936861,0.6941251686947195,1.9119179248809814,0.8392000000000001,0.8494,0.8615999999999999,0.8705999999999999,
p0_hybrid_visa|fryum|dinov2_s|hybrid_w50|64|1,p0_hybrid_visa,fryum,dinov2_s,450,150,100,1024,29.654036887999837,2,Tesla T4,hybrid_w50,64,1,8.125,5.706900522000069,4569.08203125,1002.3125,0.36652154800049175,4569.08203125,22.25048828125,0.1482603049998943,4569.08203125,32,32,64,0.9009999999999999,"{""anomaly"": 0.9009999999999999}",0.8378065153541764,0.6806682726085554,1.7256208658218384,0.9009999999999999,0.9106,0.9028,0.9038,
p0_hybrid_visa|fryum|dinov2_s|hybrid_w50|64|2,p0_hybrid_visa,fryum,dinov2_s,450,150,100,1024,29.654036887999837,2,Tesla T4,hybrid_w50,64,2,8.125,2.771204286000284,4569.08203125,1002.3125,0.3691234749994692,4569.08203125,22.25048828125,0.1664970390002054,4569.08203125,32,32,64,0.9046,"{""anomaly"": 0.9046}",0.8255526903236903,0.6746571743590362,1.649231195449829,0.9046,0.91,0.8952,0.8738,
p0_hybrid_visa|fryum|dinov2_s|hybrid_w50|256|0,p0_hybrid_visa,fryum,dinov2_s,450,150,100,1024,29.654036887999837,2,Tesla T4,hybrid_w50,256,0,8.125,9.650458815000093,4569.08203125,1002.3125,0.8482637229999455,4569.08203125,28.5322265625,0.15312256000015623,4569.08203125,128,128,256,0.9364,"{""anomaly"": 0.9364}",0.9158437774307939,0.771715901053855,2.4498002529144287,0.9364,0.948,0.9394,0.9088,
p0_hybrid_visa|fryum|dinov2_s|hybrid_w50|256|1,p0_hybrid_visa,fryum,dinov2_s,450,150,100,1024,29.654036887999837,2,Tesla T4,hybrid_w50,256,1,8.125,9.457215202999578,4569.08203125,1002.3125,0.8337948050002524,4569.08203125,28.5322265625,0.14924402400083636,4569.08203125,128,128,256,0.9452,"{""anomaly"": 0.9452}",0.916194820308924,0.7722616464411749,2.4355146884918213,0.9452,0.9484,0.9304,0.9016,
p0_hybrid_visa|fryum|dinov2_s|hybrid_w50|256|2,p0_hybrid_visa,fryum,dinov2_s,450,150,100,1024,29.654036887999837,2,Tesla T4,hybrid_w50,256,2,8.125,9.066574621000655,4569.08203125,1002.3125,0.833916768000563,4569.08203125,28.5322265625,0.1579711860003954,4569.08203125,128,128,256,0.9492,"{""anomaly"": 0.9492}",0.9091461106820741,0.7680660306019368,2.423135280609131,0.9492,0.946,0.9324,0.9100000000000001,
p0_hybrid_visa|fryum|dinov2_s|hybrid_w50|1024|0,p0_hybrid_visa,fryum,dinov2_s,450,150,100,1024,29.654036887999837,2,Tesla T4,hybrid_w50,1024,0,8.125,36.99005423400013,4569.08203125,1525.080078125,2.75455834999957,4569.08203125,63.66015625,0.18569993199980672,4569.08203125,512,512,1024,0.9726000000000001,"{""anomaly"": 0.9726000000000001}",0.9361605416119302,0.8031532356368052,2.7720584869384766,0.9726000000000001,0.9712000000000001,0.9576,0.9354,
p0_hybrid_visa|fryum|dinov2_s|hybrid_w50|1024|1,p0_hybrid_visa,fryum,dinov2_s,450,150,100,1024,29.654036887999837,2,Tesla T4,hybrid_w50,1024,1,8.125,36.84953039100037,4569.08203125,1525.080078125,2.7557358479998584,4569.08203125,63.66015625,0.20974094299981516,4569.08203125,512,512,1024,0.9598,"{""anomaly"": 0.9598}",0.9375607921007789,0.7979353548399826,2.7833597660064697,0.9598,0.9604,0.9452,0.9286,
p0_hybrid_visa|fryum|dinov2_s|hybrid_w50|1024|2,p0_hybrid_visa,fryum,dinov2_s,450,150,100,1024,29.654036887999837,2,Tesla T4,hybrid_w50,1024,2,8.125,37.61897058700015,4569.08203125,1525.080078125,2.74934415899952,4569.08203125,63.66015625,0.18368020899924886,4569.08203125,512,512,1024,0.9660000000000001,"{""anomaly"": 0.9660000000000001}",0.9358509073064954,0.7999814124581535,2.775468111038208,0.9660000000000001,0.959,0.939,0.917,
p0_hybrid_visa|macaroni1|dinov2_s|hybrid_w50|64|0,p0_hybrid_visa,macaroni1,dinov2_s,900,200,100,1024,20.853066430000126,2,Tesla T4,hybrid_w50,64,0,8.125,2.7849162949996753,4615.53515625,1378.34423828125,0.6910491270000421,4615.53515625,22.25048828125,0.22180728100011038,4615.53515625,32,32,64,0.8358,"{""anomaly"": 0.8358}",0.9111551613316153,0.7168308494680024,2.4033379554748535,0.8358,0.8449,0.8289,0.7803,
p0_hybrid_visa|macaroni1|dinov2_s|hybrid_w50|64|1,p0_hybrid_visa,macaroni1,dinov2_s,900,200,100,1024,20.853066430000126,2,Tesla T4,hybrid_w50,64,1,8.125,4.625068160999945,4615.53515625,1378.34423828125,0.7644823399996312,4615.53515625,22.25048828125,0.22099052999965352,4615.53515625,32,32,64,0.7264999999999999,"{""anomaly"": 0.7264999999999999}",0.8617231382192575,0.5723472318324772,1.8439874649047852,0.7264999999999999,0.7379,0.7536,0.7339,
p0_hybrid_visa|macaroni1|dinov2_s|hybrid_w50|64|2,p0_hybrid_visa,macaroni1,dinov2_s,900,200,100,1024,20.853066430000126,2,Tesla T4,hybrid_w50,64,2,8.125,2.510921989999588,4615.53515625,1378.34423828125,0.6942681830005313,4615.53515625,22.25048828125,0.21246010899994872,4615.53515625,32,32,64,0.7463,"{""anomaly"": 0.7463}",0.8805989817755567,0.6374737537746697,2.0246999263763428,0.7463,0.7312000000000001,0.6924000000000001,0.6443000000000001,
p0_hybrid_visa|macaroni1|dinov2_s|hybrid_w50|256|0,p0_hybrid_visa,macaroni1,dinov2_s,900,200,100,1024,20.853066430000126,2,Tesla T4,hybrid_w50,256,0,8.125,8.78452848500001,4615.53515625,1427.89111328125,1.6751028299995596,4615.53515625,28.5322265625,0.26984556400020665,4615.53515625,128,128,256,0.8671,"{""anomaly"": 0.8671}",0.9355101029809907,0.761790123544604,2.7910242080688477,0.8671,0.8699000000000001,0.8332999999999999,0.7828999999999999,
p0_hybrid_visa|macaroni1|dinov2_s|hybrid_w50|256|1,p0_hybrid_visa,macaroni1,dinov2_s,900,200,100,1024,20.853066430000126,2,Tesla T4,hybrid_w50,256,1,8.125,8.656307919000028,4615.53515625,1427.89111328125,1.7347439790000863,4615.53515625,28.5322265625,0.31619610600046144,4615.53515625,128,128,256,0.8716999999999999,"{""anomaly"": 0.8716999999999999}",0.9491315749140445,0.7617622204353957,2.886944532394409,0.8716999999999999,0.8695,0.838,0.7792000000000001,
p0_hybrid_visa|macaroni1|dinov2_s|hybrid_w50|256|2,p0_hybrid_visa,macaroni1,dinov2_s,900,200,100,1024,20.853066430000126,2,Tesla T4,hybrid_w50,256,2,8.125,10.227779230000124,4615.53515625,1427.89111328125,1.6356601840006988,4615.53515625,28.5322265625,0.2122340969999641,4615.53515625,128,128,256,0.8494999999999999,"{""anomaly"": 0.8494999999999999}",0.9332716527236303,0.7534456284979191,2.7204320430755615,0.8494999999999999,0.8537,0.8109,0.7514000000000001,
p0_hybrid_visa|macaroni1|dinov2_s|hybrid_w50|1024|0,p0_hybrid_visa,macaroni1,dinov2_s,900,200,100,1024,20.853066430000126,2,Tesla T4,hybrid_w50,1024,0,8.125,39.43865853999978,4615.53515625,1999.080078125,5.432205873999919,4615.53515625,63.66015625,0.24439554699984,4615.53515625,512,512,1024,0.9069,"{""anomaly"": 0.9069}",0.9502454782520169,0.7732695111238547,3.146003007888794,0.9069,0.8995,0.8659,0.798,
p0_hybrid_visa|macaroni1|dinov2_s|hybrid_w50|1024|1,p0_hybrid_visa,macaroni1,dinov2_s,900,200,100,1024,20.853066430000126,2,Tesla T4,hybrid_w50,1024,1,8.125,35.31549788400025,4615.53515625,1999.080078125,5.433928276999723,4615.53515625,63.66015625,0.32819736399960675,4615.53515625,512,512,1024,0.9198,"{""anomaly"": 0.9198}",0.9496370969756031,0.77535626354719,3.1047415733337402,0.9198,0.9106,0.8527,0.7707,
p0_hybrid_visa|macaroni1|dinov2_s|hybrid_w50|1024|2,p0_hybrid_visa,macaroni1,dinov2_s,900,200,100,1024,20.853066430000126,2,Tesla T4,hybrid_w50,1024,2,8.125,36.914212177999616,4615.53515625,1999.080078125,6.159391137,4288.71875,63.66015625,0.3383596610000268,4288.71875,512,512,1024,0.9018999999999998,"{""anomaly"": 0.9018999999999998}",0.9495761855051187,0.7695497556754243,3.0435311794281006,0.9018999999999998,0.8976000000000001,0.8523000000000001,0.777,True
p0_hybrid_visa|macaroni2|dinov2_s|hybrid_w50|64|0,p0_hybrid_visa,macaroni2,dinov2_s,900,200,100,1024,41.57743350800024,2,Tesla T4,hybrid_w50,64,0,8.125,3.236852596999938,4685.48828125,1378.34423828125,0.7112543470000219,4685.48828125,22.25048828125,0.29414035299998886,4685.48828125,32,32,64,0.5774999999999999,"{""anomaly"": 0.5774999999999999}",0.8881853577480355,0.5614637740007715,1.6189382076263428,0.5774999999999999,0.5799000000000001,0.5714,0.575,
p0_hybrid_visa|macaroni2|dinov2_s|hybrid_w50|64|1,p0_hybrid_visa,macaroni2,dinov2_s,900,200,100,1024,41.57743350800024,2,Tesla T4,hybrid_w50,64,1,8.125,3.1796508260000564,4685.48828125,1378.34423828125,0.692128718000049,4685.48828125,22.25048828125,0.228528955999991,4685.48828125,32,32,64,0.6074,"{""anomaly"": 0.6074}",0.8937630585153558,0.6248325105208212,1.7350833415985107,0.6074,0.6259,0.6120000000000001,0.595,
p0_hybrid_visa|macaroni2|dinov2_s|hybrid_w50|64|2,p0_hybrid_visa,macaroni2,dinov2_s,900,200,100,1024,41.57743350800024,2,Tesla T4,hybrid_w50,64,2,8.125,3.283158618000016,4685.48828125,1378.34423828125,0.6943753309999465,4685.48828125,22.25048828125,0.2258981179999182,4685.48828125,32,32,64,0.5999,"{""anomaly"": 0.5999}",0.8880934919476319,0.5708614103979259,1.6643351316452026,0.5999,0.5876,0.5569,0.5541,
p0_hybrid_visa|macaroni2|dinov2_s|hybrid_w50|256|0,p0_hybrid_visa,macaroni2,dinov2_s,900,200,100,1024,41.57743350800024,2,Tesla T4,hybrid_w50,256,0,8.125,12.802126319000081,4685.48828125,1427.89111328125,1.6478228089999902,4685.48828125,28.5322265625,0.23528867300001366,4685.48828125,128,128,256,0.7092,"{""anomaly"": 0.7092}",0.9460429711595928,0.7641123157128442,2.2984020709991455,0.7092,0.7041999999999998,0.6802999999999999,0.6475999999999998,
p0_hybrid_visa|macaroni2|dinov2_s|hybrid_w50|256|1,p0_hybrid_visa,macaroni2,dinov2_s,900,200,100,1024,41.57743350800024,2,Tesla T4,hybrid_w50,256,1,8.125,10.442174844999954,4685.48828125,1427.89111328125,1.7636613339999485,4685.48828125,28.5322265625,0.303608478000001,4685.48828125,128,128,256,0.7317,"{""anomaly"": 0.7317}",0.9525198433344388,0.8012249097977178,2.390263080596924,0.7317,0.7457,0.7299,0.6686000000000001,
p0_hybrid_visa|macaroni2|dinov2_s|hybrid_w50|256|2,p0_hybrid_visa,macaroni2,dinov2_s,900,200,100,1024,41.57743350800024,2,Tesla T4,hybrid_w50,256,2,8.125,12.937071433000028,4685.48828125,1427.89111328125,1.7103108609999254,4685.48828125,28.5322265625,0.23553728199999568,4685.48828125,128,128,256,0.711,"{""anomaly"": 0.711}",0.9459608546764153,0.7590270342713833,2.2976813316345215,0.711,0.6921999999999999,0.6525,0.6309,
p0_hybrid_visa|macaroni2|dinov2_s|hybrid_w50|1024|0,p0_hybrid_visa,macaroni2,dinov2_s,900,200,100,1024,41.57743350800024,2,Tesla T4,hybrid_w50,1024,0,8.125,47.31642025100007,4685.48828125,1999.080078125,5.53264730300009,4685.48828125,63.66015625,0.2673901029999115,4685.48828125,512,512,1024,0.7892000000000001,"{""anomaly"": 0.7892000000000001}",0.9667516170759792,0.8487745491226151,2.7643983364105225,0.7892000000000001,0.7761,0.7299,0.6738000000000001,
p0_hybrid_visa|macaroni2|dinov2_s|hybrid_w50|1024|1,p0_hybrid_visa,macaroni2,dinov2_s,900,200,100,1024,41.57743350800024,2,Tesla T4,hybrid_w50,1024,1,8.125,45.49045875500008,4685.48828125,1999.080078125,5.482698961999972,4685.48828125,63.66015625,0.3601369360000035,4685.48828125,512,512,1024,0.7902,"{""anomaly"": 0.7902}",0.965028790651611,0.8436973198038815,2.779437303543091,0.7902,0.7753000000000001,0.7119,0.6413000000000001,
p0_hybrid_visa|macaroni2|dinov2_s|hybrid_w50|1024|2,p0_hybrid_visa,macaroni2,dinov2_s,900,200,100,1024,41.57743350800024,2,Tesla T4,hybrid_w50,1024,2,8.125,45.493785649000074,4685.48828125,1999.080078125,5.4367686729999605,4685.48828125,63.66015625,0.270186777000049,4685.48828125,512,512,1024,0.777,"{""anomaly"": 0.777}",0.9651269894571954,0.8321494249255622,2.7093169689178467,0.777,0.772,0.7262000000000001,0.6579999999999999,
p0_hybrid_visa|pcb1|dinov2_s|hybrid_w50|64|0,p0_hybrid_visa,pcb1,dinov2_s,904,200,100,1024,25.481998412999474,2,Tesla T4,hybrid_w50,64,0,8.125,3.305307692000042,4699.48828125,1384.85986328125,0.7096524410000029,4699.48828125,22.25048828125,0.23539630599998418,4699.48828125,32,32,64,0.9011999999999999,"{""anomaly"": 0.9011999999999999}",0.9921257241941869,0.8753902370087724,4.644778251647949,0.9011999999999999,0.9238999999999999,0.9362,0.9397,
p0_hybrid_visa|pcb1|dinov2_s|hybrid_w50|64|1,p0_hybrid_visa,pcb1,dinov2_s,904,200,100,1024,25.481998412999474,2,Tesla T4,hybrid_w50,64,1,8.125,3.8159260510000195,4699.48828125,1384.85986328125,0.7090063429999418,4699.48828125,22.25048828125,0.2409157539999569,4699.48828125,32,32,64,0.8779,"{""anomaly"": 0.8779}",0.9910574812387691,0.877557386202148,4.630349636077881,0.8779,0.8891,0.9035,0.9142,
p0_hybrid_visa|pcb1|dinov2_s|hybrid_w50|64|2,p0_hybrid_visa,pcb1,dinov2_s,904,200,100,1024,25.481998412999474,2,Tesla T4,hybrid_w50,64,2,8.125,5.699730030000069,4699.48828125,1384.85986328125,0.8214214859999629,4699.48828125,22.25048828125,0.22451048900006754,4699.48828125,32,32,64,0.6289,"{""anomaly"": 0.6289}",0.9888289601099228,0.8287731993725084,4.448272228240967,0.6289,0.6544000000000001,0.7365,0.8089000000000001,
p0_hybrid_visa|pcb1|dinov2_s|hybrid_w50|256|0,p0_hybrid_visa,pcb1,dinov2_s,904,200,100,1024,25.481998412999474,2,Tesla T4,hybrid_w50,256,0,8.125,13.348165288000018,4699.48828125,1435.90673828125,1.6529693939999106,4699.48828125,28.5322265625,0.24975277099997584,4699.48828125,128,128,256,0.9185000000000001,"{""anomaly"": 0.9185000000000001}",0.9928997837942242,0.8663493243530189,6.459138870239258,0.9185000000000001,0.9336,0.9468,0.9552999999999999,
p0_hybrid_visa|pcb1|dinov2_s|hybrid_w50|256|1,p0_hybrid_visa,pcb1,dinov2_s,904,200,100,1024,25.481998412999474,2,Tesla T4,hybrid_w50,256,1,8.125,11.917740856999899,4699.48828125,1435.90673828125,1.6514301729999943,4699.48828125,28.5322265625,0.24265752600001633,4699.48828125,128,128,256,0.9195,"{""anomaly"": 0.9195}",0.993162670712134,0.8759428058523008,6.497777462005615,0.9195,0.9398,0.9509000000000001,0.9605000000000001,
p0_hybrid_visa|pcb1|dinov2_s|hybrid_w50|256|2,p0_hybrid_visa,pcb1,dinov2_s,904,200,100,1024,25.481998412999474,2,Tesla T4,hybrid_w50,256,2,8.125,11.595407554000076,4699.48828125,1435.90673828125,1.7465622110000822,4699.48828125,28.5322265625,0.227186440999958,4699.48828125,128,128,256,0.9245000000000001,"{""anomaly"": 0.9245000000000001}",0.9928080153766463,0.8830098693858676,6.206482887268066,0.9245000000000001,0.9488,0.9718,0.9689000000000001,
p0_hybrid_visa|pcb1|dinov2_s|hybrid_w50|1024|0,p0_hybrid_visa,pcb1,dinov2_s,904,200,100,1024,25.481998412999474,2,Tesla T4,hybrid_w50,1024,0,8.125,44.690266651,4699.48828125,2001.095703125,5.488175776000048,4699.48828125,63.66015625,0.3597561060000771,4699.48828125,512,512,1024,0.9567,"{""anomaly"": 0.9567}",0.9952952589351438,0.8985132443288367,7.748177528381348,0.9567,0.9615,0.9654,0.9637,
p0_hybrid_visa|pcb1|dinov2_s|hybrid_w50|1024|1,p0_hybrid_visa,pcb1,dinov2_s,904,200,100,1024,25.481998412999474,2,Tesla T4,hybrid_w50,1024,1,8.125,42.10057794199997,4699.48828125,2001.095703125,5.558925381000108,4699.48828125,63.66015625,0.3040901900000108,4699.48828125,512,512,1024,0.9423,"{""anomaly"": 0.9423}",0.9950272409195815,0.8904215352792892,7.671505451202393,0.9423,0.9571,0.9643999999999999,0.9650000000000001,
p0_hybrid_visa|pcb1|dinov2_s|hybrid_w50|1024|2,p0_hybrid_visa,pcb1,dinov2_s,904,200,100,1024,25.481998412999474,2,Tesla T4,hybrid_w50,1024,2,8.125,44.804171483000005,4699.48828125,2001.095703125,5.5253239329999815,4699.48828125,63.66015625,0.3067208589998245,4699.48828125,512,512,1024,0.9557,"{""anomaly"": 0.9557}",0.9953910952267595,0.8914823577112163,7.8667216300964355,0.9557,0.9591000000000001,0.9597,0.9588,
p0_hybrid_visa|pcb2|dinov2_s|hybrid_w50|64|0,p0_hybrid_visa,pcb2,dinov2_s,901,200,100,1024,24.56067745099972,2,Tesla T4,hybrid_w50,64,0,8.125,3.1499673240000448,4699.48828125,1379.97314453125,0.793092420999983,4699.48828125,22.25048828125,0.32072352399995907,4699.48828125,32,32,64,0.7531,"{""anomaly"": 0.7531}",0.883158617530758,0.57944400879325,2.2044413089752197,0.7531,0.7874,0.8012,0.7967,
p0_hybrid_visa|pcb2|dinov2_s|hybrid_w50|64|1,p0_hybrid_visa,pcb2,dinov2_s,901,200,100,1024,24.56067745099972,2,Tesla T4,hybrid_w50,64,1,8.125,3.0511820909998733,4699.48828125,1379.97314453125,0.6904877869999382,4699.48828125,22.25048828125,0.25094620799995937,4699.48828125,32,32,64,0.7817999999999999,"{""anomaly"": 0.7817999999999999}",0.9041975061645491,0.6232315208792021,2.2846181392669678,0.7817999999999999,0.8003,0.7942,0.7906,
p0_hybrid_visa|pcb2|dinov2_s|hybrid_w50|64|2,p0_hybrid_visa,pcb2,dinov2_s,901,200,100,1024,24.56067745099972,2,Tesla T4,hybrid_w50,64,2,8.125,3.086307166000097,4699.48828125,1379.97314453125,0.6928396739999698,4699.48828125,22.25048828125,0.25069507200009866,4699.48828125,32,32,64,0.7547,"{""anomaly"": 0.7547}",0.8769953034167743,0.5532685182507898,2.145982503890991,0.7547,0.7914,0.8003000000000001,0.8073,
p0_hybrid_visa|pcb2|dinov2_s|hybrid_w50|256|0,p0_hybrid_visa,pcb2,dinov2_s,901,200,100,1024,24.56067745099972,2,Tesla T4,hybrid_w50,256,0,8.125,13.1001907509999,4699.48828125,1429.89501953125,1.6426507069998024,4699.48828125,28.5322265625,0.25128477899988866,4699.48828125,128,128,256,0.8488,"{""anomaly"": 0.8488}",0.943465422937015,0.6865468438367799,3.2071497440338135,0.8488,0.8760999999999999,0.8774,0.8593,
p0_hybrid_visa|pcb2|dinov2_s|hybrid_w50|256|1,p0_hybrid_visa,pcb2,dinov2_s,901,200,100,1024,24.56067745099972,2,Tesla T4,hybrid_w50,256,1,8.125,10.068950599000118,4699.48828125,1429.89501953125,1.7505387319999954,4699.48828125,28.5322265625,0.31640666599992073,4699.48828125,128,128,256,0.8505,"{""anomaly"": 0.8505}",0.9412763056185284,0.690785198207927,3.1512038707733154,0.8505,0.8873,0.8778,0.8482,
p0_hybrid_visa|pcb2|dinov2_s|hybrid_w50|256|2,p0_hybrid_visa,pcb2,dinov2_s,901,200,100,1024,24.56067745099972,2,Tesla T4,hybrid_w50,256,2,8.125,12.62824069599992,4699.48828125,1429.89501953125,1.666434357000071,4699.48828125,28.5322265625,0.24710977199993067,4699.48828125,128,128,256,0.8808,"{""anomaly"": 0.8808}",0.9414353932312822,0.7089763441453449,3.227116823196411,0.8808,0.8927999999999999,0.8829,0.8577000000000001,
p0_hybrid_visa|pcb2|dinov2_s|hybrid_w50|1024|0,p0_hybrid_visa,pcb2,dinov2_s,901,200,100,1024,24.56067745099972,2,Tesla T4,hybrid_w50,1024,0,8.125,45.09415569399994,4699.48828125,1999.583984375,5.4460571399999935,4699.48828125,63.66015625,0.360332709999966,4699.48828125,512,512,1024,0.9136,"{""anomaly"": 0.9136}",0.9651254617992925,0.7441706599989122,4.118777275085449,0.9136,0.9165000000000001,0.8936000000000001,0.8732,
p0_hybrid_visa|pcb2|dinov2_s|hybrid_w50|1024|1,p0_hybrid_visa,pcb2,dinov2_s,901,200,100,1024,24.56067745099972,2,Tesla T4,hybrid_w50,1024,1,8.125,43.54740566999999,4699.48828125,1999.583984375,5.433745034999902,4699.48828125,63.66015625,0.27274791800005005,4699.48828125,512,512,1024,0.9024,"{""anomaly"": 0.9024}",0.9654505137772816,0.7409526246011071,4.084830284118652,0.9024,0.9070000000000001,0.9004,0.8835999999999999,
p0_hybrid_visa|pcb2|dinov2_s|hybrid_w50|1024|2,p0_hybrid_visa,pcb2,dinov2_s,901,200,100,1024,24.56067745099972,2,Tesla T4,hybrid_w50,1024,2,8.125,42.405963378000024,4699.48828125,1999.583984375,5.484091278000051,4699.48828125,63.66015625,0.27038984199998595,4699.48828125,512,512,1024,0.9194,"{""anomaly"": 0.9194}",0.9638310011955351,0.7488026871851843,4.099822044372559,0.9194,0.9177,0.9098,0.8841,
p0_hybrid_visa|pcb3|dinov2_s|hybrid_w50|64|0,p0_hybrid_visa,pcb3,dinov2_s,905,201,100,1024,21.150646958999914,2,Tesla T4,hybrid_w50,64,0,8.125,5.974661326999922,4699.48828125,1386.48876953125,0.702997532000154,4699.48828125,22.25048828125,0.22688414499998544,4699.48828125,32,32,64,0.739009900990099,"{""anomaly"": 0.739009900990099}",0.9279092624417444,0.5342597632890886,2.6737754344940186,0.739009900990099,0.7755445544554456,0.8138613861386139,0.821089108910891,
p0_hybrid_visa|pcb3|dinov2_s|hybrid_w50|64|1,p0_hybrid_visa,pcb3,dinov2_s,905,201,100,1024,21.150646958999914,2,Tesla T4,hybrid_w50,64,1,8.125,3.3996112160000393,4699.48828125,1386.48876953125,0.7369106010000905,4699.48828125,22.25048828125,0.30021683499990104,4699.48828125,32,32,64,0.6526732673267327,"{""anomaly"": 0.6526732673267327}",0.9423082258067842,0.5734302891670803,2.8171446323394775,0.6526732673267327,0.7101980198019803,0.7457425742574257,0.7766336633663367,
p0_hybrid_visa|pcb3|dinov2_s|hybrid_w50|64|2,p0_hybrid_visa,pcb3,dinov2_s,905,201,100,1024,21.150646958999914,2,Tesla T4,hybrid_w50,64,2,8.125,3.255260333000024,4699.48828125,1386.48876953125,0.7106880410001395,4699.48828125,22.25048828125,0.2323649249999562,4699.48828125,32,32,64,0.6773267326732673,"{""anomaly"": 0.6773267326732673}",0.9410382149127616,0.6093832029727219,2.720761299133301,0.6773267326732673,0.7347524752475247,0.7966336633663367,0.8059405940594059,
p0_hybrid_visa|pcb3|dinov2_s|hybrid_w50|256|0,p0_hybrid_visa,pcb3,dinov2_s,905,201,100,1024,21.150646958999914,2,Tesla T4,hybrid_w50,256,0,8.125,9.98560600399992,4699.48828125,1437.91064453125,1.6832719360002102,4699.48828125,28.5322265625,0.3382414930001687,4699.48828125,128,128,256,0.8666336633663366,"{""anomaly"": 0.8666336633663366}",0.961502582014309,0.6429962071969131,3.6367671489715576,0.8666336633663366,0.885049504950495,0.8946534653465346,0.895148514851485,
p0_hybrid_visa|pcb3|dinov2_s|hybrid_w50|256|1,p0_hybrid_visa,pcb3,dinov2_s,905,201,100,1024,21.150646958999914,2,Tesla T4,hybrid_w50,256,1,8.125,12.262493230000018,4699.48828125,1437.91064453125,1.669046569000102,4699.48828125,28.5322265625,0.25236363500016523,4699.48828125,128,128,256,0.8828712871287128,"{""anomaly"": 0.8828712871287128}",0.9666640179573214,0.6728313569407735,3.779062271118164,0.8828712871287128,0.8912871287128713,0.9003960396039604,0.8824752475247525,
p0_hybrid_visa|pcb3|dinov2_s|hybrid_w50|256|2,p0_hybrid_visa,pcb3,dinov2_s,905,201,100,1024,21.150646958999914,2,Tesla T4,hybrid_w50,256,2,8.125,13.885287932999972,4699.48828125,1437.91064453125,1.6528735320000578,4699.48828125,28.5322265625,0.2302453009999681,4699.48828125,128,128,256,0.8524752475247526,"{""anomaly"": 0.8524752475247526}",0.9661626146134402,0.6867225557818464,3.8314149379730225,0.8524752475247526,0.8831683168316831,0.9072277227722773,0.8975247524752475,
p0_hybrid_visa|pcb3|dinov2_s|hybrid_w50|1024|0,p0_hybrid_visa,pcb3,dinov2_s,905,201,100,1024,21.150646958999914,2,Tesla T4,hybrid_w50,1024,0,8.125,41.85691378000001,4699.48828125,2001.599609375,5.5668247549999705,4699.48828125,63.66015625,0.2711102470000242,4699.48828125,512,512,1024,0.9469306930693069,"{""anomaly"": 0.9469306930693069}",0.9754524934138575,0.7373106174345726,4.322521209716797,0.9469306930693069,0.9481188118811882,0.9462376237623763,0.9196039603960395,
p0_hybrid_visa|pcb3|dinov2_s|hybrid_w50|1024|1,p0_hybrid_visa,pcb3,dinov2_s,905,201,100,1024,21.150646958999914,2,Tesla T4,hybrid_w50,1024,1,8.125,46.82781909999994,4699.48828125,2001.599609375,5.520199870999932,4699.48828125,63.66015625,0.36978443499992864,4699.48828125,512,512,1024,0.9340594059405941,"{""anomaly"": 0.9340594059405941}",0.9766790074202917,0.735968443807663,4.3308186531066895,0.9340594059405941,0.9483168316831684,0.9469306930693069,0.9178217821782179,
p0_hybrid_visa|pcb3|dinov2_s|hybrid_w50|1024|2,p0_hybrid_visa,pcb3,dinov2_s,905,201,100,1024,21.150646958999914,2,Tesla T4,hybrid_w50,1024,2,8.125,41.81783868499997,4699.48828125,2001.599609375,5.459457960999998,4699.48828125,63.66015625,0.26503921300013644,4699.48828125,512,512,1024,0.9495049504950495,"{""anomaly"": 0.9495049504950495}",0.9777452475057788,0.745791737088599,4.297633647918701,0.9495049504950495,0.9616831683168318,0.957029702970297,0.934059405940594,
p0_hybrid_visa|pcb4|dinov2_s|hybrid_w50|64|0,p0_hybrid_visa,pcb4,dinov2_s,904,201,100,1024,24.005561226999816,2,Tesla T4,hybrid_w50,64,0,8.125,3.167156537999972,4699.48828125,1384.85986328125,0.7074404649999906,4699.48828125,22.25048828125,0.2337408759999562,4699.48828125,32,32,64,0.7603960396039603,"{""anomaly"": 0.7603960396039603}",0.8755077688683635,0.5831870733223551,1.7158925533294678,0.7603960396039603,0.813069306930693,0.8395049504950495,0.8416831683168317,
p0_hybrid_visa|pcb4|dinov2_s|hybrid_w50|64|1,p0_hybrid_visa,pcb4,dinov2_s,904,201,100,1024,24.005561226999816,2,Tesla T4,hybrid_w50,64,1,8.125,3.625885746999984,4699.48828125,1384.85986328125,0.7046956740000496,4699.48828125,22.25048828125,0.23032075200012514,4699.48828125,32,32,64,0.7546534653465347,"{""anomaly"": 0.7546534653465347}",0.8788540005712451,0.5820726289097243,1.6969448328018188,0.7546534653465347,0.7971287128712872,0.8376237623762376,0.8611881188118812,
p0_hybrid_visa|pcb4|dinov2_s|hybrid_w50|64|2,p0_hybrid_visa,pcb4,dinov2_s,904,201,100,1024,24.005561226999816,2,Tesla T4,hybrid_w50,64,2,8.125,4.693606159999945,4699.48828125,1384.85986328125,0.7906299700000545,4699.48828125,22.25048828125,0.3140621939999164,4699.48828125,32,32,64,0.6973267326732674,"{""anomaly"": 0.6973267326732674}",0.8762227296234145,0.5720306575514134,1.7153170108795166,0.6973267326732674,0.7635643564356436,0.7912871287128713,0.7917821782178217,
p0_hybrid_visa|pcb4|dinov2_s|hybrid_w50|256|0,p0_hybrid_visa,pcb4,dinov2_s,904,201,100,1024,24.005561226999816,2,Tesla T4,hybrid_w50,256,0,8.125,12.628829171000007,4699.48828125,1435.90673828125,1.6455213429999276,4699.48828125,28.5322265625,0.23821359900011885,4699.48828125,128,128,256,0.9060396039603961,"{""anomaly"": 0.9060396039603961}",0.9429467703739398,0.7533914988907713,2.6558892726898193,0.9060396039603961,0.9286138613861387,0.9395049504950495,0.9276237623762376,
p0_hybrid_visa|pcb4|dinov2_s|hybrid_w50|256|1,p0_hybrid_visa,pcb4,dinov2_s,904,201,100,1024,24.005561226999816,2,Tesla T4,hybrid_w50,256,1,8.125,12.93178200300008,4699.48828125,1435.90673828125,1.6456796049999411,4699.48828125,28.5322265625,0.24369803399986267,4699.48828125,128,128,256,0.9474257425742574,"{""anomaly"": 0.9474257425742574}",0.9467701764098411,0.7566957016892359,2.8754847049713135,0.9474257425742574,0.9572277227722772,0.9653465346534653,0.957029702970297,
p0_hybrid_visa|pcb4|dinov2_s|hybrid_w50|256|2,p0_hybrid_visa,pcb4,dinov2_s,904,201,100,1024,24.005561226999816,2,Tesla T4,hybrid_w50,256,2,8.125,9.309997995999993,4699.48828125,1435.90673828125,1.6572146089999933,4699.48828125,28.5322265625,0.32254383200006487,4699.48828125,128,128,256,0.9275247524752475,"{""anomaly"": 0.9275247524752475}",0.9501119659225051,0.768129425331842,2.7329416275024414,0.9275247524752475,0.9431683168316832,0.9542574257425742,0.9499009900990099,
p0_hybrid_visa|pcb4|dinov2_s|hybrid_w50|1024|0,p0_hybrid_visa,pcb4,dinov2_s,904,201,100,1024,24.005561226999816,2,Tesla T4,hybrid_w50,1024,0,8.125,42.461590891000014,4699.48828125,2001.095703125,5.576276831999849,4699.48828125,63.66015625,0.2813503600000331,4699.48828125,512,512,1024,0.9692079207920793,"{""anomaly"": 0.9692079207920793}",0.9715557209087592,0.8526885164715636,3.445995807647705,0.9692079207920793,0.9756435643564356,0.9738613861386138,0.9622772277227722,
p0_hybrid_visa|pcb4|dinov2_s|hybrid_w50|1024|1,p0_hybrid_visa,pcb4,dinov2_s,904,201,100,1024,24.005561226999816,2,Tesla T4,hybrid_w50,1024,1,8.125,44.45239927400007,4699.48828125,2001.095703125,5.4702891650001675,4699.48828125,63.66015625,0.28071901099997376,4699.48828125,512,512,1024,0.9644554455445544,"{""anomaly"": 0.9644554455445544}",0.9710523670920288,0.8623148885741388,3.384021043777466,0.9644554455445544,0.9775247524752475,0.9723762376237624,0.9576237623762377,
p0_hybrid_visa|pcb4|dinov2_s|hybrid_w50|1024|2,p0_hybrid_visa,pcb4,dinov2_s,904,201,100,1024,24.005561226999816,2,Tesla T4,hybrid_w50,1024,2,8.125,45.753516579999996,4699.48828125,2001.095703125,5.488389279999865,4699.48828125,63.66015625,0.3495340879999276,4699.48828125,512,512,1024,0.9662376237623762,"{""anomaly"": 0.9662376237623762}",0.9704570743031466,0.8518393980611794,3.331482410430908,0.9662376237623762,0.9713861386138614,0.9693069306930693,0.9606930693069308,
p0_hybrid_visa|pipe_fryum|dinov2_s|hybrid_w50|64|0,p0_hybrid_visa,pipe_fryum,dinov2_s,450,150,100,1024,12.184461282000484,2,Tesla T4,hybrid_w50,64,0,8.125,5.49009069900012,4699.48828125,1001.3125,0.42217044599988185,4699.48828125,22.25048828125,0.16728912799999307,4699.48828125,32,32,64,0.8569999999999999,"{""anomaly"": 0.8569999999999999}",0.9923456636498744,0.9483577674452408,4.110986232757568,0.8569999999999999,0.8792,0.8950000000000001,0.8764,
p0_hybrid_visa|pipe_fryum|dinov2_s|hybrid_w50|64|1,p0_hybrid_visa,pipe_fryum,dinov2_s,450,150,100,1024,12.184461282000484,2,Tesla T4,hybrid_w50,64,1,8.125,3.0597155189998375,4699.48828125,1001.3125,0.35636409899984756,4699.48828125,22.25048828125,0.1662259710001308,4699.48828125,32,32,64,0.9424,"{""anomaly"": 0.9424}",0.9920388688152271,0.9451222244383733,4.043342113494873,0.9424,0.9421999999999999,0.9466,0.9286,
p0_hybrid_visa|pipe_fryum|dinov2_s|hybrid_w50|64|2,p0_hybrid_visa,pipe_fryum,dinov2_s,450,150,100,1024,12.184461282000484,2,Tesla T4,hybrid_w50,64,2,8.125,4.1882685390000916,4699.48828125,1001.3125,0.3655915819999791,4699.48828125,22.25048828125,0.1749983990000601,4699.48828125,32,32,64,0.9308,"{""anomaly"": 0.9308}",0.9919846575231671,0.9527620633927579,3.9750492572784424,0.9308,0.9436,0.9314000000000001,0.8938,
p0_hybrid_visa|pipe_fryum|dinov2_s|hybrid_w50|256|0,p0_hybrid_visa,pipe_fryum,dinov2_s,450,150,100,1024,12.184461282000484,2,Tesla T4,hybrid_w50,256,0,8.125,13.54952940499993,4699.48828125,1001.3125,0.8556726429999344,4699.48828125,28.5322265625,0.17187927100007983,4699.48828125,128,128,256,0.9936,"{""anomaly"": 0.9936}",0.9941243550561353,0.963609895879332,4.793020248413086,0.9936,0.9958,0.979,0.9448,
p0_hybrid_visa|pipe_fryum|dinov2_s|hybrid_w50|256|1,p0_hybrid_visa,pipe_fryum,dinov2_s,450,150,100,1024,12.184461282000484,2,Tesla T4,hybrid_w50,256,1,8.125,13.288249408000183,4699.48828125,1001.3125,0.8625318590000006,4699.48828125,28.5322265625,0.17558751900014613,4699.48828125,128,128,256,0.9922,"{""anomaly"": 0.9922}",0.9940265622522851,0.9598640195478225,4.776883125305176,0.9922,0.995,0.9858,0.9482,
p0_hybrid_visa|pipe_fryum|dinov2_s|hybrid_w50|256|2,p0_hybrid_visa,pipe_fryum,dinov2_s,450,150,100,1024,12.184461282000484,2,Tesla T4,hybrid_w50,256,2,8.125,9.909861122999928,4699.48828125,1001.3125,0.8550992570001199,4699.48828125,28.5322265625,0.17450182499987932,4699.48828125,128,128,256,0.9854,"{""anomaly"": 0.9854}",0.993822000322386,0.9637060981096812,4.730359077453613,0.9854,0.99,0.9722,0.9338,
p0_hybrid_visa|pipe_fryum|dinov2_s|hybrid_w50|1024|0,p0_hybrid_visa,pipe_fryum,dinov2_s,450,150,100,1024,12.184461282000484,2,Tesla T4,hybrid_w50,1024,0,8.125,43.731448453999974,4699.48828125,1524.080078125,2.7845637549999083,4699.48828125,63.66015625,0.20859918999985894,4699.48828125,512,512,1024,0.9942,"{""anomaly"": 0.9942}",0.9942084126553509,0.9655675599366909,5.040707588195801,0.9942,0.9947999999999999,0.983,0.9423999999999999,
p0_hybrid_visa|pipe_fryum|dinov2_s|hybrid_w50|1024|1,p0_hybrid_visa,pipe_fryum,dinov2_s,450,150,100,1024,12.184461282000484,2,Tesla T4,hybrid_w50,1024,1,8.125,43.74815820200001,4699.48828125,1524.080078125,2.75223857400033,4699.48828125,63.66015625,0.2323410259996308,4699.48828125,512,512,1024,0.9878,"{""anomaly"": 0.9878}",0.994451865211161,0.9656840492979887,5.08314847946167,0.9878,0.9897999999999999,0.98,0.9448,
p0_hybrid_visa|pipe_fryum|dinov2_s|hybrid_w50|1024|2,p0_hybrid_visa,pipe_fryum,dinov2_s,450,150,100,1024,12.184461282000484,2,Tesla T4,hybrid_w50,1024,2,8.125,45.29606386500018,4699.48828125,1524.080078125,2.7574417169998924,4699.48828125,63.66015625,0.2110865949998697,4699.48828125,512,512,1024,0.992,"{""anomaly"": 0.992}",0.9942869589697724,0.9686077807963932,5.073639869689941,0.992,0.9929999999999999,0.9828,0.9472,
p0_hybrid_visa|candle|dinov2_s|hybrid_w75|64|0,p0_hybrid_visa,candle,dinov2_s,900,200,100,1024,43.418640239999945,2,Tesla T4,hybrid_w75,64,0,8.125,5.705428172000211,4547.85546875,1386.60205078125,0.632551570999567,4547.85546875,22.25048828125,0.253878213000462,4547.85546875,48,16,64,0.8883000000000001,"{""anomaly"": 0.8883000000000001}",0.9720248328267146,0.9292264332607127,5.149190902709961,0.8883000000000001,0.9007,0.9090999999999999,0.9035,
p0_hybrid_visa|candle|dinov2_s|hybrid_w75|64|1,p0_hybrid_visa,candle,dinov2_s,900,200,100,1024,43.418640239999945,2,Tesla T4,hybrid_w75,64,1,8.125,3.914183826000226,4547.85546875,1386.60205078125,0.5443731479999769,4547.85546875,22.25048828125,0.22142167199945106,4547.85546875,48,16,64,0.8271999999999999,"{""anomaly"": 0.8271999999999999}",0.9792869560958127,0.9401406545344573,5.131390571594238,0.8271999999999999,0.8666000000000001,0.8838,0.8968,
p0_hybrid_visa|candle|dinov2_s|hybrid_w75|64|2,p0_hybrid_visa,candle,dinov2_s,900,200,100,1024,43.418640239999945,2,Tesla T4,hybrid_w75,64,2,8.125,4.245120030999715,4547.85546875,1386.60205078125,0.5441744729996572,4547.85546875,22.25048828125,0.21551725300014368,4547.85546875,48,16,64,0.8168,"{""anomaly"": 0.8168}",0.9720148290572005,0.9304726376933659,4.995386600494385,0.8168,0.859,0.896,0.9067,
p0_hybrid_visa|candle|dinov2_s|hybrid_w75|256|0,p0_hybrid_visa,candle,dinov2_s,900,200,100,1024,43.418640239999945,2,Tesla T4,hybrid_w75,256,0,8.125,15.186787992000063,4547.85546875,1460.9228515625,1.0324230400001397,4547.85546875,28.5322265625,0.21839072400052828,4547.85546875,192,64,256,0.8888,"{""anomaly"": 0.8888}",0.9863587200451239,0.9496244202686837,5.757821083068848,0.8888,0.9156,0.9249999999999998,0.923,
p0_hybrid_visa|candle|dinov2_s|hybrid_w75|256|1,p0_hybrid_visa,candle,dinov2_s,900,200,100,1024,43.418640239999945,2,Tesla T4,hybrid_w75,256,1,8.125,15.965657884999928,4547.85546875,1460.9228515625,1.0295640069998626,4547.85546875,28.5322265625,0.22377092399983667,4547.85546875,192,64,256,0.8757999999999999,"{""anomaly"": 0.8757999999999999}",0.9843326673789101,0.9516284132461996,5.608829498291016,0.8757999999999999,0.9017,0.9031,0.9077999999999999,
p0_hybrid_visa|candle|dinov2_s|hybrid_w75|256|2,p0_hybrid_visa,candle,dinov2_s,900,200,100,1024,43.418640239999945,2,Tesla T4,hybrid_w75,256,2,8.125,16.632681662000323,4547.85546875,1460.9228515625,1.039221493999321,4547.85546875,28.5322265625,0.22047705899967696,4547.85546875,192,64,256,0.9366,"{""anomaly"": 0.9366}",0.9860398017000745,0.9552662158898036,5.763904094696045,0.9366,0.9444,0.9400999999999999,0.9308,
p0_hybrid_visa|candle|dinov2_s|hybrid_w75|1024|0,p0_hybrid_visa,candle,dinov2_s,900,200,100,1024,43.418640239999945,2,Tesla T4,hybrid_w75,1024,0,8.125,60.313888599000165,4547.85546875,2767.2060546875,3.0003315880003356,4547.85546875,63.66015625,0.33519666900065204,4547.85546875,768,256,1024,0.9348000000000001,"{""anomaly"": 0.9348000000000001}",0.9904727469251914,0.9628943682164334,6.253164291381836,0.9348000000000001,0.9324,0.9386,0.9361,
p0_hybrid_visa|candle|dinov2_s|hybrid_w75|1024|1,p0_hybrid_visa,candle,dinov2_s,900,200,100,1024,43.418640239999945,2,Tesla T4,hybrid_w75,1024,1,8.125,61.24891729200044,4547.85546875,2767.2060546875,3.0074090649995924,4547.85546875,63.66015625,0.271305004000169,4547.85546875,768,256,1024,0.9049,"{""anomaly"": 0.9049}",0.9905152360123618,0.9636044423441511,6.1693525314331055,0.9049,0.9214,0.9321,0.9364,
p0_hybrid_visa|candle|dinov2_s|hybrid_w75|1024|2,p0_hybrid_visa,candle,dinov2_s,900,200,100,1024,43.418640239999945,2,Tesla T4,hybrid_w75,1024,2,8.125,60.55983098500019,4547.85546875,2767.2060546875,2.9982859600004304,4547.85546875,63.66015625,0.2620459130002928,4547.85546875,768,256,1024,0.9158999999999999,"{""anomaly"": 0.9158999999999999}",0.99092371285313,0.9644740673126739,6.239423751831055,0.9158999999999999,0.9271999999999999,0.9432,0.9456,
p0_hybrid_visa|capsules|dinov2_s|hybrid_w75|64|0,p0_hybrid_visa,capsules,dinov2_s,542,160,100,1024,15.854355777000137,2,Tesla T4,hybrid_w75,64,0,8.125,4.062221839999438,4547.85546875,1048.3125,0.33494315600000846,4547.85546875,22.25048828125,0.16333094600031473,4547.85546875,48,16,64,0.8713333333333333,"{""anomaly"": 0.8713333333333333}",0.9595951652047067,0.7929300494229273,4.062122821807861,0.8713333333333333,0.882,0.8996666666666667,0.9056666666666666,
p0_hybrid_visa|capsules|dinov2_s|hybrid_w75|64|1,p0_hybrid_visa,capsules,dinov2_s,542,160,100,1024,15.854355777000137,2,Tesla T4,hybrid_w75,64,1,8.125,4.140596297999764,4547.85546875,1048.3125,0.338628076000532,4547.85546875,22.25048828125,0.17192590099966765,4547.85546875,48,16,64,0.8783333333333333,"{""anomaly"": 0.8783333333333333}",0.9600864993747303,0.8150030586713816,4.068575382232666,0.8783333333333333,0.8988333333333334,0.9145,0.9186666666666665,
p0_hybrid_visa|capsules|dinov2_s|hybrid_w75|64|2,p0_hybrid_visa,capsules,dinov2_s,542,160,100,1024,15.854355777000137,2,Tesla T4,hybrid_w75,64,2,8.125,5.136597350000557,4547.85546875,1048.3125,0.37185137000051327,4547.85546875,22.25048828125,0.2129147189998548,4547.85546875,48,16,64,0.8813333333333333,"{""anomaly"": 0.8813333333333333}",0.9605978992133991,0.7983102823011061,4.068009376525879,0.8813333333333333,0.8965,0.9051666666666668,0.9011666666666667,
p0_hybrid_visa|capsules|dinov2_s|hybrid_w75|256|0,p0_hybrid_visa,capsules,dinov2_s,542,160,100,1024,15.854355777000137,2,Tesla T4,hybrid_w75,256,0,8.125,16.197870101000262,4547.85546875,1048.3125,0.634582025999407,4547.85546875,28.5322265625,0.16816747200027748,4547.85546875,192,64,256,0.95,"{""anomaly"": 0.95}",0.978643987771149,0.8935234178101009,4.808719158172607,0.95,0.9405,0.9355,0.9235,
p0_hybrid_visa|capsules|dinov2_s|hybrid_w75|256|1,p0_hybrid_visa,capsules,dinov2_s,542,160,100,1024,15.854355777000137,2,Tesla T4,hybrid_w75,256,1,8.125,16.466953841999384,4547.85546875,1048.3125,0.6837493089997224,4547.85546875,28.5322265625,0.22431025599962595,4547.85546875,192,64,256,0.9025,"{""anomaly"": 0.9025}",0.9798327881834683,0.8797014285249715,4.8054704666137695,0.9025,0.9089999999999999,0.917,0.9175,
p0_hybrid_visa|capsules|dinov2_s|hybrid_w75|256|2,p0_hybrid_visa,capsules,dinov2_s,542,160,100,1024,15.854355777000137,2,Tesla T4,hybrid_w75,256,2,8.125,16.84054907400059,4547.85546875,1048.3125,0.6268843879997803,4547.85546875,28.5322265625,0.17215515800035064,4547.85546875,192,64,256,0.927,"{""anomaly"": 0.927}",0.9779748805446522,0.8921925026478469,4.784287452697754,0.927,0.915,0.9143333333333332,0.9199999999999999,
p0_hybrid_visa|capsules|dinov2_s|hybrid_w75|1024|0,p0_hybrid_visa,capsules,dinov2_s,542,160,100,1024,15.854355777000137,2,Tesla T4,hybrid_w75,1024,0,8.125,59.426582692999546,4547.85546875,2587.8076171875,1.8364260469998044,4547.85546875,63.66015625,0.21884607999982109,4547.85546875,768,256,1024,0.9458333333333333,"{""anomaly"": 0.9458333333333333}",0.983690282045555,0.9019253775138175,5.19484806060791,0.9458333333333333,0.9506666666666665,0.9418333333333332,0.9313333333333333,
p0_hybrid_visa|capsules|dinov2_s|hybrid_w75|1024|1,p0_hybrid_visa,capsules,dinov2_s,542,160,100,1024,15.854355777000137,2,Tesla T4,hybrid_w75,1024,1,8.125,58.4763678420004,4547.85546875,2587.8076171875,1.8182450079993941,4547.85546875,63.66015625,0.22064543499982392,4547.85546875,768,256,1024,0.9356666666666668,"{""anomaly"": 0.9356666666666668}",0.9842814566722788,0.9173132494805147,5.333328723907471,0.9356666666666668,0.9484166666666667,0.9491666666666666,0.94,
p0_hybrid_visa|capsules|dinov2_s|hybrid_w75|1024|2,p0_hybrid_visa,capsules,dinov2_s,542,160,100,1024,15.854355777000137,2,Tesla T4,hybrid_w75,1024,2,8.125,61.99538666599983,4547.85546875,2587.8076171875,1.8263912480006184,4547.85546875,63.66015625,0.29552572800002963,4547.85546875,768,256,1024,0.9421666666666667,"{""anomaly"": 0.9421666666666667}",0.9832421490759072,0.9071405777137447,5.1980485916137695,0.9421666666666667,0.9483333333333334,0.9446666666666667,0.9403333333333334,
p0_hybrid_visa|cashew|dinov2_s|hybrid_w75|64|0,p0_hybrid_visa,cashew,dinov2_s,450,150,100,1024,14.186950927999987,2,Tesla T4,hybrid_w75,64,0,8.125,3.932251673000792,4547.85546875,1002.3125,0.2914536329999464,4547.85546875,22.25048828125,0.164604251000128,4547.85546875,48,16,64,0.9156,"{""anomaly"": 0.9156}",0.9927283652943398,0.9547705967346262,4.623178005218506,0.9156,0.9552,0.9685999999999999,0.9531999999999999,
p0_hybrid_visa|cashew|dinov2_s|hybrid_w75|64|1,p0_hybrid_visa,cashew,dinov2_s,450,150,100,1024,14.186950927999987,2,Tesla T4,hybrid_w75,64,1,8.125,7.088725255999634,4547.85546875,1002.3125,0.28102111000043806,4547.85546875,22.25048828125,0.1697848329995395,4547.85546875,48,16,64,0.875,"{""anomaly"": 0.875}",0.9931339651544114,0.9057931776796806,4.574554920196533,0.875,0.9200000000000002,0.9174,0.8972,
p0_hybrid_visa|cashew|dinov2_s|hybrid_w75|64|2,p0_hybrid_visa,cashew,dinov2_s,450,150,100,1024,14.186950927999987,2,Tesla T4,hybrid_w75,64,2,8.125,4.1903576999993675,4547.85546875,1002.3125,0.2815838070000609,4547.85546875,22.25048828125,0.17540317499970115,4547.85546875,48,16,64,0.8478000000000001,"{""anomaly"": 0.8478000000000001}",0.9916351156803225,0.897654530234641,4.471840858459473,0.8478000000000001,0.86,0.846,0.8298,
p0_hybrid_visa|cashew|dinov2_s|hybrid_w75|256|0,p0_hybrid_visa,cashew,dinov2_s,450,150,100,1024,14.186950927999987,2,Tesla T4,hybrid_w75,256,0,8.125,15.520810786999391,4547.85546875,1002.3125,0.5421454690003884,4547.85546875,28.5322265625,0.15577663099975325,4547.85546875,192,64,256,0.9272,"{""anomaly"": 0.9272}",0.9963361956485044,0.9497490020308001,5.767767906188965,0.9272,0.9426,0.9376,0.921,
p0_hybrid_visa|cashew|dinov2_s|hybrid_w75|256|1,p0_hybrid_visa,cashew,dinov2_s,450,150,100,1024,14.186950927999987,2,Tesla T4,hybrid_w75,256,1,8.125,15.845085482000286,4547.85546875,1002.3125,0.5443181129994628,4547.85546875,28.5322265625,0.1616574990002846,4547.85546875,192,64,256,0.921,"{""anomaly"": 0.921}",0.9961683900343805,0.9506972764406679,5.699411869049072,0.921,0.953,0.9528,0.9348,
p0_hybrid_visa|cashew|dinov2_s|hybrid_w75|256|2,p0_hybrid_visa,cashew,dinov2_s,450,150,100,1024,14.186950927999987,2,Tesla T4,hybrid_w75,256,2,8.125,15.49679972100057,4547.85546875,1002.3125,0.616978719999679,4547.85546875,28.5322265625,0.19718825299969467,4547.85546875,192,64,256,0.9064,"{""anomaly"": 0.9064}",0.9960648487546098,0.9510745893705671,5.671768665313721,0.9064,0.9336000000000001,0.9318,0.9226000000000001,
p0_hybrid_visa|cashew|dinov2_s|hybrid_w75|1024|0,p0_hybrid_visa,cashew,dinov2_s,450,150,100,1024,14.186950927999987,2,Tesla T4,hybrid_w75,1024,0,8.125,60.936096288000044,4547.85546875,2169.2060546875,1.5138938740001322,4547.85546875,63.66015625,0.20093178500064823,4547.85546875,768,256,1024,0.9561999999999999,"{""anomaly"": 0.9561999999999999}",0.997106318237131,0.9552036205431996,6.40062141418457,0.9561999999999999,0.9715999999999999,0.9708,0.9498,
p0_hybrid_visa|cashew|dinov2_s|hybrid_w75|1024|1,p0_hybrid_visa,cashew,dinov2_s,450,150,100,1024,14.186950927999987,2,Tesla T4,hybrid_w75,1024,1,8.125,59.8867667960003,4547.85546875,2169.2060546875,1.5723107590001746,4547.85546875,63.66015625,0.23182003300007636,4547.85546875,768,256,1024,0.9408,"{""anomaly"": 0.9408}",0.9970347054612899,0.9488930981696175,6.369520664215088,0.9408,0.9608,0.9648,0.9486,
p0_hybrid_visa|cashew|dinov2_s|hybrid_w75|1024|2,p0_hybrid_visa,cashew,dinov2_s,450,150,100,1024,14.186950927999987,2,Tesla T4,hybrid_w75,1024,2,8.125,59.759883821000585,4547.85546875,2169.2060546875,1.512636809000469,4547.85546875,63.66015625,0.19405488500069623,4547.85546875,768,256,1024,0.9476,"{""anomaly"": 0.9476}",0.9970153205252368,0.9545115317401924,6.382777690887451,0.9476,0.9638,0.9732000000000001,0.9571999999999999,
p0_hybrid_visa|chewinggum|dinov2_s|hybrid_w75|64|0,p0_hybrid_visa,chewinggum,dinov2_s,453,150,100,1024,12.261313721000079,2,Tesla T4,hybrid_w75,64,0,8.125,4.3940348670003,4547.85546875,1002.8125,0.3184327159997338,4547.85546875,22.25048828125,0.2262022610002532,4547.85546875,48,16,64,0.9834,"{""anomaly"": 0.9834}",0.9951240692007017,0.9232422562903346,7.127652645111084,0.9834,0.985,0.9876,0.9848,
p0_hybrid_visa|chewinggum|dinov2_s|hybrid_w75|64|1,p0_hybrid_visa,chewinggum,dinov2_s,453,150,100,1024,12.261313721000079,2,Tesla T4,hybrid_w75,64,1,8.125,3.8576358270001947,4547.85546875,1002.8125,0.2761576619996049,4547.85546875,22.25048828125,0.1680607570006032,4547.85546875,48,16,64,0.9776,"{""anomaly"": 0.9776}",0.9944581729512835,0.9108480255313294,7.173766613006592,0.9776,0.9792,0.9818,0.9822,
p0_hybrid_visa|chewinggum|dinov2_s|hybrid_w75|64|2,p0_hybrid_visa,chewinggum,dinov2_s,453,150,100,1024,12.261313721000079,2,Tesla T4,hybrid_w75,64,2,8.125,6.136306299000353,4547.85546875,1002.8125,0.2788129089994982,4547.85546875,22.25048828125,0.17299602099956246,4547.85546875,48,16,64,0.971,"{""anomaly"": 0.971}",0.9945158504722288,0.9122241340414882,7.162538051605225,0.971,0.9782,0.9820000000000001,0.9845999999999999,
p0_hybrid_visa|chewinggum|dinov2_s|hybrid_w75|256|0,p0_hybrid_visa,chewinggum,dinov2_s,453,150,100,1024,12.261313721000079,2,Tesla T4,hybrid_w75,256,0,8.125,15.817243231999782,4547.85546875,1002.8125,0.5379605669995726,4547.85546875,28.5322265625,0.16084868399957486,4547.85546875,192,64,256,0.9885999999999999,"{""anomaly"": 0.9885999999999999}",0.994348503820919,0.9212304095479287,7.732302665710449,0.9885999999999999,0.9904,0.9905999999999999,0.9870000000000001,
p0_hybrid_visa|chewinggum|dinov2_s|hybrid_w75|256|1,p0_hybrid_visa,chewinggum,dinov2_s,453,150,100,1024,12.261313721000079,2,Tesla T4,hybrid_w75,256,1,8.125,14.821399765000024,4547.85546875,1002.8125,0.6123103070003708,4547.85546875,28.5322265625,0.24316164900028525,4547.85546875,192,64,256,0.979,"{""anomaly"": 0.979}",0.9940034649004259,0.9150799244913845,7.497209072113037,0.979,0.9812,0.9842000000000001,0.9742,
p0_hybrid_visa|chewinggum|dinov2_s|hybrid_w75|256|2,p0_hybrid_visa,chewinggum,dinov2_s,453,150,100,1024,12.261313721000079,2,Tesla T4,hybrid_w75,256,2,8.125,15.543220794000263,4547.85546875,1002.8125,0.5307851029992889,4547.85546875,28.5322265625,0.15336355100043875,4547.85546875,192,64,256,0.9836,"{""anomaly"": 0.9836}",0.9931020089165561,0.9180144392758565,7.513208389282227,0.9836,0.9858,0.9866,0.9792,
p0_hybrid_visa|chewinggum|dinov2_s|hybrid_w75|1024|0,p0_hybrid_visa,chewinggum,dinov2_s,453,150,100,1024,12.261313721000079,2,Tesla T4,hybrid_w75,1024,0,0.0,67.180232203,2704.45703125,2188.7294921875,1.9268015609999907,2704.45703125,63.66015625,0.2998297149999871,2704.45703125,768,256,1024,0.988,"{""anomaly"": 0.988}",0.9932111345604268,0.9126947397391355,7.388055324554443,0.988,0.9878,0.986,0.982,
p0_hybrid_visa|chewinggum|dinov2_s|hybrid_w75|1024|1,p0_hybrid_visa,chewinggum,dinov2_s,453,150,100,1024,12.261313721000079,2,Tesla T4,hybrid_w75,1024,1,8.125,61.93346721200004,3073.265625,2188.7294921875,1.5512445250000155,3073.265625,63.66015625,0.2026560670000208,3073.265625,768,256,1024,0.9764,"{""anomaly"": 0.9764}",0.9929712605206018,0.9112639669870236,7.548304557800293,0.9764,0.9812000000000001,0.9842,0.9826,
p0_hybrid_visa|chewinggum|dinov2_s|hybrid_w75|1024|2,p0_hybrid_visa,chewinggum,dinov2_s,453,150,100,1024,12.261313721000079,2,Tesla T4,hybrid_w75,1024,2,8.125,68.68923402000001,3082.4296875,2188.7294921875,1.5576750279999487,3082.4296875,63.66015625,0.20617542200000116,3082.4296875,768,256,1024,0.9780000000000001,"{""anomaly"": 0.9780000000000001}",0.9932860672380827,0.9148058228543626,7.302248001098633,0.9780000000000001,0.9776000000000001,0.9782000000000001,0.9775999999999999,
p0_hybrid_visa|fryum|dinov2_s|hybrid_w75|64|0,p0_hybrid_visa,fryum,dinov2_s,450,150,100,1024,29.654036887999837,2,Tesla T4,hybrid_w75,64,0,8.125,4.1843033860000105,3082.4296875,1001.3125,0.31069396300006247,3082.4296875,22.25048828125,0.16866958399998566,3082.4296875,48,16,64,0.8907999999999999,"{""anomaly"": 0.8907999999999999}",0.8700620191677897,0.7175374807924517,2.010024070739746,0.8907999999999999,0.901,0.9012,0.8874,
p0_hybrid_visa|fryum|dinov2_s|hybrid_w75|64|1,p0_hybrid_visa,fryum,dinov2_s,450,150,100,1024,29.654036887999837,2,Tesla T4,hybrid_w75,64,1,8.125,5.427263533999962,3082.4296875,1001.3125,0.28728139100007866,3082.4296875,22.25048828125,0.16189813300002243,3082.4296875,48,16,64,0.8946,"{""anomaly"": 0.8946}",0.8566697111679779,0.7356796545561325,1.9205424785614014,0.8946,0.9004,0.8874,0.8672000000000001,
p0_hybrid_visa|fryum|dinov2_s|hybrid_w75|64|2,p0_hybrid_visa,fryum,dinov2_s,450,150,100,1024,29.654036887999837,2,Tesla T4,hybrid_w75,64,2,8.125,4.7154929229999425,3082.4296875,1001.3125,0.3503457109999317,3082.4296875,22.25048828125,0.23843244299996513,3082.4296875,48,16,64,0.895,"{""anomaly"": 0.895}",0.8635520004429589,0.7291235823612497,1.9907453060150146,0.895,0.9024,0.9057999999999999,0.8997999999999999,
p0_hybrid_visa|fryum|dinov2_s|hybrid_w75|256|0,p0_hybrid_visa,fryum,dinov2_s,450,150,100,1024,29.654036887999837,2,Tesla T4,hybrid_w75,256,0,8.125,16.383448203999933,3082.4296875,1001.3125,0.5385256949999757,3082.4296875,28.5322265625,0.1646899670000721,3082.4296875,192,64,256,0.9114,"{""anomaly"": 0.9114}",0.9225096434746517,0.7775068166132433,2.5411081314086914,0.9114,0.9218,0.9144,0.8924,
p0_hybrid_visa|fryum|dinov2_s|hybrid_w75|256|1,p0_hybrid_visa,fryum,dinov2_s,450,150,100,1024,29.654036887999837,2,Tesla T4,hybrid_w75,256,1,8.125,16.796970670000064,3082.4296875,1001.3125,0.5472395919999826,3082.4296875,28.5322265625,0.2246761950000291,3082.4296875,192,64,256,0.9616,"{""anomaly"": 0.9616}",0.9261636557789181,0.8122572700040579,2.567215919494629,0.9616,0.956,0.9249999999999999,0.8976,
p0_hybrid_visa|fryum|dinov2_s|hybrid_w75|256|2,p0_hybrid_visa,fryum,dinov2_s,450,150,100,1024,29.654036887999837,2,Tesla T4,hybrid_w75,256,2,8.125,16.91532392900001,3082.4296875,1001.3125,0.5369563609999659,3082.4296875,28.5322265625,0.1719077530000277,3082.4296875,192,64,256,0.9479999999999998,"{""anomaly"": 0.9479999999999998}",0.9220832261415959,0.7938912591541208,2.572343349456787,0.9479999999999998,0.9498,0.9410000000000001,0.9166000000000001,
p0_hybrid_visa|fryum|dinov2_s|hybrid_w75|1024|0,p0_hybrid_visa,fryum,dinov2_s,450,150,100,1024,29.654036887999837,2,Tesla T4,hybrid_w75,1024,0,8.125,65.09692807500005,3082.4296875,2168.2060546875,1.638186668000003,3082.4296875,63.66015625,0.26301638900008584,3082.4296875,768,256,1024,0.9630000000000001,"{""anomaly"": 0.9630000000000001}",0.9391727523691078,0.8034955757281947,2.831760883331299,0.9630000000000001,0.9654,0.9516,0.9254,
p0_hybrid_visa|fryum|dinov2_s|hybrid_w75|1024|1,p0_hybrid_visa,fryum,dinov2_s,450,150,100,1024,29.654036887999837,2,Tesla T4,hybrid_w75,1024,1,8.125,61.44392604300003,3082.4296875,2168.2060546875,1.5389431889999514,3082.4296875,63.66015625,0.20538535399998636,3082.4296875,768,256,1024,0.9594,"{""anomaly"": 0.9594}",0.9408823541970659,0.8100935022534306,2.8492724895477295,0.9594,0.9656,0.9418000000000001,0.9239999999999999,
p0_hybrid_visa|fryum|dinov2_s|hybrid_w75|1024|2,p0_hybrid_visa,fryum,dinov2_s,450,150,100,1024,29.654036887999837,2,Tesla T4,hybrid_w75,1024,2,8.125,64.93974791300002,3082.4296875,2168.2060546875,1.6264510820000169,3082.4296875,63.66015625,0.24200321000000713,3082.4296875,768,256,1024,0.954,"{""anomaly"": 0.954}",0.9405982371511745,0.8112239682287197,2.8410871028900146,0.954,0.9520000000000001,0.9428,0.9292,
p0_hybrid_visa|macaroni1|dinov2_s|hybrid_w75|64|0,p0_hybrid_visa,macaroni1,dinov2_s,900,200,100,1024,20.853066430000126,2,Tesla T4,hybrid_w75,64,0,8.125,3.8421738399999867,4664.8046875,1386.60205078125,0.5492319650001036,4664.8046875,22.25048828125,0.224468891000015,4664.8046875,48,16,64,0.751,"{""anomaly"": 0.751}",0.8926745041419422,0.6717928640135373,2.3090920448303223,0.751,0.7687999999999999,0.759,0.7366,
p0_hybrid_visa|macaroni1|dinov2_s|hybrid_w75|64|1,p0_hybrid_visa,macaroni1,dinov2_s,900,200,100,1024,20.853066430000126,2,Tesla T4,hybrid_w75,64,1,8.125,7.599804864000021,4664.8046875,1386.60205078125,0.5452510310000207,4664.8046875,22.25048828125,0.2406262130000414,4664.8046875,48,16,64,0.7593000000000001,"{""anomaly"": 0.7593000000000001}",0.9069454733449068,0.6721376921515161,2.2403900623321533,0.7593000000000001,0.7882000000000001,0.7837,0.7531,
p0_hybrid_visa|macaroni1|dinov2_s|hybrid_w75|64|2,p0_hybrid_visa,macaroni1,dinov2_s,900,200,100,1024,20.853066430000126,2,Tesla T4,hybrid_w75,64,2,8.125,7.036841302000084,4664.8046875,1386.60205078125,0.5554659900000161,4664.8046875,22.25048828125,0.23951321599997755,4664.8046875,48,16,64,0.7655,"{""anomaly"": 0.7655}",0.9100212722572653,0.72059770492421,2.438300132751465,0.7655,0.7504000000000002,0.7282,0.7136,
p0_hybrid_visa|macaroni1|dinov2_s|hybrid_w75|256|0,p0_hybrid_visa,macaroni1,dinov2_s,900,200,100,1024,20.853066430000126,2,Tesla T4,hybrid_w75,256,0,8.125,16.915709688999982,4664.8046875,1460.9228515625,1.0559780259999343,4664.8046875,28.5322265625,0.2265268080000169,4664.8046875,192,64,256,0.8646,"{""anomaly"": 0.8646}",0.9519333161186271,0.7900226900301491,3.104588747024536,0.8646,0.8583999999999999,0.826,0.7786,
p0_hybrid_visa|macaroni1|dinov2_s|hybrid_w75|256|1,p0_hybrid_visa,macaroni1,dinov2_s,900,200,100,1024,20.853066430000126,2,Tesla T4,hybrid_w75,256,1,8.125,16.778580262000105,4664.8046875,1460.9228515625,1.0571789599998738,4664.8046875,28.5322265625,0.26957558100002643,4664.8046875,192,64,256,0.8492999999999999,"{""anomaly"": 0.8492999999999999}",0.9489944423777225,0.7664905839380499,2.918201208114624,0.8492999999999999,0.86,0.8261000000000001,0.7764,
p0_hybrid_visa|macaroni1|dinov2_s|hybrid_w75|256|2,p0_hybrid_visa,macaroni1,dinov2_s,900,200,100,1024,20.853066430000126,2,Tesla T4,hybrid_w75,256,2,8.125,16.9377770640001,4664.8046875,1460.9228515625,1.1246702949999872,4664.8046875,28.5322265625,0.3349814069999866,4664.8046875,192,64,256,0.8765000000000001,"{""anomaly"": 0.8765000000000001}",0.9547933088076952,0.7995335510293797,3.105461597442627,0.8765000000000001,0.8724000000000001,0.8279,0.7701,
p0_hybrid_visa|macaroni1|dinov2_s|hybrid_w75|1024|0,p0_hybrid_visa,macaroni1,dinov2_s,900,200,100,1024,20.853066430000126,2,Tesla T4,hybrid_w75,1024,0,8.125,60.566004494000026,4664.8046875,2767.2060546875,3.0364989249999326,4664.8046875,63.66015625,0.26869956199993794,4664.8046875,768,256,1024,0.9253000000000001,"{""anomaly"": 0.9253000000000001}",0.9557525557318624,0.8009411741360767,3.3740508556365967,0.9253000000000001,0.9266999999999999,0.8913,0.8142,
p0_hybrid_visa|macaroni1|dinov2_s|hybrid_w75|1024|1,p0_hybrid_visa,macaroni1,dinov2_s,900,200,100,1024,20.853066430000126,2,Tesla T4,hybrid_w75,1024,1,8.125,63.571808193999914,4664.8046875,2767.2060546875,3.1590117430000646,4664.8046875,63.66015625,0.27873767100004443,4664.8046875,768,256,1024,0.9029,"{""anomaly"": 0.9029}",0.9555653115391753,0.7922573527440733,3.321983814239502,0.9029,0.9047000000000001,0.8538000000000001,0.7859,
p0_hybrid_visa|macaroni1|dinov2_s|hybrid_w75|1024|2,p0_hybrid_visa,macaroni1,dinov2_s,900,200,100,1024,20.853066430000126,2,Tesla T4,hybrid_w75,1024,2,8.125,64.44133596400002,4664.8046875,2767.2060546875,3.05175207100001,4664.8046875,63.66015625,0.3443312119998154,4664.8046875,768,256,1024,0.9014,"{""anomaly"": 0.9014}",0.9552632376137716,0.7980953920644597,3.322911262512207,0.9014,0.8946000000000001,0.8448,0.7741,
p0_hybrid_visa|macaroni2|dinov2_s|hybrid_w75|64|0,p0_hybrid_visa,macaroni2,dinov2_s,900,200,100,1024,41.57743350800024,2,Tesla T4,hybrid_w75,64,0,8.125,3.870685005000041,4708.73046875,1386.60205078125,0.5584476510000513,4708.73046875,22.25048828125,0.326122334999809,4708.73046875,48,16,64,0.6890999999999999,"{""anomaly"": 0.6890999999999999}",0.9446191245179949,0.7558323808989719,2.33199405670166,0.6890999999999999,0.6860999999999999,0.6990000000000001,0.6855,
p0_hybrid_visa|macaroni2|dinov2_s|hybrid_w75|64|1,p0_hybrid_visa,macaroni2,dinov2_s,900,200,100,1024,41.57743350800024,2,Tesla T4,hybrid_w75,64,1,8.125,4.331256546000077,4708.73046875,1386.60205078125,0.5956703439999274,4708.73046875,22.25048828125,0.23316033500009326,4708.73046875,48,16,64,0.5791,"{""anomaly"": 0.5791}",0.88114241793818,0.6065086297659821,1.7816399335861206,0.5791,0.5912,0.5751,0.5714,
p0_hybrid_visa|macaroni2|dinov2_s|hybrid_w75|64|2,p0_hybrid_visa,macaroni2,dinov2_s,900,200,100,1024,41.57743350800024,2,Tesla T4,hybrid_w75,64,2,8.125,4.552895595000109,4708.73046875,1386.60205078125,0.5576770229999966,4708.73046875,22.25048828125,0.234275997000168,4708.73046875,48,16,64,0.6838,"{""anomaly"": 0.6838}",0.9201924728576801,0.6836964213633625,1.9657516479492188,0.6838,0.6668000000000002,0.6119000000000001,0.6047,
p0_hybrid_visa|macaroni2|dinov2_s|hybrid_w75|256|0,p0_hybrid_visa,macaroni2,dinov2_s,900,200,100,1024,41.57743350800024,2,Tesla T4,hybrid_w75,256,0,8.125,16.200222478000114,4708.73046875,1460.9228515625,1.146642391000114,4708.73046875,28.5322265625,0.3099005449998913,4708.73046875,192,64,256,0.6836,"{""anomaly"": 0.6836}",0.9572241729439369,0.8094496020711639,2.5851809978485107,0.6836,0.6906,0.6731999999999999,0.646,
p0_hybrid_visa|macaroni2|dinov2_s|hybrid_w75|256|1,p0_hybrid_visa,macaroni2,dinov2_s,900,200,100,1024,41.57743350800024,2,Tesla T4,hybrid_w75,256,1,8.125,17.675506127999824,4708.73046875,1460.9228515625,1.0606608770001458,4708.73046875,28.5322265625,0.23126086499996745,4708.73046875,192,64,256,0.6792,"{""anomaly"": 0.6792}",0.9563168155726579,0.8166585718479794,2.549288511276245,0.6792,0.6925999999999999,0.6752,0.6335000000000001,
p0_hybrid_visa|macaroni2|dinov2_s|hybrid_w75|256|2,p0_hybrid_visa,macaroni2,dinov2_s,900,200,100,1024,41.57743350800024,2,Tesla T4,hybrid_w75,256,2,8.125,17.320270903999926,4708.73046875,1460.9228515625,1.0504578170000514,4708.73046875,28.5322265625,0.23343814100007876,4708.73046875,192,64,256,0.7301000000000001,"{""anomaly"": 0.7301000000000001}",0.955245167834027,0.8015316606265681,2.602922201156616,0.7301000000000001,0.7411,0.7159,0.6517000000000001,
p0_hybrid_visa|macaroni2|dinov2_s|hybrid_w75|1024|0,p0_hybrid_visa,macaroni2,dinov2_s,900,200,100,1024,41.57743350800024,2,Tesla T4,hybrid_w75,1024,0,8.125,67.32726991100003,4708.73046875,2767.2060546875,3.1549434780001775,4708.73046875,63.66015625,0.27199689200006105,4708.73046875,768,256,1024,0.8110999999999999,"{""anomaly"": 0.8110999999999999}",0.9735130578304694,0.8607162182346317,3.0168192386627197,0.8110999999999999,0.7968,0.7511,0.6888000000000001,
p0_hybrid_visa|macaroni2|dinov2_s|hybrid_w75|1024|1,p0_hybrid_visa,macaroni2,dinov2_s,900,200,100,1024,41.57743350800024,2,Tesla T4,hybrid_w75,1024,1,8.125,63.13842204699995,4708.73046875,2767.2060546875,3.0414970030001314,4708.73046875,63.66015625,0.36771973800000524,4708.73046875,768,256,1024,0.7764,"{""anomaly"": 0.7764}",0.9737572180432839,0.8666417354511815,2.948387861251831,0.7764,0.7667,0.7174999999999999,0.6671,
p0_hybrid_visa|macaroni2|dinov2_s|hybrid_w75|1024|2,p0_hybrid_visa,macaroni2,dinov2_s,900,200,100,1024,41.57743350800024,2,Tesla T4,hybrid_w75,1024,2,8.125,62.64167779700006,4708.73046875,2767.2060546875,3.0870556160000433,4708.73046875,63.66015625,0.2765242010000293,4708.73046875,768,256,1024,0.7660999999999999,"{""anomaly"": 0.7660999999999999}",0.9723907740065926,0.8582828049236051,2.9577889442443848,0.7660999999999999,0.7813,0.7554000000000001,0.6997,
p0_hybrid_visa|pcb1|dinov2_s|hybrid_w75|64|0,p0_hybrid_visa,pcb1,dinov2_s,904,200,100,1024,25.481998412999474,2,Tesla T4,hybrid_w75,64,0,8.125,4.033907517999978,4708.73046875,1393.36767578125,0.5662865660001444,4708.73046875,22.25048828125,0.22480173799999648,4708.73046875,48,16,64,0.8073,"{""anomaly"": 0.8073}",0.9908727666564632,0.8431042264401871,5.116766929626465,0.8073,0.8479,0.8799,0.8934999999999998,
p0_hybrid_visa|pcb1|dinov2_s|hybrid_w75|64|1,p0_hybrid_visa,pcb1,dinov2_s,904,200,100,1024,25.481998412999474,2,Tesla T4,hybrid_w75,64,1,8.125,3.9716866870001013,4708.73046875,1393.36767578125,0.5554363960000046,4708.73046875,22.25048828125,0.22701816300013888,4708.73046875,48,16,64,0.8111999999999999,"{""anomaly"": 0.8111999999999999}",0.9877977456676917,0.8186759444595875,5.126125335693359,0.8111999999999999,0.8323,0.8676,0.8945000000000001,
p0_hybrid_visa|pcb1|dinov2_s|hybrid_w75|64|2,p0_hybrid_visa,pcb1,dinov2_s,904,200,100,1024,25.481998412999474,2,Tesla T4,hybrid_w75,64,2,8.125,5.1378489030000765,4708.73046875,1393.36767578125,0.5541782060001879,4708.73046875,22.25048828125,0.2195445299998937,4708.73046875,48,16,64,0.8078,"{""anomaly"": 0.8078}",0.9911844305330259,0.8671889363453238,5.161482810974121,0.8078,0.8418,0.8962,0.9155999999999999,
p0_hybrid_visa|pcb1|dinov2_s|hybrid_w75|256|0,p0_hybrid_visa,pcb1,dinov2_s,904,200,100,1024,25.481998412999474,2,Tesla T4,hybrid_w75,256,0,8.125,16.62482741200006,4708.73046875,1469.9384765625,1.115883980000035,4708.73046875,28.5322265625,0.2908961030000228,4708.73046875,192,64,256,0.9416,"{""anomaly"": 0.9416}",0.9938254755082393,0.8999886111976851,6.5370917320251465,0.9416,0.9627000000000001,0.9675,0.9642,
p0_hybrid_visa|pcb1|dinov2_s|hybrid_w75|256|1,p0_hybrid_visa,pcb1,dinov2_s,904,200,100,1024,25.481998412999474,2,Tesla T4,hybrid_w75,256,1,8.125,16.71856865000018,4708.73046875,1469.9384765625,1.0854756520000137,4708.73046875,28.5322265625,0.22657544900016546,4708.73046875,192,64,256,0.9175000000000001,"{""anomaly"": 0.9175000000000001}",0.9944150367237958,0.9041437198873414,6.465476989746094,0.9175000000000001,0.9366,0.9446,0.9475,
p0_hybrid_visa|pcb1|dinov2_s|hybrid_w75|256|2,p0_hybrid_visa,pcb1,dinov2_s,904,200,100,1024,25.481998412999474,2,Tesla T4,hybrid_w75,256,2,8.125,16.47359725199999,4708.73046875,1469.9384765625,1.1391481430000567,4708.73046875,28.5322265625,0.2922011840000778,4708.73046875,192,64,256,0.9328,"{""anomaly"": 0.9328}",0.9942565523517101,0.9094294039294967,6.63554573059082,0.9328,0.9547000000000001,0.9627,0.9591999999999999,
p0_hybrid_visa|pcb1|dinov2_s|hybrid_w75|1024|0,p0_hybrid_visa,pcb1,dinov2_s,904,200,100,1024,25.481998412999474,2,Tesla T4,hybrid_w75,1024,0,8.125,62.280753788999846,4708.73046875,2769.2216796875,3.0798168899998473,4708.73046875,63.66015625,0.2735159720000411,4708.73046875,768,256,1024,0.9423999999999999,"{""anomaly"": 0.9423999999999999}",0.9960345474508642,0.9138535024168681,8.178658485412598,0.9423999999999999,0.9511999999999999,0.9587,0.9555,
p0_hybrid_visa|pcb1|dinov2_s|hybrid_w75|1024|1,p0_hybrid_visa,pcb1,dinov2_s,904,200,100,1024,25.481998412999474,2,Tesla T4,hybrid_w75,1024,1,8.125,62.692698330999974,4708.73046875,2769.2216796875,3.061216263999995,4708.73046875,63.66015625,0.26592924200008383,4708.73046875,768,256,1024,0.9448,"{""anomaly"": 0.9448}",0.995812791885416,0.9034994188952483,8.13541316986084,0.9448,0.9586,0.9576,0.9496,
p0_hybrid_visa|pcb1|dinov2_s|hybrid_w75|1024|2,p0_hybrid_visa,pcb1,dinov2_s,904,200,100,1024,25.481998412999474,2,Tesla T4,hybrid_w75,1024,2,8.125,65.22716412299997,4708.73046875,2769.2216796875,3.180198654999913,4708.73046875,63.66015625,0.29286805900005675,4708.73046875,768,256,1024,0.9298000000000001,"{""anomaly"": 0.9298000000000001}",0.9958967900311467,0.9071574654022754,8.232447624206543,0.9298000000000001,0.9463999999999999,0.9557,0.9597,
p0_hybrid_visa|pcb2|dinov2_s|hybrid_w75|64|0,p0_hybrid_visa,pcb2,dinov2_s,901,200,100,1024,24.56067745099972,2,Tesla T4,hybrid_w75,64,0,8.125,4.0045459930001925,4708.73046875,1388.29345703125,0.5696454829999311,4708.73046875,22.25048828125,0.2323596380001618,4708.73046875,48,16,64,0.6925000000000001,"{""anomaly"": 0.6925000000000001}",0.9126312437409474,0.6271975802298958,2.580188512802124,0.6925000000000001,0.7184,0.7783,0.7928999999999999,
p0_hybrid_visa|pcb2|dinov2_s|hybrid_w75|64|1,p0_hybrid_visa,pcb2,dinov2_s,901,200,100,1024,24.56067745099972,2,Tesla T4,hybrid_w75,64,1,8.125,4.259677348999958,4708.73046875,1388.29345703125,0.562677413000074,4708.73046875,22.25048828125,0.2399567009997554,4708.73046875,48,16,64,0.7824,"{""anomaly"": 0.7824}",0.9043571085383894,0.6013964017485529,2.516951560974121,0.7824,0.8048000000000001,0.798,0.7899,
p0_hybrid_visa|pcb2|dinov2_s|hybrid_w75|64|2,p0_hybrid_visa,pcb2,dinov2_s,901,200,100,1024,24.56067745099972,2,Tesla T4,hybrid_w75,64,2,8.125,4.380703477999759,4708.73046875,1388.29345703125,0.5580840120001085,4708.73046875,22.25048828125,0.22628736300021046,4708.73046875,48,16,64,0.7039000000000001,"{""anomaly"": 0.7039000000000001}",0.9119778500580807,0.6278894113085657,2.4949147701263428,0.7039000000000001,0.7280000000000001,0.7565000000000001,0.7838999999999999,
p0_hybrid_visa|pcb2|dinov2_s|hybrid_w75|256|0,p0_hybrid_visa,pcb2,dinov2_s,901,200,100,1024,24.56067745099972,2,Tesla T4,hybrid_w75,256,0,8.125,16.919437226000355,4708.73046875,1463.1767578125,1.1579871950002598,4708.73046875,28.5322265625,0.3356814199996734,4708.73046875,192,64,256,0.8159,"{""anomaly"": 0.8159}",0.9580514966555125,0.7347991754095113,3.534308433532715,0.8159,0.8534999999999999,0.8537000000000001,0.8334,
p0_hybrid_visa|pcb2|dinov2_s|hybrid_w75|256|1,p0_hybrid_visa,pcb2,dinov2_s,901,200,100,1024,24.56067745099972,2,Tesla T4,hybrid_w75,256,1,8.125,16.834573884000292,4708.73046875,1463.1767578125,1.056009792000168,4708.73046875,28.5322265625,0.22926509300032194,4708.73046875,192,64,256,0.8461,"{""anomaly"": 0.8461}",0.9504910860689691,0.7115404719354327,3.5028066635131836,0.8461,0.8769,0.8607999999999999,0.8315,
p0_hybrid_visa|pcb2|dinov2_s|hybrid_w75|256|2,p0_hybrid_visa,pcb2,dinov2_s,901,200,100,1024,24.56067745099972,2,Tesla T4,hybrid_w75,256,2,8.125,17.16146954900023,4708.73046875,1463.1767578125,1.1377789009998196,4708.73046875,28.5322265625,0.2321961130001,4708.73046875,192,64,256,0.8415,"{""anomaly"": 0.8415}",0.9518759007891929,0.720365524283637,3.596639633178711,0.8415,0.8634000000000001,0.8573000000000001,0.8257,
p0_hybrid_visa|pcb2|dinov2_s|hybrid_w75|1024|0,p0_hybrid_visa,pcb2,dinov2_s,901,200,100,1024,24.56067745099972,2,Tesla T4,hybrid_w75,1024,0,8.125,61.66485955600001,4708.73046875,2767.7099609375,3.1246811369996976,4708.73046875,63.66015625,0.27371476100006475,4708.73046875,768,256,1024,0.9095000000000001,"{""anomaly"": 0.9095000000000001}",0.967619261201671,0.7596355623472081,4.310693740844727,0.9095000000000001,0.9139,0.8947,0.8497000000000001,
p0_hybrid_visa|pcb2|dinov2_s|hybrid_w75|1024|1,p0_hybrid_visa,pcb2,dinov2_s,901,200,100,1024,24.56067745099972,2,Tesla T4,hybrid_w75,1024,1,8.125,63.128089080000336,4708.73046875,2767.7099609375,3.0576609839999946,4708.73046875,63.66015625,0.2802557629997864,4708.73046875,768,256,1024,0.9225,"{""anomaly"": 0.9225}",0.9681881040515184,0.7609034226380615,4.376739978790283,0.9225,0.9261,0.9031,0.8707000000000001,
p0_hybrid_visa|pcb2|dinov2_s|hybrid_w75|1024|2,p0_hybrid_visa,pcb2,dinov2_s,901,200,100,1024,24.56067745099972,2,Tesla T4,hybrid_w75,1024,2,8.125,64.81285753600014,4708.73046875,2767.7099609375,3.218290720999903,4708.73046875,63.66015625,0.27795791000016834,4708.73046875,768,256,1024,0.8986000000000001,"{""anomaly"": 0.8986000000000001}",0.9655862681751698,0.7543411612763071,4.326380252838135,0.8986000000000001,0.9015000000000001,0.8789,0.8595,
p0_hybrid_visa|pcb3|dinov2_s|hybrid_w75|64|0,p0_hybrid_visa,pcb3,dinov2_s,905,201,100,1024,21.150646958999914,2,Tesla T4,hybrid_w75,64,0,8.125,6.682082966000053,4708.73046875,1395.05908203125,0.5519484589999593,4708.73046875,22.25048828125,0.22564604999979565,4708.73046875,48,16,64,0.6318316831683168,"{""anomaly"": 0.6318316831683168}",0.946746396597254,0.6125603806242158,2.9150009155273438,0.6318316831683168,0.666930693069307,0.7566336633663366,0.7636633663366337,
p0_hybrid_visa|pcb3|dinov2_s|hybrid_w75|64|1,p0_hybrid_visa,pcb3,dinov2_s,905,201,100,1024,21.150646958999914,2,Tesla T4,hybrid_w75,64,1,8.125,5.673193540999819,4708.73046875,1395.05908203125,0.5664121720001276,4708.73046875,22.25048828125,0.3260433200002808,4708.73046875,48,16,64,0.68990099009901,"{""anomaly"": 0.68990099009901}",0.9399743550403823,0.5522068582684255,2.8806426525115967,0.68990099009901,0.7401980198019802,0.7923762376237623,0.7932673267326732,
p0_hybrid_visa|pcb3|dinov2_s|hybrid_w75|64|2,p0_hybrid_visa,pcb3,dinov2_s,905,201,100,1024,21.150646958999914,2,Tesla T4,hybrid_w75,64,2,8.125,4.223317093999867,4708.73046875,1395.05908203125,0.5559320760003175,4708.73046875,22.25048828125,0.24806597600036184,4708.73046875,48,16,64,0.6199009900990099,"{""anomaly"": 0.6199009900990099}",0.9463282468740536,0.5964444044169578,2.9368443489074707,0.6199009900990099,0.7137623762376238,0.7886138613861386,0.8114851485148515,
p0_hybrid_visa|pcb3|dinov2_s|hybrid_w75|256|0,p0_hybrid_visa,pcb3,dinov2_s,905,201,100,1024,21.150646958999914,2,Tesla T4,hybrid_w75,256,0,8.125,17.211663991000023,4708.73046875,1472.1923828125,1.0526720959996965,4708.73046875,28.5322265625,0.2378295460002846,4708.73046875,192,64,256,0.8536633663366336,"{""anomaly"": 0.8536633663366336}",0.9715648607750919,0.695623619432285,3.9947619438171387,0.8536633663366336,0.8853465346534654,0.9012871287128713,0.8981188118811881,
p0_hybrid_visa|pcb3|dinov2_s|hybrid_w75|256|1,p0_hybrid_visa,pcb3,dinov2_s,905,201,100,1024,21.150646958999914,2,Tesla T4,hybrid_w75,256,1,8.125,16.567973006999637,4708.73046875,1472.1923828125,1.1466912719997708,4708.73046875,28.5322265625,0.3283002779999151,4708.73046875,192,64,256,0.8555445544554455,"{""anomaly"": 0.8555445544554455}",0.9702060356747332,0.6782945638798427,3.9574239253997803,0.8555445544554455,0.8682178217821782,0.8763366336633663,0.8725742574257426,
p0_hybrid_visa|pcb3|dinov2_s|hybrid_w75|256|2,p0_hybrid_visa,pcb3,dinov2_s,905,201,100,1024,21.150646958999914,2,Tesla T4,hybrid_w75,256,2,8.125,17.189571068000078,4708.73046875,1472.1923828125,1.060881548999987,4708.73046875,28.5322265625,0.2319566420001138,4708.73046875,192,64,256,0.8642574257425742,"{""anomaly"": 0.8642574257425742}",0.9706651520473176,0.6962016006243997,3.9978435039520264,0.8642574257425742,0.8910891089108911,0.890990099009901,0.8845544554455446,
p0_hybrid_visa|pcb3|dinov2_s|hybrid_w75|1024|0,p0_hybrid_visa,pcb3,dinov2_s,905,201,100,1024,21.150646958999914,2,Tesla T4,hybrid_w75,1024,0,8.125,61.789113957000154,4708.73046875,2769.7255859375,3.0783118039998953,4708.73046875,63.66015625,0.2751156029999038,4708.73046875,768,256,1024,0.9284158415841585,"{""anomaly"": 0.9284158415841585}",0.9774274349753099,0.7562722263156976,4.427751541137695,0.9284158415841585,0.951089108910891,0.9517821782178217,0.9247524752475247,
p0_hybrid_visa|pcb3|dinov2_s|hybrid_w75|1024|1,p0_hybrid_visa,pcb3,dinov2_s,905,201,100,1024,21.150646958999914,2,Tesla T4,hybrid_w75,1024,1,8.125,68.83147122800028,4708.73046875,2769.7255859375,3.0647503789996335,4708.73046875,63.66015625,0.27571048199979487,4708.73046875,768,256,1024,0.939009900990099,"{""anomaly"": 0.939009900990099}",0.9776431531559485,0.7531829285829726,4.4034953117370605,0.939009900990099,0.9491089108910891,0.9494059405940594,0.9174257425742575,
p0_hybrid_visa|pcb3|dinov2_s|hybrid_w75|1024|2,p0_hybrid_visa,pcb3,dinov2_s,905,201,100,1024,21.150646958999914,2,Tesla T4,hybrid_w75,1024,2,8.125,68.77934948099983,4708.73046875,2769.7255859375,3.1650685080003313,4708.73046875,63.66015625,0.280120696999802,4708.73046875,768,256,1024,0.9334653465346535,"{""anomaly"": 0.9334653465346535}",0.9776660360319778,0.764601055191621,4.486656665802002,0.9334653465346535,0.9519801980198019,0.9507920792079209,0.9264356435643564,
p0_hybrid_visa|pcb4|dinov2_s|hybrid_w75|64|0,p0_hybrid_visa,pcb4,dinov2_s,904,201,100,1024,24.005561226999816,2,Tesla T4,hybrid_w75,64,0,8.125,3.987957784000173,4708.73046875,1393.36767578125,0.5530085910004345,4708.73046875,22.25048828125,0.2182808330003354,4708.73046875,48,16,64,0.7457425742574257,"{""anomaly"": 0.7457425742574257}",0.8728364794477589,0.576165228444534,1.8369613885879517,0.7457425742574257,0.7925742574257426,0.8513861386138615,0.8831683168316832,
p0_hybrid_visa|pcb4|dinov2_s|hybrid_w75|64|1,p0_hybrid_visa,pcb4,dinov2_s,904,201,100,1024,24.005561226999816,2,Tesla T4,hybrid_w75,64,1,8.125,4.2372477660001096,4708.73046875,1393.36767578125,0.5702751389999321,4708.73046875,22.25048828125,0.22780896500034942,4708.73046875,48,16,64,0.749009900990099,"{""anomaly"": 0.749009900990099}",0.8803249680659689,0.5888387866172379,1.9044787883758545,0.749009900990099,0.7833663366336633,0.8020792079207921,0.8211881188118811,
p0_hybrid_visa|pcb4|dinov2_s|hybrid_w75|64|2,p0_hybrid_visa,pcb4,dinov2_s,904,201,100,1024,24.005561226999816,2,Tesla T4,hybrid_w75,64,2,8.125,7.296292835999793,4708.73046875,1393.36767578125,0.5587022069998966,4708.73046875,22.25048828125,0.22937625600025058,4708.73046875,48,16,64,0.8815841584158415,"{""anomaly"": 0.8815841584158415}",0.9277465744587807,0.7031499107335343,2.418823003768921,0.8815841584158415,0.9250495049504951,0.931089108910891,0.9184158415841583,
p0_hybrid_visa|pcb4|dinov2_s|hybrid_w75|256|0,p0_hybrid_visa,pcb4,dinov2_s,904,201,100,1024,24.005561226999816,2,Tesla T4,hybrid_w75,256,0,8.125,16.486024843999985,4708.73046875,1469.9384765625,1.070920364000358,4708.73046875,28.5322265625,0.2447412209999129,4708.73046875,192,64,256,0.9433663366336634,"{""anomaly"": 0.9433663366336634}",0.9570630295518163,0.8006825534011203,2.9005444049835205,0.9433663366336634,0.9581188118811881,0.9607920792079208,0.9458415841584158,
p0_hybrid_visa|pcb4|dinov2_s|hybrid_w75|256|1,p0_hybrid_visa,pcb4,dinov2_s,904,201,100,1024,24.005561226999816,2,Tesla T4,hybrid_w75,256,1,8.125,17.5465421089998,4708.73046875,1469.9384765625,1.0569120420000218,4708.73046875,28.5322265625,0.233058828999674,4708.73046875,192,64,256,0.9198019801980197,"{""anomaly"": 0.9198019801980197}",0.9519646273824292,0.782270871208851,2.8646578788757324,0.9198019801980197,0.950891089108911,0.9611881188118812,0.9541584158415841,
p0_hybrid_visa|pcb4|dinov2_s|hybrid_w75|256|2,p0_hybrid_visa,pcb4,dinov2_s,904,201,100,1024,24.005561226999816,2,Tesla T4,hybrid_w75,256,2,8.125,15.82878360199993,4708.73046875,1469.9384765625,1.1518502949998037,4708.73046875,28.5322265625,0.35132898400024715,4708.73046875,192,64,256,0.94,"{""anomaly"": 0.94}",0.9629144995136809,0.816880551034708,3.1319870948791504,0.94,0.9659405940594059,0.9656435643564357,0.9607920792079208,
p0_hybrid_visa|pcb4|dinov2_s|hybrid_w75|1024|0,p0_hybrid_visa,pcb4,dinov2_s,904,201,100,1024,24.005561226999816,2,Tesla T4,hybrid_w75,1024,0,8.125,60.80515029499975,4708.73046875,2769.2216796875,3.0648086999999578,4708.73046875,63.66015625,0.28040609500021674,4708.73046875,768,256,1024,0.9552475247524752,"{""anomaly"": 0.9552475247524752}",0.9751383586181176,0.8709351930028735,3.5817556381225586,0.9552475247524752,0.9702970297029703,0.968019801980198,0.9617821782178217,
p0_hybrid_visa|pcb4|dinov2_s|hybrid_w75|1024|1,p0_hybrid_visa,pcb4,dinov2_s,904,201,100,1024,24.005561226999816,2,Tesla T4,hybrid_w75,1024,1,8.125,62.97427157500033,4708.73046875,2769.2216796875,3.1180080110002564,4708.73046875,63.66015625,0.27844926200032205,4708.73046875,768,256,1024,0.960990099009901,"{""anomaly"": 0.960990099009901}",0.9746541780786241,0.8708358610918037,3.5608410835266113,0.960990099009901,0.9723762376237624,0.9681188118811881,0.9570297029702971,
p0_hybrid_visa|pcb4|dinov2_s|hybrid_w75|1024|2,p0_hybrid_visa,pcb4,dinov2_s,904,201,100,1024,24.005561226999816,2,Tesla T4,hybrid_w75,1024,2,8.125,65.60488932899989,4708.73046875,2769.2216796875,3.1586266489998707,4708.73046875,63.66015625,0.2722554050001236,4708.73046875,768,256,1024,0.9548514851485149,"{""anomaly"": 0.9548514851485149}",0.9744642244173708,0.8690578135787523,3.4837515354156494,0.9548514851485149,0.9696039603960396,0.9710891089108912,0.9555445544554455,
p0_hybrid_visa|pipe_fryum|dinov2_s|hybrid_w75|64|0,p0_hybrid_visa,pipe_fryum,dinov2_s,450,150,100,1024,12.184461282000484,2,Tesla T4,hybrid_w75,64,0,8.125,6.456230796999989,4708.73046875,1001.3125,0.3027324059999046,4708.73046875,22.25048828125,0.16128668600003948,4708.73046875,48,16,64,0.9156000000000001,"{""anomaly"": 0.9156000000000001}",0.9926548433467919,0.9619158195029358,4.324103355407715,0.9156000000000001,0.9236,0.9258,0.8964000000000001,
p0_hybrid_visa|pipe_fryum|dinov2_s|hybrid_w75|64|1,p0_hybrid_visa,pipe_fryum,dinov2_s,450,150,100,1024,12.184461282000484,2,Tesla T4,hybrid_w75,64,1,8.125,4.3447960749999766,4708.73046875,1001.3125,0.35752043599995886,4708.73046875,22.25048828125,0.22565828699998747,4708.73046875,48,16,64,0.9783999999999999,"{""anomaly"": 0.9783999999999999}",0.9923942370052135,0.9591057814262923,4.221524715423584,0.9783999999999999,0.9726,0.9349999999999999,0.8834,
p0_hybrid_visa|pipe_fryum|dinov2_s|hybrid_w75|64|2,p0_hybrid_visa,pipe_fryum,dinov2_s,450,150,100,1024,12.184461282000484,2,Tesla T4,hybrid_w75,64,2,8.125,4.180210337000062,4708.73046875,1001.3125,0.2885446289997162,4708.73046875,22.25048828125,0.16082823499982624,4708.73046875,48,16,64,0.9675999999999999,"{""anomaly"": 0.9675999999999999}",0.9922194603953699,0.9513357994309798,4.262558460235596,0.9675999999999999,0.9725999999999999,0.959,0.9208,
p0_hybrid_visa|pipe_fryum|dinov2_s|hybrid_w75|256|0,p0_hybrid_visa,pipe_fryum,dinov2_s,450,150,100,1024,12.184461282000484,2,Tesla T4,hybrid_w75,256,0,8.125,16.812058759000138,4708.73046875,1001.3125,0.6240012919997753,4708.73046875,28.5322265625,0.21060356299994965,4708.73046875,192,64,256,0.9876,"{""anomaly"": 0.9876}",0.9936769682619376,0.9654094923997452,4.838814735412598,0.9876,0.9925999999999999,0.9688,0.9338,
p0_hybrid_visa|pipe_fryum|dinov2_s|hybrid_w75|256|1,p0_hybrid_visa,pipe_fryum,dinov2_s,450,150,100,1024,12.184461282000484,2,Tesla T4,hybrid_w75,256,1,8.125,17.03795817199989,4708.73046875,1001.3125,0.5432202480001251,4708.73046875,28.5322265625,0.18446970200011492,4708.73046875,192,64,256,0.9822,"{""anomaly"": 0.9822}",0.9938483420181824,0.9636153290361626,4.8802714347839355,0.9822,0.9876,0.9732,0.9423999999999999,
p0_hybrid_visa|pipe_fryum|dinov2_s|hybrid_w75|256|2,p0_hybrid_visa,pipe_fryum,dinov2_s,450,150,100,1024,12.184461282000484,2,Tesla T4,hybrid_w75,256,2,8.125,17.169896294999944,4708.73046875,1001.3125,0.6070764349997262,4708.73046875,28.5322265625,0.2175108250003177,4708.73046875,192,64,256,0.982,"{""anomaly"": 0.982}",0.9936512507090759,0.9662698439257946,4.834105491638184,0.982,0.9855999999999999,0.9638,0.9257999999999998,
p0_hybrid_visa|pipe_fryum|dinov2_s|hybrid_w75|1024|0,p0_hybrid_visa,pipe_fryum,dinov2_s,450,150,100,1024,12.184461282000484,2,Tesla T4,hybrid_w75,1024,0,8.125,60.995057606000046,4708.73046875,2168.2060546875,1.572030597000321,4708.73046875,63.66015625,0.20036630499998864,4708.73046875,768,256,1024,0.9894000000000001,"{""anomaly"": 0.9894000000000001}",0.9942167346522,0.9673817892262842,5.131203651428223,0.9894000000000001,0.9904,0.9756,0.9402,
p0_hybrid_visa|pipe_fryum|dinov2_s|hybrid_w75|1024|1,p0_hybrid_visa,pipe_fryum,dinov2_s,450,150,100,1024,12.184461282000484,2,Tesla T4,hybrid_w75,1024,1,8.125,60.86622588399996,4708.73046875,2168.2060546875,1.5273146700001234,4708.73046875,63.66015625,0.2121618609999132,4708.73046875,768,256,1024,0.99,"{""anomaly"": 0.99}",0.9942238808725599,0.9670195112451407,5.115200042724609,0.99,0.9952000000000001,0.9768000000000001,0.9424000000000001,
p0_hybrid_visa|pipe_fryum|dinov2_s|hybrid_w75|1024|2,p0_hybrid_visa,pipe_fryum,dinov2_s,450,150,100,1024,12.184461282000484,2,Tesla T4,hybrid_w75,1024,2,8.125,63.33639064499994,4708.73046875,2168.2060546875,1.5909818810000615,4708.73046875,63.66015625,0.2685123580004074,4708.73046875,768,256,1024,0.9896,"{""anomaly"": 0.9896}",0.9940673877182306,0.9645700006072959,5.104611873626709,0.9896,0.9936,0.9802,0.9396,
