run_id,config,dataset,extractor,n_images,desc_dim,desc_per_image,extract_seconds,n_cpu,gpu,assignment,variant,k,vocab_seed,enc_dim,nmi,nmi_std,ari,ari_std,acc,acc_std,n_seeds,eval_peak_gpu_mb,eval_seconds,eval_peak_rss_mb,encode_params,vocab_peak_gpu_mb,vocab_seconds,vocab_peak_rss_mb,empty_words,vocab_params,encode_peak_gpu_mb,encode_seconds,encode_peak_rss_mb
p0_stl10_full|dinov2_s|global|0,p0_stl10_full,stl10_n_per_classNone_splittest,dinov2_s,8000,384,256.0,29.11412558799998,2,Tesla T4,global,,0,-1,384,0.927443340018418,0.019895008332883136,0.8873870264604591,0.06534175957652338,0.9209583333333334,0.06865101459960772,3,9.125,2.5591808080000646,10441.48828125,,,,,,,,,
p0_stl10_full|dinov2_s|hard|64||0,p0_stl10_full,stl10_n_per_classNone_splittest,dinov2_s,8000,384,256.0,29.11412558799998,2,Tesla T4,hard,,64,0,64,0.8482528541360844,0.0044007528482695145,0.7525550870895371,0.01912809954600226,0.8291666666666667,0.03179038332927465,3,9.125,2.2583639079998648,10441.48828125,{},9.125,2.0292990939999527,10441.48828125,0.0,"{""max_descriptors"": 200000, ""pca_dim"": 64, ""spherical"": true}",9.125,5.85649748600008,10441.48828125
"p0_stl10_full|dinov2_s|soft|64|knn=5,sigma_scale=0.25|0",p0_stl10_full,stl10_n_per_classNone_splittest,dinov2_s,8000,384,256.0,29.11412558799998,2,Tesla T4,soft,"knn=5,sigma_scale=0.25",64,0,64,0.8354341683185543,0.00010899183270090525,0.7265961759618887,0.00024279096305068732,0.803875,0.00010206207261599984,3,9.125,1.5629473129999951,10441.48828125,"{""knn"": 5, ""sigma_scale"": 0.25}",9.125,2.0292990939999527,10441.48828125,0.0,"{""max_descriptors"": 200000, ""pca_dim"": 64, ""spherical"": true}",9.125,8.140039282000089,10441.48828125
p0_stl10_full|dinov2_s|vlad|64||0,p0_stl10_full,stl10_n_per_classNone_splittest,dinov2_s,8000,384,256.0,29.11412558799998,2,Tesla T4,vlad,,64,0,4096,0.9476982457345074,0.00036586329074520766,0.9493367123195187,0.00044028512949077726,0.97675,0.00020412414523190904,3,9.125,6.46310435800001,10441.48828125,{},9.125,2.0292990939999527,10441.48828125,0.0,"{""max_descriptors"": 200000, ""pca_dim"": 64, ""spherical"": true}",9.125,10.365155718000096,10441.48828125
p0_stl10_full|dinov2_s|hard|64||1,p0_stl10_full,stl10_n_per_classNone_splittest,dinov2_s,8000,384,256.0,29.11412558799998,2,Tesla T4,hard,,64,1,64,0.8608247939375899,0.006102343924461447,0.775497063943579,0.023703860962536637,0.8438333333333333,0.036003520275415084,3,9.125,1.2566440349999084,10441.48828125,{},9.125,2.88013058599995,10441.48828125,0.0,"{""max_descriptors"": 200000, ""pca_dim"": 64, ""spherical"": true}",9.125,5.739669160999938,10441.48828125
"p0_stl10_full|dinov2_s|soft|64|knn=5,sigma_scale=0.25|1",p0_stl10_full,stl10_n_per_classNone_splittest,dinov2_s,8000,384,256.0,29.11412558799998,2,Tesla T4,soft,"knn=5,sigma_scale=0.25",64,1,64,0.8545355268076541,0.0069589359005296485,0.7840987345325915,0.026185364590606157,0.8624166666666667,0.03538483863967104,3,9.125,1.399594051000122,10441.48828125,"{""knn"": 5, ""sigma_scale"": 0.25}",9.125,2.88013058599995,10441.48828125,0.0,"{""max_descriptors"": 200000, ""pca_dim"": 64, ""spherical"": true}",9.125,5.884002982000084,10441.48828125
p0_stl10_full|dinov2_s|vlad|64||1,p0_stl10_full,stl10_n_per_classNone_splittest,dinov2_s,8000,384,256.0,29.11412558799998,2,Tesla T4,vlad,,64,1,4096,0.9475104720400349,0.00032371908583197687,0.9480931056895505,0.00037605353314928297,0.976125,0.00017677669529664357,3,9.125,5.846654416000092,10441.48828125,{},9.125,2.88013058599995,10441.48828125,0.0,"{""max_descriptors"": 200000, ""pca_dim"": 64, ""spherical"": true}",9.125,8.504326822999928,10441.48828125
p0_stl10_full|dinov2_s|hard|64||2,p0_stl10_full,stl10_n_per_classNone_splittest,dinov2_s,8000,384,256.0,29.11412558799998,2,Tesla T4,hard,,64,2,64,0.8582243535422744,0.012441154360840487,0.7793893048182808,0.0361594754370292,0.8553333333333333,0.0430747090014031,3,9.125,1.1827441639998142,10441.48828125,{},9.125,3.8470301429999836,10441.48828125,0.0,"{""max_descriptors"": 200000, ""pca_dim"": 64, ""spherical"": true}",9.125,4.474963449999905,10441.48828125
"p0_stl10_full|dinov2_s|soft|64|knn=5,sigma_scale=0.25|2",p0_stl10_full,stl10_n_per_classNone_splittest,dinov2_s,8000,384,256.0,29.11412558799998,2,Tesla T4,soft,"knn=5,sigma_scale=0.25",64,2,64,0.8434605746238074,0.0001275580687668505,0.7431360825925285,0.00018699083151124291,0.8102083333333333,0.00011785113019774494,3,9.125,1.5561803169998711,10441.48828125,"{""knn"": 5, ""sigma_scale"": 0.25}",9.125,3.8470301429999836,10441.48828125,0.0,"{""max_descriptors"": 200000, ""pca_dim"": 64, ""spherical"": true}",9.125,5.673317836000024,10441.48828125
p0_stl10_full|dinov2_s|vlad|64||2,p0_stl10_full,stl10_n_per_classNone_splittest,dinov2_s,8000,384,256.0,29.11412558799998,2,Tesla T4,vlad,,64,2,4096,0.9359335254393376,0.0004015494048374845,0.9321906836265405,0.0005770523715947406,0.968625,0.00027003086243364825,3,9.125,6.275123911999799,10441.48828125,{},9.125,3.8470301429999836,10441.48828125,0.0,"{""max_descriptors"": 200000, ""pca_dim"": 64, ""spherical"": true}",9.125,8.011738451999918,10441.48828125
p0_stl10_full|dinov2_s|hard|256||0,p0_stl10_full,stl10_n_per_classNone_splittest,dinov2_s,8000,384,256.0,29.11412558799998,2,Tesla T4,hard,,256,0,256,0.9280293010245902,0.00025156074037781874,0.9201350709065602,0.0003305826602304971,0.9627916666666666,0.0001559023911155835,3,9.125,2.144198385999971,10441.48828125,{},9.125,6.411016425000071,10441.48828125,0.0,"{""max_descriptors"": 200000, ""pca_dim"": 64, ""spherical"": true}",9.125,5.98830893100012,10441.48828125
"p0_stl10_full|dinov2_s|soft|256|knn=5,sigma_scale=0.25|0",p0_stl10_full,stl10_n_per_classNone_splittest,dinov2_s,8000,384,256.0,29.11412558799998,2,Tesla T4,soft,"knn=5,sigma_scale=0.25",256,0,256,0.9258313436131681,0.00027956558253824216,0.9178203882317396,0.00035994181077026843,0.96175,0.00017677669529664357,3,9.125,2.3704968709998866,10441.48828125,"{""knn"": 5, ""sigma_scale"": 0.25}",9.125,6.411016425000071,10441.48828125,0.0,"{""max_descriptors"": 200000, ""pca_dim"": 64, ""spherical"": true}",9.125,12.982542628999909,10441.48828125
p0_stl10_full|dinov2_s|vlad|256||0,p0_stl10_full,stl10_n_per_classNone_splittest,dinov2_s,8000,384,256.0,29.11412558799998,2,Tesla T4,vlad,,256,0,16384,0.9311205743953699,0.021403779852440647,0.9032671893243442,0.06363539485205018,0.9270833333333334,0.06944379721920611,3,9.125,14.792117584000152,10441.48828125,{},9.125,6.411016425000071,10441.48828125,0.0,"{""max_descriptors"": 200000, ""pca_dim"": 64, ""spherical"": true}",9.125,10.792065165999702,10441.48828125
p0_stl10_full|dinov2_s|hard|256||1,p0_stl10_full,stl10_n_per_classNone_splittest,dinov2_s,8000,384,256.0,29.11412558799998,2,Tesla T4,hard,,256,1,256,0.9331927076480978,0.00015024144578900723,0.9294297788096747,0.00012175405027336045,0.9674583333333334,5.892556509889864e-05,3,9.125,2.080956982999851,10441.48828125,{},9.125,4.724205600999994,10441.48828125,0.0,"{""max_descriptors"": 200000, ""pca_dim"": 64, ""spherical"": true}",9.125,7.956272617000195,10441.48828125
"p0_stl10_full|dinov2_s|soft|256|knn=5,sigma_scale=0.25|1",p0_stl10_full,stl10_n_per_classNone_splittest,dinov2_s,8000,384,256.0,29.11412558799998,2,Tesla T4,soft,"knn=5,sigma_scale=0.25",256,1,256,0.932571856533622,0.00015933224241585764,0.9283414755957735,0.00012192696900354087,0.9669583333333334,5.89255650988463e-05,3,9.125,2.3120549180002854,10441.48828125,"{""knn"": 5, ""sigma_scale"": 0.25}",9.125,4.724205600999994,10441.48828125,0.0,"{""max_descriptors"": 200000, ""pca_dim"": 64, ""spherical"": true}",9.125,12.873778018999928,10441.48828125
p0_stl10_full|dinov2_s|vlad|256||1,p0_stl10_full,stl10_n_per_classNone_splittest,dinov2_s,8000,384,256.0,29.11412558799998,2,Tesla T4,vlad,,256,1,16384,0.9485405182444359,9.197778391095392e-05,0.9516738551204202,0.00013466570387668023,0.9778333333333333,5.892556509889864e-05,3,9.125,15.103339885999958,10441.48828125,{},9.125,4.724205600999994,10441.48828125,0.0,"{""max_descriptors"": 200000, ""pca_dim"": 64, ""spherical"": true}",9.125,10.847450437000134,10441.48828125
p0_stl10_full|dinov2_s|hard|256||2,p0_stl10_full,stl10_n_per_classNone_splittest,dinov2_s,8000,384,256.0,29.11412558799998,2,Tesla T4,hard,,256,2,256,0.9296861568142173,0.00025137725761255396,0.9233656219530864,0.00020334700642942548,0.9645,0.00010206207261595452,3,9.125,3.101469504000306,10441.48828125,{},9.125,4.687401216000126,10441.48828125,0.0,"{""max_descriptors"": 200000, ""pca_dim"": 64, ""spherical"": true}",9.125,7.314119986000151,10441.48828125
"p0_stl10_full|dinov2_s|soft|256|knn=5,sigma_scale=0.25|2",p0_stl10_full,stl10_n_per_classNone_splittest,dinov2_s,8000,384,256.0,29.11412558799998,2,Tesla T4,soft,"knn=5,sigma_scale=0.25",256,2,256,0.927237877269033,5.957627928552466e-05,0.9203778988135639,0.00011610117696105217,0.9630833333333334,5.892556509889864e-05,3,9.125,3.332113993999883,10441.48828125,"{""knn"": 5, ""sigma_scale"": 0.25}",9.125,4.687401216000126,10441.48828125,0.0,"{""max_descriptors"": 200000, ""pca_dim"": 64, ""spherical"": true}",9.125,12.183119599999827,10441.48828125
p0_stl10_full|dinov2_s|vlad|256||2,p0_stl10_full,stl10_n_per_classNone_splittest,dinov2_s,8000,384,256.0,29.11412558799998,2,Tesla T4,vlad,,256,2,16384,0.9458738287698593,0.0002568889271865575,0.9460492841064724,0.0004253922507012751,0.97525,0.00020412414523195436,3,9.125,14.190932846000123,10441.48828125,{},9.125,4.687401216000126,10441.48828125,0.0,"{""max_descriptors"": 200000, ""pca_dim"": 64, ""spherical"": true}",9.125,9.071924211999885,10441.48828125
p0_stl10_full|dinov2_s|hard|1024||0,p0_stl10_full,stl10_n_per_classNone_splittest,dinov2_s,8000,384,256.0,29.11412558799998,2,Tesla T4,hard,,1024,0,1024,0.9408241066220909,0.0003432373548612885,0.9352987307523072,0.00044181112406709895,0.9701666666666666,0.00021245914639966872,3,9.125,2.910610230000202,10441.48828125,{},9.125,27.13977246400009,10441.48828125,0.0,"{""max_descriptors"": 200000, ""pca_dim"": 64, ""spherical"": true}",9.125,15.027923846000249,10441.48828125
"p0_stl10_full|dinov2_s|soft|1024|knn=5,sigma_scale=0.25|0",p0_stl10_full,stl10_n_per_classNone_splittest,dinov2_s,8000,384,256.0,29.11412558799998,2,Tesla T4,soft,"knn=5,sigma_scale=0.25",1024,0,1024,0.9397164165935422,0.00016477294593700032,0.9362905019097608,0.00032217038310053327,0.9705833333333332,0.0001559023911155835,3,9.125,2.8173467299998265,10441.48828125,"{""knn"": 5, ""sigma_scale"": 0.25}",9.125,27.13977246400009,10441.48828125,0.0,"{""max_descriptors"": 200000, ""pca_dim"": 64, ""spherical"": true}",9.125,28.21702323999989,10441.48828125
p0_stl10_full|dinov2_s|hard|1024||1,p0_stl10_full,stl10_n_per_classNone_splittest,dinov2_s,8000,384,256.0,29.11412558799998,2,Tesla T4,hard,,1024,1,1024,0.9457745658315607,0.00014376292747824112,0.9410433633920813,0.00014094568617813478,0.9729166666666668,5.89255650988463e-05,3,9.125,2.9755536980001125,10441.48828125,{},9.125,27.404919699000402,10441.48828125,0.0,"{""max_descriptors"": 200000, ""pca_dim"": 64, ""spherical"": true}",9.125,15.096903997000027,10441.48828125
"p0_stl10_full|dinov2_s|soft|1024|knn=5,sigma_scale=0.25|1",p0_stl10_full,stl10_n_per_classNone_splittest,dinov2_s,8000,384,256.0,29.11412558799998,2,Tesla T4,soft,"knn=5,sigma_scale=0.25",1024,1,1024,0.9453734725275155,0.00045408353750083554,0.9422773686440012,0.0008465645436326199,0.9734583333333333,0.0004124789556921335,3,9.125,3.846972955000183,10441.48828125,"{""knn"": 5, ""sigma_scale"": 0.25}",9.125,27.404919699000402,10441.48828125,0.0,"{""max_descriptors"": 200000, ""pca_dim"": 64, ""spherical"": true}",9.125,28.407702420000078,10441.48828125
p0_stl10_full|dinov2_s|hard|1024||2,p0_stl10_full,stl10_n_per_classNone_splittest,dinov2_s,8000,384,256.0,29.11412558799998,2,Tesla T4,hard,,1024,2,1024,0.9370320732180956,0.0004852617786652934,0.9285787378493972,0.0006412531561803145,0.9667499999999999,0.0003061862178479089,3,9.125,3.6296633110000585,10441.48828125,{},9.125,26.95758948499997,10441.48828125,0.0,"{""max_descriptors"": 200000, ""pca_dim"": 64, ""spherical"": true}",9.125,15.4717016769996,10441.48828125
"p0_stl10_full|dinov2_s|soft|1024|knn=5,sigma_scale=0.25|2",p0_stl10_full,stl10_n_per_classNone_splittest,dinov2_s,8000,384,256.0,29.11412558799998,2,Tesla T4,soft,"knn=5,sigma_scale=0.25",1024,2,1024,0.9375658761590794,7.137937204149143e-05,0.9313877881846713,0.00024267765136428598,0.9681666666666667,0.00011785113019779728,3,9.125,6.433761703000073,10441.48828125,"{""knn"": 5, ""sigma_scale"": 0.25}",9.125,26.95758948499997,10441.48828125,0.0,"{""max_descriptors"": 200000, ""pca_dim"": 64, ""spherical"": true}",9.125,28.102077492999797,10441.48828125
p0_stl10_full|dense_sift|hard|64||0,p0_stl10_full,stl10_n_per_classNone_splittest,dense_sift,8000,128,729.0,1820.651826049,2,Tesla T4,hard,,64,0,64,0.23200159744681983,0.0010294372232955548,0.11143022077409352,0.0006978751168380303,0.26537499999999997,0.0010655593210453552,3,0.0,2.472746182999799,3987.58984375,{},0.0,2.3759148710000773,3987.58984375,0.0,"{""max_descriptors"": 200000, ""pca_dim"": null, ""spherical"": false}",0.0,12.905885477000083,3987.58984375
"p0_stl10_full|dense_sift|soft|64|knn=10,sigma_scale=0.25|0",p0_stl10_full,stl10_n_per_classNone_splittest,dense_sift,8000,128,729.0,1820.651826049,2,Tesla T4,soft,"knn=10,sigma_scale=0.25",64,0,64,0.23950564594473644,0.0016532938794798467,0.10612201792678029,0.0021824900945004947,0.2597083333333333,0.005469930428158013,3,0.0,2.394450022000001,3987.58984375,"{""knn"": 10, ""sigma_scale"": 0.25}",0.0,2.3759148710000773,3987.58984375,0.0,"{""max_descriptors"": 200000, ""pca_dim"": null, ""spherical"": false}",0.0,19.53110107500015,3987.58984375
p0_stl10_full|dense_sift|vlad|64||0,p0_stl10_full,stl10_n_per_classNone_splittest,dense_sift,8000,128,729.0,1820.651826049,2,Tesla T4,vlad,,64,0,8192,0.24269235212560006,0.00554385925385771,0.11823110031555674,0.0021763461913850497,0.2881666666666667,0.013087976882959743,3,0.0,12.134019523999996,4258.078125,{},0.0,2.3759148710000773,3987.58984375,0.0,"{""max_descriptors"": 200000, ""pca_dim"": null, ""spherical"": false}",0.0,24.417306526000175,4126.43359375
p0_stl10_full|dense_sift|hard|64||1,p0_stl10_full,stl10_n_per_classNone_splittest,dense_sift,8000,128,729.0,1820.651826049,2,Tesla T4,hard,,64,1,64,0.23180481336352346,0.0002802826651693329,0.10422474419662142,0.0002001498775133217,0.2635416666666667,0.0007240894665409583,3,0.0,1.7676467129999764,4258.078125,{},0.0,2.2687506350002877,4258.078125,0.0,"{""max_descriptors"": 200000, ""pca_dim"": null, ""spherical"": false}",0.0,11.121211654000035,4258.078125
"p0_stl10_full|dense_sift|soft|64|knn=10,sigma_scale=0.25|1",p0_stl10_full,stl10_n_per_classNone_splittest,dense_sift,8000,128,729.0,1820.651826049,2,Tesla T4,soft,"knn=10,sigma_scale=0.25",64,1,64,0.2415915224995674,0.0014315931022758678,0.10496938035596716,0.00020336650910185534,0.25945833333333335,0.0012679270045585693,3,0.0,2.6836395109999103,4258.078125,"{""knn"": 10, ""sigma_scale"": 0.25}",0.0,2.2687506350002877,4258.078125,0.0,"{""max_descriptors"": 200000, ""pca_dim"": null, ""spherical"": false}",0.0,16.82751415199982,4258.078125
p0_stl10_full|dense_sift|vlad|64||1,p0_stl10_full,stl10_n_per_classNone_splittest,dense_sift,8000,128,729.0,1820.651826049,2,Tesla T4,vlad,,64,1,8192,0.25011305880556994,0.004592366697645163,0.1338684991354798,0.00307328296271643,0.31620833333333337,0.004576130704232802,3,0.0,13.623475088000305,4258.21484375,{},0.0,2.2687506350002877,4258.078125,0.0,"{""max_descriptors"": 200000, ""pca_dim"": null, ""spherical"": false}",0.0,24.70075348499995,4258.078125
p0_stl10_full|dense_sift|hard|64||2,p0_stl10_full,stl10_n_per_classNone_splittest,dense_sift,8000,128,729.0,1820.651826049,2,Tesla T4,hard,,64,2,64,0.23814834099166468,0.0006419832454221746,0.11556315613896179,0.0006582459676495087,0.26337499999999997,0.0024000868039857786,3,0.0,2.033408783000141,4258.21484375,{},0.0,2.253799410999818,4258.21484375,0.0,"{""max_descriptors"": 200000, ""pca_dim"": null, ""spherical"": false}",0.0,11.492298226000003,4258.21484375
"p0_stl10_full|dense_sift|soft|64|knn=10,sigma_scale=0.25|2",p0_stl10_full,stl10_n_per_classNone_splittest,dense_sift,8000,128,729.0,1820.651826049,2,Tesla T4,soft,"knn=10,sigma_scale=0.25",64,2,64,0.24100023546294747,0.0012820719649069307,0.10879875208446865,0.0007341725449879092,0.2595,0.0020716338157760086,3,0.0,2.719934161999845,4258.21484375,"{""knn"": 10, ""sigma_scale"": 0.25}",0.0,2.253799410999818,4258.21484375,0.0,"{""max_descriptors"": 200000, ""pca_dim"": null, ""spherical"": false}",0.0,16.954637959000138,4258.21484375
p0_stl10_full|dense_sift|vlad|64||2,p0_stl10_full,stl10_n_per_classNone_splittest,dense_sift,8000,128,729.0,1820.651826049,2,Tesla T4,vlad,,64,2,8192,0.23866707837346998,0.0025026369973122835,0.11686026476273569,0.0009833784095952158,0.273,0.005307227776030224,3,0.0,13.308233718999873,4258.21484375,{},0.0,2.253799410999818,4258.21484375,0.0,"{""max_descriptors"": 200000, ""pca_dim"": null, ""spherical"": false}",0.0,25.479597985000055,4258.21484375
p0_stl10_full|dense_sift|hard|256||0,p0_stl10_full,stl10_n_per_classNone_splittest,dense_sift,8000,128,729.0,1820.651826049,2,Tesla T4,hard,,256,0,256,0.23829301641740563,0.000813637660975465,0.1091203570632383,0.00034160091192084825,0.270125,0.0009736101204623241,3,0.0,7.331026175999796,4258.21484375,{},0.0,11.697263504999682,4258.21484375,0.0,"{""max_descriptors"": 200000, ""pca_dim"": null, ""spherical"": false}",0.0,20.849049615999775,4258.21484375
"p0_stl10_full|dense_sift|soft|256|knn=10,sigma_scale=0.25|0",p0_stl10_full,stl10_n_per_classNone_splittest,dense_sift,8000,128,729.0,1820.651826049,2,Tesla T4,soft,"knn=10,sigma_scale=0.25",256,0,256,0.2423234981233663,0.00028997435353234774,0.10920736192046619,0.00010385849229205755,0.26625000000000004,0.000669265766842034,3,0.0,6.674483202999909,4258.21484375,"{""knn"": 10, ""sigma_scale"": 0.25}",0.0,11.697263504999682,4258.21484375,0.0,"{""max_descriptors"": 200000, ""pca_dim"": null, ""spherical"": false}",0.0,39.792722233000404,4258.21484375
p0_stl10_full|dense_sift|vlad|256||0,p0_stl10_full,stl10_n_per_classNone_splittest,dense_sift,8000,128,729.0,1820.651826049,2,Tesla T4,vlad,,256,0,32768,0.2681531466372203,0.0025150578721071237,0.13535309752904234,0.004735875570493555,0.29925,0.007020802423275176,3,0.0,26.535980353000014,5807.43359375,{},0.0,11.697263504999682,4258.21484375,0.0,"{""max_descriptors"": 200000, ""pca_dim"": null, ""spherical"": false}",0.0,40.123162200000024,5076.62890625
p0_stl10_full|dense_sift|hard|256||1,p0_stl10_full,stl10_n_per_classNone_splittest,dense_sift,8000,128,729.0,1820.651826049,2,Tesla T4,hard,,256,1,256,0.23622760635542764,4.9366004747308755e-05,0.10979501546913756,0.0003171490800039608,0.26716666666666666,0.0012346276991690719,3,0.0,4.424226728999656,5807.43359375,{},0.0,10.293284634999964,5807.43359375,0.0,"{""max_descriptors"": 200000, ""pca_dim"": null, ""spherical"": false}",0.0,21.724318159000177,5807.43359375
"p0_stl10_full|dense_sift|soft|256|knn=10,sigma_scale=0.25|1",p0_stl10_full,stl10_n_per_classNone_splittest,dense_sift,8000,128,729.0,1820.651826049,2,Tesla T4,soft,"knn=10,sigma_scale=0.25",256,1,256,0.2433845029442463,0.0005034260980329103,0.11020017948646312,0.00016207510794027504,0.2662083333333333,0.002026731084502542,3,0.0,4.107372467999994,5807.43359375,"{""knn"": 10, ""sigma_scale"": 0.25}",0.0,10.293284634999964,5807.43359375,0.0,"{""max_descriptors"": 200000, ""pca_dim"": null, ""spherical"": false}",0.0,39.887672769000346,5807.43359375
p0_stl10_full|dense_sift|vlad|256||1,p0_stl10_full,stl10_n_per_classNone_splittest,dense_sift,8000,128,729.0,1820.651826049,2,Tesla T4,vlad,,256,1,32768,0.26747882489435787,0.00827984477285254,0.13063004540379217,0.01298039638952889,0.3044166666666666,0.022291004663067313,3,0.0,28.81172943799993,5807.43359375,{},0.0,10.293284634999964,5807.43359375,0.0,"{""max_descriptors"": 200000, ""pca_dim"": null, ""spherical"": false}",0.0,39.07439437799985,5807.43359375
p0_stl10_full|dense_sift|hard|256||2,p0_stl10_full,stl10_n_per_classNone_splittest,dense_sift,8000,128,729.0,1820.651826049,2,Tesla T4,hard,,256,2,256,0.24233651484763585,0.0006332437719784409,0.11433203756170994,0.004295044715756612,0.27270833333333333,0.0015855247992033594,3,0.0,4.3446368669997355,5807.43359375,{},0.0,6.653098248999868,5807.43359375,0.0,"{""max_descriptors"": 200000, ""pca_dim"": null, ""spherical"": false}",0.0,21.795081113999913,5807.43359375
"p0_stl10_full|dense_sift|soft|256|knn=10,sigma_scale=0.25|2",p0_stl10_full,stl10_n_per_classNone_splittest,dense_sift,8000,128,729.0,1820.651826049,2,Tesla T4,soft,"knn=10,sigma_scale=0.25",256,2,256,0.24350848623132637,0.0003558936338992966,0.10932313991343258,0.0002678727054201859,0.2662083333333333,0.00025685058345705744,3,0.0,4.4907807340000545,5807.43359375,"{""knn"": 10, ""sigma_scale"": 0.25}",0.0,6.653098248999868,5807.43359375,0.0,"{""max_descriptors"": 200000, ""pca_dim"": null, ""spherical"": false}",0.0,40.02208416100029,5807.43359375
p0_stl10_full|dense_sift|vlad|256||2,p0_stl10_full,stl10_n_per_classNone_splittest,dense_sift,8000,128,729.0,1820.651826049,2,Tesla T4,vlad,,256,2,32768,0.28316814087223025,0.005970889526114971,0.14162399095361167,0.013982898138183153,0.30645833333333333,0.03402026561069478,3,0.0,29.58117782499994,5807.43359375,{},0.0,6.653098248999868,5807.43359375,0.0,"{""max_descriptors"": 200000, ""pca_dim"": null, ""spherical"": false}",0.0,39.029836841999895,5807.43359375
p0_stl10_full|dense_sift|hard|1024||0,p0_stl10_full,stl10_n_per_classNone_splittest,dense_sift,8000,128,729.0,1820.651826049,2,Tesla T4,hard,,1024,0,1024,0.26158188770048046,0.0005465884769876788,0.13227760621980234,0.0006288863538805255,0.2925,0.0007971302695712131,3,0.0,7.1886320530002195,5807.43359375,{},0.0,34.56575439800008,5807.43359375,0.0,"{""max_descriptors"": 200000, ""pca_dim"": null, ""spherical"": false}",0.0,59.12651627399964,5807.43359375
"p0_stl10_full|dense_sift|soft|1024|knn=10,sigma_scale=0.25|0",p0_stl10_full,stl10_n_per_classNone_splittest,dense_sift,8000,128,729.0,1820.651826049,2,Tesla T4,soft,"knn=10,sigma_scale=0.25",1024,0,1024,0.2509661960670384,0.0012904271401158165,0.11609979788266389,0.001028621495384207,0.27895833333333336,0.002662105474160546,3,0.0,7.140578762000132,5807.43359375,"{""knn"": 10, ""sigma_scale"": 0.25}",0.0,34.56575439800008,5807.43359375,0.0,"{""max_descriptors"": 200000, ""pca_dim"": null, ""spherical"": false}",0.0,106.11264653599983,5807.43359375
p0_stl10_full|dense_sift|hard|1024||1,p0_stl10_full,stl10_n_per_classNone_splittest,dense_sift,8000,128,729.0,1820.651826049,2,Tesla T4,hard,,1024,1,1024,0.254102964012018,0.0005370037394304098,0.12383306738276506,0.00038846465399599184,0.28354166666666664,0.00032808366141714855,3,0.0,7.730382754999937,5807.43359375,{},0.0,34.0787682590003,5807.43359375,0.0,"{""max_descriptors"": 200000, ""pca_dim"": null, ""spherical"": false}",0.0,58.62446082999986,5807.43359375
"p0_stl10_full|dense_sift|soft|1024|knn=10,sigma_scale=0.25|1",p0_stl10_full,stl10_n_per_classNone_splittest,dense_sift,8000,128,729.0,1820.651826049,2,Tesla T4,soft,"knn=10,sigma_scale=0.25",1024,1,1024,0.2482244423939426,7.367573205646359e-05,0.11424683373802309,0.000108321062441828,0.277375,0.0002700308624336568,3,0.0,5.938880163000249,5807.43359375,"{""knn"": 10, ""sigma_scale"": 0.25}",0.0,34.0787682590003,5807.43359375,0.0,"{""max_descriptors"": 200000, ""pca_dim"": null, ""spherical"": false}",0.0,101.14265151099971,5807.43359375
p0_stl10_full|dense_sift|hard|1024||2,p0_stl10_full,stl10_n_per_classNone_splittest,dense_sift,8000,128,729.0,1820.651826049,2,Tesla T4,hard,,1024,2,1024,0.25648550156961414,0.0022170544559585396,0.12199597149283375,0.005013586528618042,0.2850416666666667,0.0016966060892918574,3,0.0,5.255198834000112,5807.43359375,{},0.0,33.54272647000016,5807.43359375,0.0,"{""max_descriptors"": 200000, ""pca_dim"": null, ""spherical"": false}",0.0,58.88446043399972,5807.43359375
"p0_stl10_full|dense_sift|soft|1024|knn=10,sigma_scale=0.25|2",p0_stl10_full,stl10_n_per_classNone_splittest,dense_sift,8000,128,729.0,1820.651826049,2,Tesla T4,soft,"knn=10,sigma_scale=0.25",1024,2,1024,0.24934369273898818,0.0003485005127708298,0.11489962683174597,0.00019281366499958465,0.27654166666666663,0.0015953491432563948,3,0.0,7.667928486999699,5807.43359375,"{""knn"": 10, ""sigma_scale"": 0.25}",0.0,33.54272647000016,5807.43359375,0.0,"{""max_descriptors"": 200000, ""pca_dim"": null, ""spherical"": false}",0.0,100.18158262199995,5807.43359375
