run_id,config,dataset,extractor,n_images,desc_dim,desc_per_image,extract_seconds,n_cpu,assignment,variant,encode_params,k,vocab_seed,vocab_peak_gpu_mb,vocab_seconds,vocab_peak_rss_mb,empty_words,vocab_params,encode_peak_gpu_mb,encode_seconds,encode_peak_rss_mb,enc_dim,nmi,nmi_std,ari,ari_std,acc,acc_std,n_seeds,eval_peak_gpu_mb,eval_seconds,eval_peak_rss_mb
p0_tune_soft_stl10train|dinov2_s|hard|64||0,p0_tune_soft_stl10train,stl10_n_per_class200_splittrain,dinov2_s,2000,384,256.0,154.43364130600003,2,hard,,{},64,0,9.125,2.312310989000025,3756.94921875,0,"{""max_descriptors"": 200000, ""pca_dim"": 64, ""spherical"": true}",9.125,0.9242412759999752,3756.94921875,64,0.8579140790226553,0.004959253475785792,0.761917697588589,0.004896013299735654,0.8126666666666665,0.004478342947514779,3,9.125,0.35281460400005926,3756.94921875
"p0_tune_soft_stl10train|dinov2_s|soft|64|knn=3,sigma_scale=0.25|0",p0_tune_soft_stl10train,stl10_n_per_class200_splittrain,dinov2_s,2000,384,256.0,154.43364130600003,2,soft,"knn=3,sigma_scale=0.25","{""knn"": 3, ""sigma_scale"": 0.25}",64,0,9.125,2.312310989000025,3756.94921875,0,"{""max_descriptors"": 200000, ""pca_dim"": 64, ""spherical"": true}",9.125,1.4507667289999517,3756.94921875,64,0.8423179668073549,0.0008959343971326422,0.7524770951675523,0.018338945693827446,0.815,0.02192031021678297,3,9.125,0.36700790400004735,3756.94921875
"p0_tune_soft_stl10train|dinov2_s|soft|64|knn=3,sigma_scale=0.5|0",p0_tune_soft_stl10train,stl10_n_per_class200_splittrain,dinov2_s,2000,384,256.0,154.43364130600003,2,soft,"knn=3,sigma_scale=0.5","{""knn"": 3, ""sigma_scale"": 0.5}",64,0,9.125,2.312310989000025,3756.94921875,0,"{""max_descriptors"": 200000, ""pca_dim"": 64, ""spherical"": true}",9.125,1.4371572530000094,3756.94921875,64,0.8031457517740984,0.004751959624023246,0.6933298207186395,0.007241109712152925,0.7701666666666668,0.0033249895572100294,3,9.125,0.479717588000085,3756.94921875
"p0_tune_soft_stl10train|dinov2_s|soft|64|knn=3,sigma_scale=1.0|0",p0_tune_soft_stl10train,stl10_n_per_class200_splittrain,dinov2_s,2000,384,256.0,154.43364130600003,2,soft,"knn=3,sigma_scale=1.0","{""knn"": 3, ""sigma_scale"": 1.0}",64,0,9.125,2.312310989000025,3756.94921875,0,"{""max_descriptors"": 200000, ""pca_dim"": 64, ""spherical"": true}",9.125,1.8856377700000166,3756.94921875,64,0.7681438776070141,0.020589453923609318,0.6392034627290016,0.03276796627068676,0.7156666666666668,0.05280361940456564,3,9.125,0.6715420000000449,3756.94921875
"p0_tune_soft_stl10train|dinov2_s|soft|64|knn=3,sigma_scale=2.0|0",p0_tune_soft_stl10train,stl10_n_per_class200_splittrain,dinov2_s,2000,384,256.0,154.43364130600003,2,soft,"knn=3,sigma_scale=2.0","{""knn"": 3, ""sigma_scale"": 2.0}",64,0,9.125,2.312310989000025,3756.94921875,0,"{""max_descriptors"": 200000, ""pca_dim"": 64, ""spherical"": true}",9.125,3.1341572790000782,3756.94921875,64,0.7787222798811069,0.0011499926388487203,0.6581217665156015,0.0013453440946458151,0.7503333333333333,0.0006236095644622944,3,9.125,0.6659897519999731,3756.94921875
"p0_tune_soft_stl10train|dinov2_s|soft|64|knn=5,sigma_scale=0.25|0",p0_tune_soft_stl10train,stl10_n_per_class200_splittrain,dinov2_s,2000,384,256.0,154.43364130600003,2,soft,"knn=5,sigma_scale=0.25","{""knn"": 5, ""sigma_scale"": 0.25}",64,0,9.125,2.312310989000025,3756.94921875,0,"{""max_descriptors"": 200000, ""pca_dim"": 64, ""spherical"": true}",9.125,1.7489788489999682,3756.94921875,64,0.8391489271366753,0.0011811671733855283,0.7475376997897465,0.017068898722585112,0.8126666666666668,0.02074179891480536,3,9.125,0.3857912449999503,3756.94921875
"p0_tune_soft_stl10train|dinov2_s|soft|64|knn=5,sigma_scale=0.5|0",p0_tune_soft_stl10train,stl10_n_per_class200_splittrain,dinov2_s,2000,384,256.0,154.43364130600003,2,soft,"knn=5,sigma_scale=0.5","{""knn"": 5, ""sigma_scale"": 0.5}",64,0,9.125,2.312310989000025,3756.94921875,0,"{""max_descriptors"": 200000, ""pca_dim"": 64, ""spherical"": true}",9.125,1.4544610809999767,3756.94921875,64,0.7899416836041017,0.00036766484685603367,0.6801946006954952,0.0005632558282925125,0.765,0.0004082482904638634,3,9.125,0.38828051400003005,3756.94921875
"p0_tune_soft_stl10train|dinov2_s|soft|64|knn=5,sigma_scale=1.0|0",p0_tune_soft_stl10train,stl10_n_per_class200_splittrain,dinov2_s,2000,384,256.0,154.43364130600003,2,soft,"knn=5,sigma_scale=1.0","{""knn"": 5, ""sigma_scale"": 1.0}",64,0,9.125,2.312310989000025,3756.94921875,0,"{""max_descriptors"": 200000, ""pca_dim"": 64, ""spherical"": true}",9.125,1.5328836370000545,3756.94921875,64,0.7203244711289747,0.01100591226082899,0.5788266338481205,0.017269721508776387,0.6435,0.03318885355055221,3,9.125,0.38619021099998463,3756.94921875
"p0_tune_soft_stl10train|dinov2_s|soft|64|knn=5,sigma_scale=2.0|0",p0_tune_soft_stl10train,stl10_n_per_class200_splittrain,dinov2_s,2000,384,256.0,154.43364130600003,2,soft,"knn=5,sigma_scale=2.0","{""knn"": 5, ""sigma_scale"": 2.0}",64,0,9.125,2.312310989000025,3756.94921875,0,"{""max_descriptors"": 200000, ""pca_dim"": 64, ""spherical"": true}",9.125,1.5232062620000306,3756.94921875,64,0.7089945927063184,0.011629736383726936,0.5592333806579323,0.016505579890421576,0.6106666666666666,0.015739193823770703,3,9.125,0.38008200599995234,3756.94921875
"p0_tune_soft_stl10train|dinov2_s|soft|64|knn=10,sigma_scale=0.25|0",p0_tune_soft_stl10train,stl10_n_per_class200_splittrain,dinov2_s,2000,384,256.0,154.43364130600003,2,soft,"knn=10,sigma_scale=0.25","{""knn"": 10, ""sigma_scale"": 0.25}",64,0,9.125,2.312310989000025,3756.94921875,0,"{""max_descriptors"": 200000, ""pca_dim"": 64, ""spherical"": true}",9.125,1.6087698599999385,3756.94921875,64,0.8383864904838741,0.0020421116366959066,0.7458787709742466,0.015062117644377409,0.8130000000000001,0.0212171314429323,3,9.125,0.3609097869999687,3756.94921875
"p0_tune_soft_stl10train|dinov2_s|soft|64|knn=10,sigma_scale=0.5|0",p0_tune_soft_stl10train,stl10_n_per_class200_splittrain,dinov2_s,2000,384,256.0,154.43364130600003,2,soft,"knn=10,sigma_scale=0.5","{""knn"": 10, ""sigma_scale"": 0.5}",64,0,9.125,2.312310989000025,3756.94921875,0,"{""max_descriptors"": 200000, ""pca_dim"": 64, ""spherical"": true}",9.125,2.0471804719999227,3756.94921875,64,0.780701393569292,0.0011654468788464675,0.6649541232157089,0.0014833282914229334,0.7559999999999999,0.0014142135623730961,3,9.125,0.5738690480000059,3756.94921875
"p0_tune_soft_stl10train|dinov2_s|soft|64|knn=10,sigma_scale=1.0|0",p0_tune_soft_stl10train,stl10_n_per_class200_splittrain,dinov2_s,2000,384,256.0,154.43364130600003,2,soft,"knn=10,sigma_scale=1.0","{""knn"": 10, ""sigma_scale"": 1.0}",64,0,9.125,2.312310989000025,3756.94921875,0,"{""max_descriptors"": 200000, ""pca_dim"": 64, ""spherical"": true}",9.125,2.5359057130000338,3756.94921875,64,0.667031333218013,0.003632848544114871,0.49974426496626007,0.004415146634266648,0.5608333333333334,0.004189935029992182,3,9.125,0.6002242470000283,3756.94921875
"p0_tune_soft_stl10train|dinov2_s|soft|64|knn=10,sigma_scale=2.0|0",p0_tune_soft_stl10train,stl10_n_per_class200_splittrain,dinov2_s,2000,384,256.0,154.43364130600003,2,soft,"knn=10,sigma_scale=2.0","{""knn"": 10, ""sigma_scale"": 2.0}",64,0,9.125,2.312310989000025,3756.94921875,0,"{""max_descriptors"": 200000, ""pca_dim"": 64, ""spherical"": true}",9.125,1.72288804599998,3756.94921875,64,0.6457204247724039,0.0064028101069173934,0.47268533387077033,0.019931960161160802,0.5631666666666666,0.0075755454515756574,3,9.125,0.44023223499993946,3756.94921875
p0_tune_soft_stl10train|dinov2_s|hard|256||0,p0_tune_soft_stl10train,stl10_n_per_class200_splittrain,dinov2_s,2000,384,256.0,154.43364130600003,2,hard,,{},256,0,9.125,4.372529559999975,3756.94921875,0,"{""max_descriptors"": 200000, ""pca_dim"": 64, ""spherical"": true}",9.125,1.812234353000008,3756.94921875,256,0.9360815289483931,0.0010093942930376896,0.9285616225636435,0.0014936278012302737,0.967,0.0007071067811865219,3,9.125,0.9800645919999624,3756.94921875
"p0_tune_soft_stl10train|dinov2_s|soft|256|knn=3,sigma_scale=0.25|0",p0_tune_soft_stl10train,stl10_n_per_class200_splittrain,dinov2_s,2000,384,256.0,154.43364130600003,2,soft,"knn=3,sigma_scale=0.25","{""knn"": 3, ""sigma_scale"": 0.25}",256,0,9.125,4.372529559999975,3756.94921875,0,"{""max_descriptors"": 200000, ""pca_dim"": 64, ""spherical"": true}",9.125,4.391386049000062,3756.94921875,256,0.9019843098205881,0.02017024386112371,0.8449240973329767,0.05394537609259358,0.8741666666666666,0.06316820578599824,3,9.125,1.6571536650000098,3756.94921875
"p0_tune_soft_stl10train|dinov2_s|soft|256|knn=3,sigma_scale=0.5|0",p0_tune_soft_stl10train,stl10_n_per_class200_splittrain,dinov2_s,2000,384,256.0,154.43364130600003,2,soft,"knn=3,sigma_scale=0.5","{""knn"": 3, ""sigma_scale"": 0.5}",256,0,9.125,4.372529559999975,3756.94921875,0,"{""max_descriptors"": 200000, ""pca_dim"": 64, ""spherical"": true}",9.125,3.30994383999996,3756.94921875,256,0.8719746747204136,0.00025183727224533823,0.7892837495451447,0.00016809042496051458,0.8218333333333333,0.00023570226039548988,3,9.125,0.8595912879999332,3756.94921875
"p0_tune_soft_stl10train|dinov2_s|soft|256|knn=3,sigma_scale=1.0|0",p0_tune_soft_stl10train,stl10_n_per_class200_splittrain,dinov2_s,2000,384,256.0,154.43364130600003,2,soft,"knn=3,sigma_scale=1.0","{""knn"": 3, ""sigma_scale"": 1.0}",256,0,9.125,4.372529559999975,3756.94921875,0,"{""max_descriptors"": 200000, ""pca_dim"": 64, ""spherical"": true}",9.125,3.2959918069999503,3756.94921875,256,0.8708357281204376,0.001969867044788164,0.7989891605743908,0.017797700991457003,0.8393333333333333,0.025574509879087708,3,9.125,0.8085219860000734,3756.94921875
"p0_tune_soft_stl10train|dinov2_s|soft|256|knn=3,sigma_scale=2.0|0",p0_tune_soft_stl10train,stl10_n_per_class200_splittrain,dinov2_s,2000,384,256.0,154.43364130600003,2,soft,"knn=3,sigma_scale=2.0","{""knn"": 3, ""sigma_scale"": 2.0}",256,0,9.125,4.372529559999975,3756.94921875,0,"{""max_descriptors"": 200000, ""pca_dim"": 64, ""spherical"": true}",9.125,4.238292390999959,3756.94921875,256,0.8650846924649983,0.0017554954308259445,0.779175127179515,0.0034204557333989056,0.8184999999999999,0.0014142135623730961,3,9.125,2.0933848270000226,3756.94921875
"p0_tune_soft_stl10train|dinov2_s|soft|256|knn=5,sigma_scale=0.25|0",p0_tune_soft_stl10train,stl10_n_per_class200_splittrain,dinov2_s,2000,384,256.0,154.43364130600003,2,soft,"knn=5,sigma_scale=0.25","{""knn"": 5, ""sigma_scale"": 0.25}",256,0,9.125,4.372529559999975,3756.94921875,0,"{""max_descriptors"": 200000, ""pca_dim"": 64, ""spherical"": true}",9.125,3.3441582240000116,3756.94921875,256,0.9136465106515733,0.01973751736329869,0.8791129039972132,0.052399255514886216,0.9169999999999999,0.062225396744416184,3,9.125,0.9206096799999841,3756.94921875
"p0_tune_soft_stl10train|dinov2_s|soft|256|knn=5,sigma_scale=0.5|0",p0_tune_soft_stl10train,stl10_n_per_class200_splittrain,dinov2_s,2000,384,256.0,154.43364130600003,2,soft,"knn=5,sigma_scale=0.5","{""knn"": 5, ""sigma_scale"": 0.5}",256,0,9.125,4.372529559999975,3756.94921875,0,"{""max_descriptors"": 200000, ""pca_dim"": 64, ""spherical"": true}",9.125,3.3136320789999445,3756.94921875,256,0.8608674207692055,0.003065809226196507,0.7826598950869769,0.022007776195419982,0.8315,0.027230497608380214,3,9.125,1.0658966330000794,3756.94921875
"p0_tune_soft_stl10train|dinov2_s|soft|256|knn=5,sigma_scale=1.0|0",p0_tune_soft_stl10train,stl10_n_per_class200_splittrain,dinov2_s,2000,384,256.0,154.43364130600003,2,soft,"knn=5,sigma_scale=1.0","{""knn"": 5, ""sigma_scale"": 1.0}",256,0,9.125,4.372529559999975,3756.94921875,0,"{""max_descriptors"": 200000, ""pca_dim"": 64, ""spherical"": true}",9.125,4.58778241899995,3756.94921875,256,0.8397432740666239,4.65339962835418e-05,0.7499076144932936,0.016010858672924726,0.8158333333333333,0.022391714737574,3,9.125,1.6834465969999428,3756.94921875
"p0_tune_soft_stl10train|dinov2_s|soft|256|knn=5,sigma_scale=2.0|0",p0_tune_soft_stl10train,stl10_n_per_class200_splittrain,dinov2_s,2000,384,256.0,154.43364130600003,2,soft,"knn=5,sigma_scale=2.0","{""knn"": 5, ""sigma_scale"": 2.0}",256,0,9.125,4.372529559999975,3756.94921875,0,"{""max_descriptors"": 200000, ""pca_dim"": 64, ""spherical"": true}",9.125,3.357992711999941,3756.94921875,256,0.829045176382115,0.0011358848760811854,0.7271796744444675,0.001603744327384495,0.7928333333333333,0.0023921166824012485,3,9.125,0.8393946750001078,3756.94921875
"p0_tune_soft_stl10train|dinov2_s|soft|256|knn=10,sigma_scale=0.25|0",p0_tune_soft_stl10train,stl10_n_per_class200_splittrain,dinov2_s,2000,384,256.0,154.43364130600003,2,soft,"knn=10,sigma_scale=0.25","{""knn"": 10, ""sigma_scale"": 0.25}",256,0,9.125,4.372529559999975,3756.94921875,0,"{""max_descriptors"": 200000, ""pca_dim"": 64, ""spherical"": true}",9.125,3.535877037999967,3756.94921875,256,0.9093028861822244,0.01860125011245307,0.8716166701802482,0.04938017339940284,0.9135,0.05987626129499627,3,9.125,0.7809396320000133,3756.94921875
"p0_tune_soft_stl10train|dinov2_s|soft|256|knn=10,sigma_scale=0.5|0",p0_tune_soft_stl10train,stl10_n_per_class200_splittrain,dinov2_s,2000,384,256.0,154.43364130600003,2,soft,"knn=10,sigma_scale=0.5","{""knn"": 10, ""sigma_scale"": 0.5}",256,0,9.125,4.372529559999975,3756.94921875,0,"{""max_descriptors"": 200000, ""pca_dim"": 64, ""spherical"": true}",9.125,4.660638612000071,3756.94921875,256,0.8306368755728742,0.0024100510598932057,0.7327356850860968,0.004775806815650688,0.7916666666666666,0.0018856180831641283,3,9.125,1.552795332999949,3756.94921875
"p0_tune_soft_stl10train|dinov2_s|soft|256|knn=10,sigma_scale=1.0|0",p0_tune_soft_stl10train,stl10_n_per_class200_splittrain,dinov2_s,2000,384,256.0,154.43364130600003,2,soft,"knn=10,sigma_scale=1.0","{""knn"": 10, ""sigma_scale"": 1.0}",256,0,9.125,4.372529559999975,3756.94921875,0,"{""max_descriptors"": 200000, ""pca_dim"": 64, ""spherical"": true}",9.125,3.4999571360000346,3756.94921875,256,0.796769784305902,0.0018588549169827801,0.6810032638883673,0.002375819284808214,0.7638333333333334,0.001312334645668627,3,9.125,1.0910911429999715,3756.94921875
"p0_tune_soft_stl10train|dinov2_s|soft|256|knn=10,sigma_scale=2.0|0",p0_tune_soft_stl10train,stl10_n_per_class200_splittrain,dinov2_s,2000,384,256.0,154.43364130600003,2,soft,"knn=10,sigma_scale=2.0","{""knn"": 10, ""sigma_scale"": 2.0}",256,0,9.125,4.372529559999975,3756.94921875,0,"{""max_descriptors"": 200000, ""pca_dim"": 64, ""spherical"": true}",9.125,3.4413104610000573,3756.94921875,256,0.7921167861568983,0.0008645448172497748,0.674401331877843,0.0015242611463418066,0.7596666666666666,0.00047140452079103207,3,9.125,0.939236889999961,3756.94921875
p0_tune_soft_stl10train|dinov2_s|hard|1024||0,p0_tune_soft_stl10train,stl10_n_per_class200_splittrain,dinov2_s,2000,384,256.0,154.43364130600003,2,hard,,{},1024,0,9.125,26.88703625400001,3756.94921875,0,"{""max_descriptors"": 200000, ""pca_dim"": 64, ""spherical"": true}",9.125,4.683926177999979,3756.94921875,1024,0.9436442565239682,0.0006367106518135563,0.931367368027991,0.001183011917651434,0.9678333333333334,0.0006236095644623438,3,9.125,1.9259203080000589,3756.94921875
"p0_tune_soft_stl10train|dinov2_s|soft|1024|knn=3,sigma_scale=0.25|0",p0_tune_soft_stl10train,stl10_n_per_class200_splittrain,dinov2_s,2000,384,256.0,154.43364130600003,2,soft,"knn=3,sigma_scale=0.25","{""knn"": 3, ""sigma_scale"": 0.25}",1024,0,9.125,26.88703625400001,3756.94921875,0,"{""max_descriptors"": 200000, ""pca_dim"": 64, ""spherical"": true}",9.125,9.825562974999912,3756.94921875,1024,0.9382994458177136,1.4682931181011169e-05,0.9265350906531394,6.512431227973444e-05,0.9655,0.0,3,9.125,0.9251869060000217,3756.94921875
"p0_tune_soft_stl10train|dinov2_s|soft|1024|knn=3,sigma_scale=0.5|0",p0_tune_soft_stl10train,stl10_n_per_class200_splittrain,dinov2_s,2000,384,256.0,154.43364130600003,2,soft,"knn=3,sigma_scale=0.5","{""knn"": 3, ""sigma_scale"": 0.5}",1024,0,9.125,26.88703625400001,3756.94921875,0,"{""max_descriptors"": 200000, ""pca_dim"": 64, ""spherical"": true}",9.125,9.534395871000015,3756.94921875,1024,0.9379613050373804,0.001039634003982768,0.9271425818948337,0.0012643482621176887,0.9658333333333333,0.0006236095644623438,3,9.125,1.05226246299992,3756.94921875
"p0_tune_soft_stl10train|dinov2_s|soft|1024|knn=3,sigma_scale=1.0|0",p0_tune_soft_stl10train,stl10_n_per_class200_splittrain,dinov2_s,2000,384,256.0,154.43364130600003,2,soft,"knn=3,sigma_scale=1.0","{""knn"": 3, ""sigma_scale"": 1.0}",1024,0,9.125,26.88703625400001,3756.94921875,0,"{""max_descriptors"": 200000, ""pca_dim"": 64, ""spherical"": true}",9.125,9.282655285000033,3756.94921875,1024,0.9366418073066658,0.000765660315846799,0.9249211190594614,0.0005642159641593736,0.9648333333333333,0.00023570226039548988,3,9.125,1.7479386219999924,3756.94921875
"p0_tune_soft_stl10train|dinov2_s|soft|1024|knn=3,sigma_scale=2.0|0",p0_tune_soft_stl10train,stl10_n_per_class200_splittrain,dinov2_s,2000,384,256.0,154.43364130600003,2,soft,"knn=3,sigma_scale=2.0","{""knn"": 3, ""sigma_scale"": 2.0}",1024,0,9.125,26.88703625400001,3756.94921875,0,"{""max_descriptors"": 200000, ""pca_dim"": 64, ""spherical"": true}",9.125,8.390835065000033,3756.94921875,1024,0.9369434412962327,0.0003390854369287729,0.9249604293508092,0.0005086228169944596,0.9648333333333333,0.00023570226039548988,3,9.125,1.0742187850000846,3756.94921875
"p0_tune_soft_stl10train|dinov2_s|soft|1024|knn=5,sigma_scale=0.25|0",p0_tune_soft_stl10train,stl10_n_per_class200_splittrain,dinov2_s,2000,384,256.0,154.43364130600003,2,soft,"knn=5,sigma_scale=0.25","{""knn"": 5, ""sigma_scale"": 0.25}",1024,0,9.125,26.88703625400001,3756.94921875,0,"{""max_descriptors"": 200000, ""pca_dim"": 64, ""spherical"": true}",9.125,9.702891883000007,3756.94921875,1024,0.9368188804734775,0.0005491775325794935,0.925360480057616,5.465685506593101e-05,0.965,0.0,3,9.125,0.9301901839999118,3756.94921875
"p0_tune_soft_stl10train|dinov2_s|soft|1024|knn=5,sigma_scale=0.5|0",p0_tune_soft_stl10train,stl10_n_per_class200_splittrain,dinov2_s,2000,384,256.0,154.43364130600003,2,soft,"knn=5,sigma_scale=0.5","{""knn"": 5, ""sigma_scale"": 0.5}",1024,0,9.125,26.88703625400001,3756.94921875,0,"{""max_descriptors"": 200000, ""pca_dim"": 64, ""spherical"": true}",9.125,9.639067135000005,3756.94921875,1024,0.9290956731123904,0.000530301678098216,0.9164075726587672,0.000543076602368755,0.9608333333333333,0.00023570226039548988,3,9.125,1.0326023259999602,3756.94921875
"p0_tune_soft_stl10train|dinov2_s|soft|1024|knn=5,sigma_scale=1.0|0",p0_tune_soft_stl10train,stl10_n_per_class200_splittrain,dinov2_s,2000,384,256.0,154.43364130600003,2,soft,"knn=5,sigma_scale=1.0","{""knn"": 5, ""sigma_scale"": 1.0}",1024,0,9.125,26.88703625400001,3756.94921875,0,"{""max_descriptors"": 200000, ""pca_dim"": 64, ""spherical"": true}",9.125,8.492621493000001,3756.94921875,1024,0.8864073543872119,0.0004238282073339928,0.8069438502893069,0.0006398387032128724,0.8288333333333333,0.00023570226039548988,3,9.125,2.902363379999997,3756.94921875
"p0_tune_soft_stl10train|dinov2_s|soft|1024|knn=5,sigma_scale=2.0|0",p0_tune_soft_stl10train,stl10_n_per_class200_splittrain,dinov2_s,2000,384,256.0,154.43364130600003,2,soft,"knn=5,sigma_scale=2.0","{""knn"": 5, ""sigma_scale"": 2.0}",1024,0,9.125,26.88703625400001,3756.94921875,0,"{""max_descriptors"": 200000, ""pca_dim"": 64, ""spherical"": true}",9.125,8.908292340000003,3756.94921875,1024,0.9171820303391582,0.02101029454320304,0.8830593976168188,0.052908241283422454,0.9181666666666666,0.06273002116654794,3,9.125,1.1101266670000314,3756.94921875
"p0_tune_soft_stl10train|dinov2_s|soft|1024|knn=10,sigma_scale=0.25|0",p0_tune_soft_stl10train,stl10_n_per_class200_splittrain,dinov2_s,2000,384,256.0,154.43364130600003,2,soft,"knn=10,sigma_scale=0.25","{""knn"": 10, ""sigma_scale"": 0.25}",1024,0,9.125,26.88703625400001,3756.94921875,0,"{""max_descriptors"": 200000, ""pca_dim"": 64, ""spherical"": true}",9.125,9.757720446000008,3756.94921875,1024,0.9361607548059853,0.0009183540633286817,0.9249691007828537,0.0004602101819232358,0.9648333333333333,0.00023570226039548988,3,9.125,0.9632179180000549,3756.94921875
"p0_tune_soft_stl10train|dinov2_s|soft|1024|knn=10,sigma_scale=0.5|0",p0_tune_soft_stl10train,stl10_n_per_class200_splittrain,dinov2_s,2000,384,256.0,154.43364130600003,2,soft,"knn=10,sigma_scale=0.5","{""knn"": 10, ""sigma_scale"": 0.5}",1024,0,9.125,26.88703625400001,3756.94921875,0,"{""max_descriptors"": 200000, ""pca_dim"": 64, ""spherical"": true}",9.125,9.470516198000041,3756.94921875,1024,0.880314681475948,0.0005749458767643427,0.7998759057623683,0.0008902122068875831,0.8256666666666667,0.00023570226039548988,3,9.125,1.4739098610000383,3756.94921875
"p0_tune_soft_stl10train|dinov2_s|soft|1024|knn=10,sigma_scale=1.0|0",p0_tune_soft_stl10train,stl10_n_per_class200_splittrain,dinov2_s,2000,384,256.0,154.43364130600003,2,soft,"knn=10,sigma_scale=1.0","{""knn"": 10, ""sigma_scale"": 1.0}",1024,0,9.125,26.88703625400001,3756.94921875,0,"{""max_descriptors"": 200000, ""pca_dim"": 64, ""spherical"": true}",9.125,8.540488550000077,3756.94921875,1024,0.8769558259169866,0.0032697588514275146,0.8070496167325385,0.02044357881284461,0.8421666666666666,0.02746007202385959,3,9.125,1.3385496370000283,3756.94921875
"p0_tune_soft_stl10train|dinov2_s|soft|1024|knn=10,sigma_scale=2.0|0",p0_tune_soft_stl10train,stl10_n_per_class200_splittrain,dinov2_s,2000,384,256.0,154.43364130600003,2,soft,"knn=10,sigma_scale=2.0","{""knn"": 10, ""sigma_scale"": 2.0}",1024,0,9.125,26.88703625400001,3756.94921875,0,"{""max_descriptors"": 200000, ""pca_dim"": 64, ""spherical"": true}",9.125,9.667573657999924,3756.94921875,1024,0.8706681881838986,0.0003524660338106533,0.788723144172596,0.0005128269851081434,0.8211666666666666,0.00023570226039554222,3,9.125,1.3153569799999332,3756.94921875
p0_tune_soft_stl10train|dense_sift|hard|64||0,p0_tune_soft_stl10train,stl10_n_per_class200_splittrain,dense_sift,2000,128,729.0,457.382465217,2,hard,,{},64,0,9.125,5.561518718000116,4473.796875,0,"{""max_descriptors"": 200000, ""pca_dim"": null, ""spherical"": false}",9.125,1.4959192369999528,4473.796875,64,0.2418151544510968,0.001637839566496667,0.10678770584893754,0.0006534113277843896,0.2723333333333333,0.003793268892247018,3,9.125,0.5355919080000149,4473.796875
"p0_tune_soft_stl10train|dense_sift|soft|64|knn=3,sigma_scale=0.25|0",p0_tune_soft_stl10train,stl10_n_per_class200_splittrain,dense_sift,2000,128,729.0,457.382465217,2,soft,"knn=3,sigma_scale=0.25","{""knn"": 3, ""sigma_scale"": 0.25}",64,0,9.125,5.561518718000116,4473.796875,0,"{""max_descriptors"": 200000, ""pca_dim"": null, ""spherical"": false}",9.125,2.665962375999925,4473.796875,64,0.24007197723690668,0.002531298969057426,0.10444363898028648,0.002259539095381316,0.262,0.0061779176642835516,3,9.125,0.6076109069999802,4473.796875
"p0_tune_soft_stl10train|dense_sift|soft|64|knn=3,sigma_scale=0.5|0",p0_tune_soft_stl10train,stl10_n_per_class200_splittrain,dense_sift,2000,128,729.0,457.382465217,2,soft,"knn=3,sigma_scale=0.5","{""knn"": 3, ""sigma_scale"": 0.5}",64,0,9.125,5.561518718000116,4473.796875,0,"{""max_descriptors"": 200000, ""pca_dim"": null, ""spherical"": false}",9.125,3.0608623430000534,4473.796875,64,0.24312015176158389,0.0011388333674330793,0.10432450186458864,0.0008837514775796143,0.26216666666666666,0.003965125751123444,3,9.125,0.627423348000093,4473.796875
"p0_tune_soft_stl10train|dense_sift|soft|64|knn=3,sigma_scale=1.0|0",p0_tune_soft_stl10train,stl10_n_per_class200_splittrain,dense_sift,2000,128,729.0,457.382465217,2,soft,"knn=3,sigma_scale=1.0","{""knn"": 3, ""sigma_scale"": 1.0}",64,0,9.125,5.561518718000116,4473.796875,0,"{""max_descriptors"": 200000, ""pca_dim"": null, ""spherical"": false}",9.125,4.337909942999886,4473.796875,64,0.24361046748205042,0.0013545600674763577,0.10341700769765418,0.0008388505691657065,0.25533333333333336,0.0030641293851417085,3,9.125,0.6773180849997971,4473.796875
"p0_tune_soft_stl10train|dense_sift|soft|64|knn=3,sigma_scale=2.0|0",p0_tune_soft_stl10train,stl10_n_per_class200_splittrain,dense_sift,2000,128,729.0,457.382465217,2,soft,"knn=3,sigma_scale=2.0","{""knn"": 3, ""sigma_scale"": 2.0}",64,0,9.125,5.561518718000116,4473.796875,0,"{""max_descriptors"": 200000, ""pca_dim"": null, ""spherical"": false}",9.125,3.0818535119999524,4473.796875,64,0.24198041891394007,0.0023941259321594776,0.10465095191882996,0.0010575541866325372,0.26499999999999996,0.004143267631552022,3,9.125,0.48650159900012113,4473.796875
"p0_tune_soft_stl10train|dense_sift|soft|64|knn=5,sigma_scale=0.25|0",p0_tune_soft_stl10train,stl10_n_per_class200_splittrain,dense_sift,2000,128,729.0,457.382465217,2,soft,"knn=5,sigma_scale=0.25","{""knn"": 5, ""sigma_scale"": 0.25}",64,0,9.125,5.561518718000116,4473.796875,0,"{""max_descriptors"": 200000, ""pca_dim"": null, ""spherical"": false}",9.125,2.7177568170000086,4473.796875,64,0.2437295986056701,0.0011119487064789435,0.10375409729843442,0.0006824543443773444,0.26183333333333336,0.003324989557210004,3,9.125,0.5161952070000098,4473.796875
"p0_tune_soft_stl10train|dense_sift|soft|64|knn=5,sigma_scale=0.5|0",p0_tune_soft_stl10train,stl10_n_per_class200_splittrain,dense_sift,2000,128,729.0,457.382465217,2,soft,"knn=5,sigma_scale=0.5","{""knn"": 5, ""sigma_scale"": 0.5}",64,0,9.125,5.561518718000116,4473.796875,0,"{""max_descriptors"": 200000, ""pca_dim"": null, ""spherical"": false}",9.125,2.7177614509998875,4473.796875,64,0.24513115833069066,0.00022140893729155327,0.10264970268387356,0.000434821467748144,0.2535,0.0010801234497346444,3,9.125,0.5492611740000939,4473.796875
"p0_tune_soft_stl10train|dense_sift|soft|64|knn=5,sigma_scale=1.0|0",p0_tune_soft_stl10train,stl10_n_per_class200_splittrain,dense_sift,2000,128,729.0,457.382465217,2,soft,"knn=5,sigma_scale=1.0","{""knn"": 5, ""sigma_scale"": 1.0}",64,0,9.125,5.561518718000116,4473.796875,0,"{""max_descriptors"": 200000, ""pca_dim"": null, ""spherical"": false}",9.125,3.8451286019999316,4473.796875,64,0.24228677830632436,0.0016958738821605678,0.10146088479455322,0.0009265855727391282,0.2518333333333333,0.0013123346456686365,3,9.125,0.6899546779998218,4473.796875
"p0_tune_soft_stl10train|dense_sift|soft|64|knn=5,sigma_scale=2.0|0",p0_tune_soft_stl10train,stl10_n_per_class200_splittrain,dense_sift,2000,128,729.0,457.382465217,2,soft,"knn=5,sigma_scale=2.0","{""knn"": 5, ""sigma_scale"": 2.0}",64,0,9.125,5.561518718000116,4473.796875,0,"{""max_descriptors"": 200000, ""pca_dim"": null, ""spherical"": false}",9.125,3.4277786999998625,4473.796875,64,0.24045861907755475,0.00778248378859922,0.10151516805520346,0.003074189849578994,0.2508333333333333,0.003171049598406744,3,9.125,0.47606743699998333,4473.796875
"p0_tune_soft_stl10train|dense_sift|soft|64|knn=10,sigma_scale=0.25|0",p0_tune_soft_stl10train,stl10_n_per_class200_splittrain,dense_sift,2000,128,729.0,457.382465217,2,soft,"knn=10,sigma_scale=0.25","{""knn"": 10, ""sigma_scale"": 0.25}",64,0,9.125,5.561518718000116,4473.796875,0,"{""max_descriptors"": 200000, ""pca_dim"": null, ""spherical"": false}",9.125,3.087891789999958,4473.796875,64,0.24689411259626584,0.0024339970337501813,0.10418452945182355,0.001364063911469687,0.25616666666666665,0.004784233364802446,3,9.125,0.4951165620000211,4473.796875
"p0_tune_soft_stl10train|dense_sift|soft|64|knn=10,sigma_scale=0.5|0",p0_tune_soft_stl10train,stl10_n_per_class200_splittrain,dense_sift,2000,128,729.0,457.382465217,2,soft,"knn=10,sigma_scale=0.5","{""knn"": 10, ""sigma_scale"": 0.5}",64,0,9.125,5.561518718000116,4473.796875,0,"{""max_descriptors"": 200000, ""pca_dim"": null, ""spherical"": false}",9.125,3.1172258419999253,4473.796875,64,0.2445226821631565,0.0005180730807806963,0.10173408952221696,0.0006897519000971805,0.2505,0.002549509756796395,3,9.125,0.5162625590000971,4473.796875
"p0_tune_soft_stl10train|dense_sift|soft|64|knn=10,sigma_scale=1.0|0",p0_tune_soft_stl10train,stl10_n_per_class200_splittrain,dense_sift,2000,128,729.0,457.382465217,2,soft,"knn=10,sigma_scale=1.0","{""knn"": 10, ""sigma_scale"": 1.0}",64,0,9.125,5.561518718000116,4473.796875,0,"{""max_descriptors"": 200000, ""pca_dim"": null, ""spherical"": false}",9.125,4.431990154999994,4473.796875,64,0.24511826403522527,0.007503301365684116,0.10174235292298212,0.0015921360458337217,0.24916666666666668,0.0009428090415820641,3,9.125,0.739020440999866,4473.796875
"p0_tune_soft_stl10train|dense_sift|soft|64|knn=10,sigma_scale=2.0|0",p0_tune_soft_stl10train,stl10_n_per_class200_splittrain,dense_sift,2000,128,729.0,457.382465217,2,soft,"knn=10,sigma_scale=2.0","{""knn"": 10, ""sigma_scale"": 2.0}",64,0,9.125,5.561518718000116,4473.796875,0,"{""max_descriptors"": 200000, ""pca_dim"": null, ""spherical"": false}",9.125,3.269777447000024,4473.796875,64,0.2403883340317038,0.0030170308861897015,0.10080905897693763,0.001118892339630639,0.24983333333333332,0.005169354139756946,3,9.125,0.4889719979998972,4473.796875
p0_tune_soft_stl10train|dense_sift|hard|256||0,p0_tune_soft_stl10train,stl10_n_per_class200_splittrain,dense_sift,2000,128,729.0,457.382465217,2,hard,,{},256,0,9.125,6.755607211000097,4473.796875,0,"{""max_descriptors"": 200000, ""pca_dim"": null, ""spherical"": false}",9.125,5.886162887999944,4473.796875,256,0.24165403498874424,0.002324535167804412,0.10856067208461094,0.0018751263382339436,0.2765,0.003240370349203933,3,9.125,1.2219700969999394,4473.796875
"p0_tune_soft_stl10train|dense_sift|soft|256|knn=3,sigma_scale=0.25|0",p0_tune_soft_stl10train,stl10_n_per_class200_splittrain,dense_sift,2000,128,729.0,457.382465217,2,soft,"knn=3,sigma_scale=0.25","{""knn"": 3, ""sigma_scale"": 0.25}",256,0,9.125,6.755607211000097,4473.796875,0,"{""max_descriptors"": 200000, ""pca_dim"": null, ""spherical"": false}",9.125,8.70127582400005,4473.796875,256,0.24459709693897166,0.0013248472411116268,0.10835337813950413,0.0006116403127945135,0.27116666666666667,0.0037932688922470174,3,9.125,2.8509008779999476,4473.796875
"p0_tune_soft_stl10train|dense_sift|soft|256|knn=3,sigma_scale=0.5|0",p0_tune_soft_stl10train,stl10_n_per_class200_splittrain,dense_sift,2000,128,729.0,457.382465217,2,soft,"knn=3,sigma_scale=0.5","{""knn"": 3, ""sigma_scale"": 0.5}",256,0,9.125,6.755607211000097,4473.796875,0,"{""max_descriptors"": 200000, ""pca_dim"": null, ""spherical"": false}",9.125,8.708279716000106,4473.796875,256,0.2437076881097653,0.0018651954577405027,0.10876008943169631,0.0009241326619641229,0.27299999999999996,0.003488074922742728,3,9.125,1.3042360990000361,4473.796875
"p0_tune_soft_stl10train|dense_sift|soft|256|knn=3,sigma_scale=1.0|0",p0_tune_soft_stl10train,stl10_n_per_class200_splittrain,dense_sift,2000,128,729.0,457.382465217,2,soft,"knn=3,sigma_scale=1.0","{""knn"": 3, ""sigma_scale"": 1.0}",256,0,9.125,6.755607211000097,4473.796875,0,"{""max_descriptors"": 200000, ""pca_dim"": null, ""spherical"": false}",9.125,9.829968534000045,4473.796875,256,0.2440000832370658,0.0018253393496601453,0.10999051220679353,0.000842048028675647,0.2738333333333334,0.0022484562605386755,3,9.125,1.2123836179998762,4473.796875
"p0_tune_soft_stl10train|dense_sift|soft|256|knn=3,sigma_scale=2.0|0",p0_tune_soft_stl10train,stl10_n_per_class200_splittrain,dense_sift,2000,128,729.0,457.382465217,2,soft,"knn=3,sigma_scale=2.0","{""knn"": 3, ""sigma_scale"": 2.0}",256,0,9.125,6.755607211000097,4473.796875,0,"{""max_descriptors"": 200000, ""pca_dim"": null, ""spherical"": false}",9.125,9.949539774999948,4473.796875,256,0.245421098474635,0.0009777883247920607,0.11026073009423289,0.00020441659424166547,0.27666666666666667,0.0020548046676563273,3,9.125,1.1015157420001742,4473.796875
"p0_tune_soft_stl10train|dense_sift|soft|256|knn=5,sigma_scale=0.25|0",p0_tune_soft_stl10train,stl10_n_per_class200_splittrain,dense_sift,2000,128,729.0,457.382465217,2,soft,"knn=5,sigma_scale=0.25","{""knn"": 5, ""sigma_scale"": 0.25}",256,0,9.125,6.755607211000097,4473.796875,0,"{""max_descriptors"": 200000, ""pca_dim"": null, ""spherical"": false}",9.125,8.445042307000222,4473.796875,256,0.2448715662533112,0.0006428541899581091,0.10902703891648347,0.00030429065725386795,0.27466666666666667,0.0020548046676563273,3,9.125,2.4366075210000417,4473.796875
"p0_tune_soft_stl10train|dense_sift|soft|256|knn=5,sigma_scale=0.5|0",p0_tune_soft_stl10train,stl10_n_per_class200_splittrain,dense_sift,2000,128,729.0,457.382465217,2,soft,"knn=5,sigma_scale=0.5","{""knn"": 5, ""sigma_scale"": 0.5}",256,0,9.125,6.755607211000097,4473.796875,0,"{""max_descriptors"": 200000, ""pca_dim"": null, ""spherical"": false}",9.125,9.469689881000022,4473.796875,256,0.245942619017859,0.002603865130463435,0.1099700823211896,0.0002741486267001376,0.27366666666666667,0.0012472191289246482,3,9.125,1.3304891560001124,4473.796875
"p0_tune_soft_stl10train|dense_sift|soft|256|knn=5,sigma_scale=1.0|0",p0_tune_soft_stl10train,stl10_n_per_class200_splittrain,dense_sift,2000,128,729.0,457.382465217,2,soft,"knn=5,sigma_scale=1.0","{""knn"": 5, ""sigma_scale"": 1.0}",256,0,9.125,6.755607211000097,4473.796875,0,"{""max_descriptors"": 200000, ""pca_dim"": null, ""spherical"": false}",9.125,10.093897711999944,4473.796875,256,0.2439761231488455,0.002299041174079601,0.10889450856550033,0.0005925348826489057,0.27266666666666667,0.0015456030825826187,3,9.125,1.1743763960000706,4473.796875
"p0_tune_soft_stl10train|dense_sift|soft|256|knn=5,sigma_scale=2.0|0",p0_tune_soft_stl10train,stl10_n_per_class200_splittrain,dense_sift,2000,128,729.0,457.382465217,2,soft,"knn=5,sigma_scale=2.0","{""knn"": 5, ""sigma_scale"": 2.0}",256,0,9.125,6.755607211000097,4473.796875,0,"{""max_descriptors"": 200000, ""pca_dim"": null, ""spherical"": false}",9.125,9.499921636999943,4473.796875,256,0.24384281602316507,0.0017103548954230047,0.10915800838205651,0.001332006882098784,0.2708333333333333,0.002624669291337273,3,9.125,2.042784607000158,4473.796875
"p0_tune_soft_stl10train|dense_sift|soft|256|knn=10,sigma_scale=0.25|0",p0_tune_soft_stl10train,stl10_n_per_class200_splittrain,dense_sift,2000,128,729.0,457.382465217,2,soft,"knn=10,sigma_scale=0.25","{""knn"": 10, ""sigma_scale"": 0.25}",256,0,9.125,6.755607211000097,4473.796875,0,"{""max_descriptors"": 200000, ""pca_dim"": null, ""spherical"": false}",9.125,8.73424242200008,4473.796875,256,0.24755657647517904,0.0007161188376996842,0.10971178320686954,0.00028210338977415703,0.2685,0.0007071067811865483,3,9.125,1.7494830739999543,4473.796875
"p0_tune_soft_stl10train|dense_sift|soft|256|knn=10,sigma_scale=0.5|0",p0_tune_soft_stl10train,stl10_n_per_class200_splittrain,dense_sift,2000,128,729.0,457.382465217,2,soft,"knn=10,sigma_scale=0.5","{""knn"": 10, ""sigma_scale"": 0.5}",256,0,9.125,6.755607211000097,4473.796875,0,"{""max_descriptors"": 200000, ""pca_dim"": null, ""spherical"": false}",9.125,10.167238043999987,4473.796875,256,0.24852755276574814,0.0024650009360211384,0.10965137787393021,0.0010582785411603565,0.26533333333333337,0.0012472191289246482,3,9.125,1.147633598000084,4473.796875
"p0_tune_soft_stl10train|dense_sift|soft|256|knn=10,sigma_scale=1.0|0",p0_tune_soft_stl10train,stl10_n_per_class200_splittrain,dense_sift,2000,128,729.0,457.382465217,2,soft,"knn=10,sigma_scale=1.0","{""knn"": 10, ""sigma_scale"": 1.0}",256,0,9.125,6.755607211000097,4473.796875,0,"{""max_descriptors"": 200000, ""pca_dim"": null, ""spherical"": false}",9.125,10.34567061100006,4473.796875,256,0.24722513072856445,0.0012356320552211922,0.10639465648697792,0.0013255344277768545,0.2615,0.0043204937989385775,3,9.125,1.2443299589999697,4473.796875
"p0_tune_soft_stl10train|dense_sift|soft|256|knn=10,sigma_scale=2.0|0",p0_tune_soft_stl10train,stl10_n_per_class200_splittrain,dense_sift,2000,128,729.0,457.382465217,2,soft,"knn=10,sigma_scale=2.0","{""knn"": 10, ""sigma_scale"": 2.0}",256,0,9.125,6.755607211000097,4473.796875,0,"{""max_descriptors"": 200000, ""pca_dim"": null, ""spherical"": false}",9.125,9.93203580699992,4473.796875,256,0.24616539987099875,0.000979395932377007,0.1063118634299271,0.0021020750485642717,0.26666666666666666,0.004326918328582394,3,9.125,1.9316218470000877,4473.796875
p0_tune_soft_stl10train|dense_sift|hard|1024||0,p0_tune_soft_stl10train,stl10_n_per_class200_splittrain,dense_sift,2000,128,729.0,457.382465217,2,hard,,{},1024,0,9.125,34.28252240699999,4473.796875,0,"{""max_descriptors"": 200000, ""pca_dim"": null, ""spherical"": false}",9.125,14.468252669000094,4473.796875,1024,0.25696189009908904,0.0015788524617373764,0.11810001636892231,0.0023930388112946652,0.2813333333333334,0.004988876515698569,3,9.125,1.3769140529998367,4473.796875
"p0_tune_soft_stl10train|dense_sift|soft|1024|knn=3,sigma_scale=0.25|0",p0_tune_soft_stl10train,stl10_n_per_class200_splittrain,dense_sift,2000,128,729.0,457.382465217,2,soft,"knn=3,sigma_scale=0.25","{""knn"": 3, ""sigma_scale"": 0.25}",1024,0,9.125,34.28252240699999,4473.796875,0,"{""max_descriptors"": 200000, ""pca_dim"": null, ""spherical"": false}",9.125,26.858653253000057,4473.796875,1024,0.25304010882344496,0.003060554847787421,0.11032505046124802,0.003102299821655715,0.274,0.006164414002968982,3,9.125,1.4251089570000204,4473.796875
"p0_tune_soft_stl10train|dense_sift|soft|1024|knn=3,sigma_scale=0.5|0",p0_tune_soft_stl10train,stl10_n_per_class200_splittrain,dense_sift,2000,128,729.0,457.382465217,2,soft,"knn=3,sigma_scale=0.5","{""knn"": 3, ""sigma_scale"": 0.5}",1024,0,9.125,34.28252240699999,4473.796875,0,"{""max_descriptors"": 200000, ""pca_dim"": null, ""spherical"": false}",9.125,26.440276110000013,4473.796875,1024,0.24906435111013334,0.002289045875178873,0.10915592919235206,0.001461461591630908,0.27899999999999997,0.004143267631551996,3,9.125,1.4557751400000143,4473.796875
"p0_tune_soft_stl10train|dense_sift|soft|1024|knn=3,sigma_scale=1.0|0",p0_tune_soft_stl10train,stl10_n_per_class200_splittrain,dense_sift,2000,128,729.0,457.382465217,2,soft,"knn=3,sigma_scale=1.0","{""knn"": 3, ""sigma_scale"": 1.0}",1024,0,9.125,34.28252240699999,4473.796875,0,"{""max_descriptors"": 200000, ""pca_dim"": null, ""spherical"": false}",9.125,25.98623082900008,4473.796875,1024,0.25146653957614723,0.0007807840112356956,0.109403066992792,0.000752530500046424,0.2781666666666667,0.002094967514996091,3,9.125,1.5708542129998477,4473.796875
"p0_tune_soft_stl10train|dense_sift|soft|1024|knn=3,sigma_scale=2.0|0",p0_tune_soft_stl10train,stl10_n_per_class200_splittrain,dense_sift,2000,128,729.0,457.382465217,2,soft,"knn=3,sigma_scale=2.0","{""knn"": 3, ""sigma_scale"": 2.0}",1024,0,9.125,34.28252240699999,4473.796875,0,"{""max_descriptors"": 200000, ""pca_dim"": null, ""spherical"": false}",9.125,26.12150003900001,4473.796875,1024,0.25140304031748534,0.0007263626615267127,0.1095033165937589,0.0007307352860715547,0.2786666666666667,0.0020138409955990713,3,9.125,3.028020630000128,4473.796875
"p0_tune_soft_stl10train|dense_sift|soft|1024|knn=5,sigma_scale=0.25|0",p0_tune_soft_stl10train,stl10_n_per_class200_splittrain,dense_sift,2000,128,729.0,457.382465217,2,soft,"knn=5,sigma_scale=0.25","{""knn"": 5, ""sigma_scale"": 0.25}",1024,0,9.125,34.28252240699999,4473.796875,0,"{""max_descriptors"": 200000, ""pca_dim"": null, ""spherical"": false}",9.125,26.21180366800013,4473.796875,1024,0.2559110909717251,0.0014975818320205382,0.11583603294578954,0.004292307947880222,0.2805,0.0012247448713915675,3,9.125,3.6632624769999893,4473.796875
"p0_tune_soft_stl10train|dense_sift|soft|1024|knn=5,sigma_scale=0.5|0",p0_tune_soft_stl10train,stl10_n_per_class200_splittrain,dense_sift,2000,128,729.0,457.382465217,2,soft,"knn=5,sigma_scale=0.5","{""knn"": 5, ""sigma_scale"": 0.5}",1024,0,9.125,34.28252240699999,4473.796875,0,"{""max_descriptors"": 200000, ""pca_dim"": null, ""spherical"": false}",9.125,26.036052892000043,4473.796875,1024,0.25253674622217454,0.002594398354242133,0.11006590084042772,0.0015244639508068928,0.2753333333333334,0.0015456030825826187,3,9.125,2.7526928889999454,4473.796875
"p0_tune_soft_stl10train|dense_sift|soft|1024|knn=5,sigma_scale=1.0|0",p0_tune_soft_stl10train,stl10_n_per_class200_splittrain,dense_sift,2000,128,729.0,457.382465217,2,soft,"knn=5,sigma_scale=1.0","{""knn"": 5, ""sigma_scale"": 1.0}",1024,0,9.125,34.28252240699999,4473.796875,0,"{""max_descriptors"": 200000, ""pca_dim"": null, ""spherical"": false}",9.125,25.76110914700007,4473.796875,1024,0.2514211445947749,0.0038699551331094805,0.11474917070203079,0.0053575744327904705,0.2770000000000001,0.0017795130420052202,3,9.125,3.4321088699998654,4473.796875
"p0_tune_soft_stl10train|dense_sift|soft|1024|knn=5,sigma_scale=2.0|0",p0_tune_soft_stl10train,stl10_n_per_class200_splittrain,dense_sift,2000,128,729.0,457.382465217,2,soft,"knn=5,sigma_scale=2.0","{""knn"": 5, ""sigma_scale"": 2.0}",1024,0,9.125,34.28252240699999,4473.796875,0,"{""max_descriptors"": 200000, ""pca_dim"": null, ""spherical"": false}",9.125,25.887125650999906,4473.796875,1024,0.2498754113730055,0.00340913026221377,0.11067031255045474,0.001932243374302006,0.2775,0.0014719601443879758,3,9.125,1.9561235730000135,4473.796875
"p0_tune_soft_stl10train|dense_sift|soft|1024|knn=10,sigma_scale=0.25|0",p0_tune_soft_stl10train,stl10_n_per_class200_splittrain,dense_sift,2000,128,729.0,457.382465217,2,soft,"knn=10,sigma_scale=0.25","{""knn"": 10, ""sigma_scale"": 0.25}",1024,0,9.125,34.28252240699999,4473.796875,0,"{""max_descriptors"": 200000, ""pca_dim"": null, ""spherical"": false}",9.125,26.31783281800017,4473.796875,1024,0.2558765225837096,0.0027309970486406538,0.11303274054048923,0.002347516915690785,0.2781666666666667,0.0013123346456686365,3,9.125,1.2305248500001653,4473.796875
"p0_tune_soft_stl10train|dense_sift|soft|1024|knn=10,sigma_scale=0.5|0",p0_tune_soft_stl10train,stl10_n_per_class200_splittrain,dense_sift,2000,128,729.0,457.382465217,2,soft,"knn=10,sigma_scale=0.5","{""knn"": 10, ""sigma_scale"": 0.5}",1024,0,9.125,34.28252240699999,4473.796875,0,"{""max_descriptors"": 200000, ""pca_dim"": null, ""spherical"": false}",9.125,26.280060746000117,4473.796875,1024,0.250845573305094,0.002959176307449676,0.11209918208404163,0.00048494396339468173,0.2781666666666667,0.002953340857778228,3,9.125,1.398604473999967,4473.796875
"p0_tune_soft_stl10train|dense_sift|soft|1024|knn=10,sigma_scale=1.0|0",p0_tune_soft_stl10train,stl10_n_per_class200_splittrain,dense_sift,2000,128,729.0,457.382465217,2,soft,"knn=10,sigma_scale=1.0","{""knn"": 10, ""sigma_scale"": 1.0}",1024,0,9.125,34.28252240699999,4473.796875,0,"{""max_descriptors"": 200000, ""pca_dim"": null, ""spherical"": false}",9.125,26.959465287000057,4473.796875,1024,0.24709587319145,0.0020124431211777935,0.10959469849734588,0.0006112784438134941,0.2735,0.002273030282830978,3,9.125,1.3064036509999823,4473.796875
"p0_tune_soft_stl10train|dense_sift|soft|1024|knn=10,sigma_scale=2.0|0",p0_tune_soft_stl10train,stl10_n_per_class200_splittrain,dense_sift,2000,128,729.0,457.382465217,2,soft,"knn=10,sigma_scale=2.0","{""knn"": 10, ""sigma_scale"": 2.0}",1024,0,9.125,34.28252240699999,4473.796875,0,"{""max_descriptors"": 200000, ""pca_dim"": null, ""spherical"": false}",9.125,26.67799243699983,4473.796875,1024,0.24909884832032214,0.003506807707720521,0.11101663532546648,0.001191521471980191,0.2755,0.0010801234497346444,3,9.125,1.2547930919999999,4473.796875
