comparison,dataset,k,metric,n_categories,mean_diff,ci_low,ci_high,wins,ties,losses,p_sign,p_wilcoxon
codebook_dist - coreset_knn,MVTec AD,64,image_auroc,15,-0.0005628899365082374,-0.028905031234988995,0.032853511986219455,5,1,9,0.4239501953125,0.4703377962613965
codebook_dist - coreset_knn,MVTec AD,64,image_auroc_top10,15,0.01711987148568015,-0.0017188643300788753,0.04493869725952786,8,3,4,0.3876953125,0.1960509634811064
codebook_dist - coreset_knn,MVTec AD,64,pixel_auroc,15,0.03983867956464706,0.018030663304559946,0.06596144680824648,15,0,0,6.103515625e-05,6.103515625e-05
codebook_dist - coreset_knn,MVTec AD,64,aupro,15,0.08191822264828731,0.04865139433896232,0.12463044295953421,15,0,0,6.103515625e-05,6.103515625e-05
codebook_dist - coreset_knn,MVTec AD,256,image_auroc,15,-0.008031491521603363,-0.017819271607962997,-0.0008906333624476453,2,2,11,0.0224609375,0.015653550837455003
codebook_dist - coreset_knn,MVTec AD,256,image_auroc_top10,15,0.0017205932674628777,-0.001522024386412582,0.0059571936192820835,6,6,3,0.5078125,0.15485982528200376
codebook_dist - coreset_knn,MVTec AD,256,pixel_auroc,15,0.0174269328328287,0.008458118898425857,0.0285116660484004,14,1,0,0.0001220703125,6.103515625e-05
codebook_dist - coreset_knn,MVTec AD,256,aupro,15,0.03914922426201051,0.02477447894962996,0.05749537840031569,15,0,0,6.103515625e-05,6.103515625e-05
codebook_dist - coreset_knn,MVTec AD,1024,image_auroc,15,-0.007313096373242371,-0.018007522563257092,0.0015319764216210304,2,5,8,0.109375,0.08437944259396049
codebook_dist - coreset_knn,MVTec AD,1024,image_auroc_top10,15,-0.00017095688169101267,-0.005419157142625943,0.005950825440241178,2,8,5,0.453125,0.3742593192802244
codebook_dist - coreset_knn,MVTec AD,1024,pixel_auroc,15,0.006653472727974475,0.002644208051217265,0.01182222228977731,12,3,0,0.00048828125,6.103515625e-05
codebook_dist - coreset_knn,MVTec AD,1024,aupro,15,0.019498556451892565,0.010016173893386115,0.031414029799239226,14,0,1,0.0009765625,0.0001220703125
codebook_dist - coreset_knn,VisA,64,image_auroc,12,0.08597477081041438,0.046898124770810436,0.12948637720022002,11,0,1,0.00634765625,0.00244140625
codebook_dist - coreset_knn,VisA,64,image_auroc_top10,12,0.08254379354602126,0.0557516302255225,0.11699759236340301,12,0,0,0.00048828125,0.00048828125
codebook_dist - coreset_knn,VisA,64,pixel_auroc,12,0.10127857718906146,0.0634250479376375,0.1426764158968181,12,0,0,0.00048828125,0.00048828125
codebook_dist - coreset_knn,VisA,64,aupro,12,0.27269096215150673,0.21018614405001876,0.3403266267333167,12,0,0,0.00048828125,0.00048828125
codebook_dist - coreset_knn,VisA,256,image_auroc,12,0.008832563256325634,-0.02125003300330033,0.03618161578657867,6,1,5,1.0,0.5185546875
codebook_dist - coreset_knn,VisA,256,image_auroc_top10,12,0.012216822515584877,-0.006814057343234375,0.030521982948294796,6,2,4,0.75390625,0.30126953125
codebook_dist - coreset_knn,VisA,256,pixel_auroc,12,0.04976363865742123,0.028860654079680914,0.07193898474336709,12,0,0,0.00048828125,0.00048828125
codebook_dist - coreset_knn,VisA,256,aupro,12,0.16609726924436666,0.12527375740854654,0.20940339014063675,12,0,0,0.00048828125,0.00048828125
codebook_dist - coreset_knn,VisA,1024,image_auroc,12,-0.011262092042537586,-0.027687525440044,0.003396597222222245,6,0,6,1.0,0.5693359375
codebook_dist - coreset_knn,VisA,1024,image_auroc_top10,12,-0.008155473047304712,-0.023281731298129785,0.004274348184818481,5,1,6,1.0,0.7333984375
codebook_dist - coreset_knn,VisA,1024,pixel_auroc,12,0.023849696218660427,0.011194820900286036,0.03839243254429972,10,2,0,0.001953125,0.00048828125
codebook_dist - coreset_knn,VisA,1024,aupro,12,0.07852965924641461,0.05440127515968816,0.10615218999163184,12,0,0,0.00048828125,0.00048828125
codebook_dist - coreset_knn,3CAD,64,image_auroc,8,0.14231386920178757,0.09947451709087536,0.18644694721437832,8,0,0,0.0078125,0.0078125
codebook_dist - coreset_knn,3CAD,64,image_auroc_top10,8,0.1307288080656009,0.09776824859389315,0.16632288226379957,8,0,0,0.0078125,0.0078125
codebook_dist - coreset_knn,3CAD,64,pixel_auroc,8,0.13437434543305482,0.10282268368711533,0.16502741050449907,8,0,0,0.0078125,0.0078125
codebook_dist - coreset_knn,3CAD,64,aupro,8,0.33160928753646535,0.2660931044107688,0.39806408859649484,8,0,0,0.0078125,0.0078125
codebook_dist - coreset_knn,3CAD,256,image_auroc,8,0.07681233134803249,0.05710102070656918,0.09736444748172982,8,0,0,0.0078125,0.0078125
codebook_dist - coreset_knn,3CAD,256,image_auroc_top10,8,0.07291711394791993,0.05723816742203751,0.08893489948675391,8,0,0,0.0078125,0.0078125
codebook_dist - coreset_knn,3CAD,256,pixel_auroc,8,0.09191999411832537,0.07532938085579399,0.10737206366113593,8,0,0,0.0078125,0.0078125
codebook_dist - coreset_knn,3CAD,256,aupro,8,0.24186005998800883,0.20270509673735781,0.2747984314747301,8,0,0,0.0078125,0.0078125
codebook_dist - coreset_knn,3CAD,1024,image_auroc,8,0.02832443382986688,0.008001524189054886,0.04940320229973903,6,1,1,0.125,0.0390625
codebook_dist - coreset_knn,3CAD,1024,image_auroc_top10,8,0.030837797854204402,0.014996907009427393,0.047028495853479846,8,0,0,0.0078125,0.0078125
codebook_dist - coreset_knn,3CAD,1024,pixel_auroc,8,0.05361851793340598,0.03713371439252478,0.0721353342265863,8,0,0,0.0078125,0.0078125
codebook_dist - coreset_knn,3CAD,1024,aupro,8,0.13988141045229863,0.11721340156756703,0.16031390260199965,8,0,0,0.0078125,0.0078125
codebook_dist - coreset_knn,pooled,64,image_auroc,35,0.06176471012261855,0.0332487435913745,0.09166288314404583,24,1,10,0.024306510109454393,0.0005711696882788491
codebook_dist - coreset_knn,pooled,64,image_auroc_top10,35,0.06551868741035043,0.04368729576892479,0.08894090628684068,28,3,4,1.9301194697618484e-05,7.609322951173988e-06
codebook_dist - coreset_knn,pooled,64,pixel_auroc,35,0.08251193952008233,0.060356400686198755,0.10528535328543863,35,0,0,5.820766091346741e-11,5.820766091346741e-11
codebook_dist - coreset_knn,pooled,64,aupro,35,0.20439826245240325,0.15743302833889597,0.2529976013565197,35,0,0,5.820766091346741e-11,5.820766091346741e-11
codebook_dist - coreset_knn,pooled,256,image_auroc,35,0.017143343915317633,0.0009474649074839925,0.03300420786022449,16,3,16,1.0,0.17957121297860323
codebook_dist - coreset_knn,pooled,256,image_auroc_top10,35,0.02159279087949489,0.009840295455238422,0.033600848423458216,20,8,7,0.0191572904586792,0.002715157715298371
codebook_dist - coreset_knn,pooled,256,pixel_auroc,35,0.04554078883794537,0.03235106645026707,0.05928646218863213,34,1,0,1.1641532182693481e-10,5.820766091346741e-11
codebook_dist - coreset_knn,pooled,256,aupro,35,0.1290081735647608,0.09676104960134445,0.1624137197693338,35,0,0,5.820766091346741e-11,5.820766091346741e-11
codebook_dist - coreset_knn,pooled,1024,image_auroc,35,-0.0005213165562900444,-0.010190887676817629,0.009499341225289785,14,6,15,1.0,0.9552646777013545
codebook_dist - coreset_knn,pooled,1024,image_auroc_top10,35,0.004179210086874671,-0.00387183981093804,0.012381701299013033,15,9,11,0.557197093963623,0.29430458645671864
codebook_dist - coreset_knn,pooled,1024,pixel_auroc,35,0.023284188257451145,0.01475852666721502,0.03261792158772931,30,5,0,1.862645149230957e-09,5.820766091346741e-11
codebook_dist - coreset_knn,pooled,1024,aupro,35,0.06725387261010722,0.04827605421162983,0.08695410278449399,34,0,1,2.0954757928848267e-09,1.1641532182693481e-10
hybrid_w75 - codebook_dist,MVTec AD,256,image_auroc,15,0.0070337465952954835,0.0006977601315041217,0.015505058192024255,10,3,2,0.03857421875,0.025842854459788903
hybrid_w75 - codebook_dist,MVTec AD,256,image_auroc_top10,15,0.0020629222737577947,-0.0006320195299969236,0.005706616017633753,4,9,2,0.6875,0.20262160771231197
hybrid_w75 - codebook_dist,MVTec AD,256,pixel_auroc,15,-0.0013703386647433572,-0.0026758939639033685,-0.00040334632556818787,0,10,5,0.0625,0.01507568359375
hybrid_w75 - codebook_dist,MVTec AD,256,aupro,15,-0.005480162566265771,-0.008399204171387882,-0.0031989109400736805,0,0,15,6.103515625e-05,6.103515625e-05
hybrid_w75 - codebook_dist,MVTec AD,1024,image_auroc,15,0.007744399138977021,0.00013782403052301206,0.017558853212237543,8,6,1,0.0390625,0.0280561241492436
hybrid_w75 - codebook_dist,MVTec AD,1024,image_auroc_top10,15,0.0008143140386706641,-0.0019386382803359599,0.004226095128822969,3,9,3,1.0,0.9527650219907529
hybrid_w75 - codebook_dist,MVTec AD,1024,pixel_auroc,15,-0.0005597423724917006,-0.0008217296020016534,-0.0002872099099777788,0,12,3,0.25,0.00262451171875
hybrid_w75 - codebook_dist,MVTec AD,1024,aupro,15,-0.003992263873391037,-0.0053934903768302666,-0.0027503220309643395,0,1,14,0.0001220703125,6.103515625e-05
hybrid_w75 - codebook_dist,VisA,256,image_auroc,12,0.01939014484781808,-0.0017528430968096647,0.04324210304363764,7,0,5,0.7744140625,0.2333984375
hybrid_w75 - codebook_dist,VisA,256,image_auroc_top10,12,0.005788448844884479,-0.0039984069031903284,0.01729865786578657,6,1,5,1.0,0.6376953125
hybrid_w75 - codebook_dist,VisA,256,pixel_auroc,12,-0.0025830735896345456,-0.0043212284735502605,-0.001043986912832244,0,6,6,0.03125,0.0048828125
hybrid_w75 - codebook_dist,VisA,256,aupro,12,-0.016240643580219954,-0.02362899284500372,-0.009703952634906194,0,0,12,0.00048828125,0.00048828125
hybrid_w75 - codebook_dist,VisA,1024,image_auroc,12,0.013250935093509358,-0.0006086805555555768,0.027743915704070456,7,1,4,0.548828125,0.17626953125
hybrid_w75 - codebook_dist,VisA,1024,image_auroc_top10,12,0.0023839108910890805,-0.006460037128712873,0.012021599284928484,4,2,6,0.75390625,1.0
hybrid_w75 - codebook_dist,VisA,1024,pixel_auroc,12,-0.0011094950983645084,-0.0020365461918507204,-0.0003359486014369151,0,7,5,0.0625,0.0341796875
hybrid_w75 - codebook_dist,VisA,1024,aupro,12,-0.011321039948158104,-0.015629395953348633,-0.0071574774426353465,0,0,12,0.00048828125,0.00048828125
hybrid_w75 - codebook_dist,3CAD,256,image_auroc,8,-0.004372577956806678,-0.018030637708120953,0.0070094569998230905,5,0,3,0.7265625,0.9453125
hybrid_w75 - codebook_dist,3CAD,256,image_auroc_top10,8,-0.005599873820435211,-0.014128190732505454,0.0020969353516336886,2,0,6,0.2890625,0.3125
hybrid_w75 - codebook_dist,3CAD,256,pixel_auroc,8,-0.0025632775552411474,-0.004956510117377559,-0.00048716021813424644,1,3,4,0.375,0.078125
hybrid_w75 - codebook_dist,3CAD,256,aupro,8,-0.015442420020061666,-0.02707627109653392,-0.005447867181017563,0,0,8,0.0078125,0.0078125
hybrid_w75 - codebook_dist,3CAD,1024,image_auroc,8,0.003247175496671653,-0.004035215262710453,0.010371290410558558,4,2,2,0.6875,0.3828125
hybrid_w75 - codebook_dist,3CAD,1024,image_auroc_top10,8,0.0007657717207066039,-0.004578069920310392,0.005834381268543009,3,2,3,1.0,1.0
hybrid_w75 - codebook_dist,3CAD,1024,pixel_auroc,8,-0.0021209609331124257,-0.003964967468100905,-0.0005476621352939085,0,4,4,0.125,0.0546875
hybrid_w75 - codebook_dist,3CAD,1024,aupro,8,-0.012586795363166786,-0.0190313123866663,-0.0053926023151004004,1,1,6,0.125,0.0234375
hybrid_w75 - codebook_dist,pooled,256,image_auroc,35,0.008663066098537023,-9.818627340205292e-05,0.018445230963485583,22,3,10,0.050102459732443094,0.08576018349792652
hybrid_w75 - codebook_dist,pooled,256,image_auroc_top10,35,0.0015887494194713992,-0.0026686568140356737,0.006429878514279699,12,10,13,1.0,0.9053327102078165
hybrid_w75 - codebook_dist,pooled,256,pixel_auroc,35,-0.002058805242534117,-0.003034443446686957,-0.0011871375474508943,1,19,15,0.000518798828125,1.3152486644685268e-05
hybrid_w75 - codebook_dist,pooled,256,aupro,35,-0.011446557760489124,-0.015658994343814358,-0.007635787863279218,0,0,35,5.820766091346741e-11,5.820766091346741e-11
hybrid_w75 - codebook_dist,pooled,1024,image_auroc,35,0.008604417490861167,0.002303849836876257,0.015444004841599053,19,9,7,0.028959274291992188,0.015858179886411118
hybrid_w75 - codebook_dist,pooled,1024,image_auroc_top10,35,0.0013413661439651932,-0.002208335044827436,0.005163738924364322,10,13,12,0.8318119049072266,0.991373758871327
hybrid_w75 - codebook_dist,pooled,1024,pixel_auroc,35,-0.0011050789780756862,-0.0016707693050535986,-0.0005952207025968356,0,23,12,0.00048828125,1.3152486644685268e-05
hybrid_w75 - codebook_dist,pooled,1024,aupro,35,-0.00846945143954563,-0.011065355483560102,-0.005940309784196349,1,2,32,7.916241884231567e-09,6.402842700481415e-09
hybrid_w75 - coreset_knn,MVTec AD,256,image_auroc,15,-0.000997744926307879,-0.005239704767465993,0.0037559310644077037,4,6,5,1.0,0.7298909084206947
hybrid_w75 - coreset_knn,MVTec AD,256,image_auroc_top10,15,0.0037835155412206723,6.98059929832659e-05,0.009400342300178324,6,8,1,0.125,0.09260069782067576
hybrid_w75 - coreset_knn,MVTec AD,256,pixel_auroc,15,0.016056594168085345,0.007655516996617973,0.026601218991034167,14,1,0,0.0001220703125,6.103515625e-05
hybrid_w75 - coreset_knn,MVTec AD,256,aupro,15,0.03366906169574473,0.01968152487434754,0.05246005109065698,15,0,0,6.103515625e-05,6.103515625e-05
hybrid_w75 - coreset_knn,MVTec AD,1024,image_auroc,15,0.00043130276573464984,-0.004124369890698274,0.006803048833866489,3,6,6,0.5078125,0.272095182736126
hybrid_w75 - coreset_knn,MVTec AD,1024,image_auroc_top10,15,0.0006433571569796515,-0.002196099982203014,0.004946335391746725,2,8,5,0.453125,0.3139380937749148
hybrid_w75 - coreset_knn,MVTec AD,1024,pixel_auroc,15,0.006093730355482774,0.002158537132057373,0.011173091336768554,10,5,0,0.001953125,0.00018310546875
hybrid_w75 - coreset_knn,MVTec AD,1024,aupro,15,0.015506292578501528,0.006515371272380249,0.027158544992212267,14,0,1,0.0009765625,0.0008544921875
hybrid_w75 - coreset_knn,VisA,256,image_auroc,12,0.028222708104143717,0.013558438531353113,0.04212518793546019,10,0,2,0.03857421875,0.0068359375
hybrid_w75 - coreset_knn,VisA,256,image_auroc_top10,12,0.018005271360469356,0.001578634259259259,0.03429583791712499,9,0,3,0.14599609375,0.0771484375
hybrid_w75 - coreset_knn,VisA,256,pixel_auroc,12,0.04718056506778668,0.027744910627079795,0.06808168765839528,12,0,0,0.00048828125,0.00048828125
hybrid_w75 - coreset_knn,VisA,256,aupro,12,0.14985662566414673,0.11097668177592936,0.19259263062787288,12,0,0,0.00048828125,0.00048828125
hybrid_w75 - coreset_knn,VisA,1024,image_auroc,12,0.0019888430509717725,-0.0038286308214154604,0.008031007517418432,4,2,6,0.75390625,0.90966796875
hybrid_w75 - coreset_knn,VisA,1024,image_auroc_top10,12,-0.005771562156215632,-0.015263498349834965,0.0015283285203519874,4,1,7,0.548828125,0.20361328125
hybrid_w75 - coreset_knn,VisA,1024,pixel_auroc,12,0.022740201120295917,0.010762355594504606,0.036595527227987854,11,1,0,0.0009765625,0.00048828125
hybrid_w75 - coreset_knn,VisA,1024,aupro,12,0.06720861929825651,0.04374107674566638,0.09470285987038815,12,0,0,0.00048828125,0.00048828125
hybrid_w75 - coreset_knn,3CAD,256,image_auroc,8,0.06715394429383081,0.04451098988101185,0.08980461975272915,8,0,0,0.0078125,0.0078125
hybrid_w75 - coreset_knn,3CAD,256,image_auroc_top10,8,0.06320583103041365,0.04326375002676926,0.08379115533504815,8,0,0,0.0078125,0.0078125
hybrid_w75 - coreset_knn,3CAD,256,pixel_auroc,8,0.08946704140740425,0.07384451273477194,0.10364219131960961,8,0,0,0.0078125,0.0078125
hybrid_w75 - coreset_knn,3CAD,256,aupro,8,0.2176504109518665,0.1804611944380599,0.24924046335638372,8,0,0,0.0078125,0.0078125
hybrid_w75 - coreset_knn,3CAD,1024,image_auroc,8,0.03023905420856232,0.014867917736498907,0.04661263424354929,8,0,0,0.0078125,0.0078125
hybrid_w75 - coreset_knn,3CAD,1024,image_auroc_top10,8,0.029625309116343868,0.013679418202168198,0.0452319425138107,8,0,0,0.0078125,0.0078125
hybrid_w75 - coreset_knn,3CAD,1024,pixel_auroc,8,0.052275458015518514,0.03739222745528708,0.0696056553903349,8,0,0,0.0078125,0.0078125
hybrid_w75 - coreset_knn,3CAD,1024,aupro,8,0.1291647298474498,0.10411992858363252,0.15456996832011446,8,0,0,0.0078125,0.0078125
hybrid_w75 - coreset_knn,pooled,256,image_auroc,35,0.024598225077307228,0.013816664929439459,0.036556956917108,22,6,7,0.008130058646202087,0.0005711696882788491
hybrid_w75 - coreset_knn,pooled,256,image_auroc_top10,35,0.022241789648207187,0.011927604650072319,0.03323387825353548,23,8,4,0.000310748815536499,0.00026134309226671514
hybrid_w75 - coreset_knn,pooled,256,pixel_auroc,35,0.04350720070268441,0.030778741746787498,0.05661220375617868,34,1,0,1.1641532182693481e-10,5.820766091346741e-11
hybrid_w75 - coreset_knn,pooled,256,aupro,35,0.11555767774345321,0.08578569590017325,0.1463824515338682,35,0,0,5.820766091346741e-11,5.820766091346741e-11
hybrid_w75 - coreset_knn,pooled,1024,image_auroc,35,0.007778516907605131,0.001828447118735761,0.014580875076302733,15,8,12,0.7011080384254456,0.11624980613968175
hybrid_w75 - coreset_knn,pooled,1024,image_auroc_top10,35,0.005068402411738804,-0.0012955278506898164,0.01188486146977813,14,9,12,0.8450189828872681,0.3811715864506616
hybrid_w75 - coreset_knn,pooled,1024,pixel_auroc,35,0.022356915225712592,0.014145948969130299,0.03132975420715148,29,6,0,3.725290298461914e-09,1.7462298274040222e-10
hybrid_w75 - coreset_knn,pooled,1024,aupro,35,0.05921187597246285,0.041057511475827556,0.07847893585062278,34,0,1,2.0954757928848267e-09,8.149072527885437e-10
